timestamp,open,high,low,close,volume
2025-08-03T00:00:00+00:00,158.481,159.785,156.304,159.69,20307.4881
2025-08-03T01:00:00+00:00,159.663,160.213,159.162,159.606,13658.6143
2025-08-03T02:00:00+00:00,159.548,160.738,159.521,160.6,9994.11430684
2025-08-03T03:00:00+00:00,160.573,161.054,160.4,160.852,7029.8971
2025-08-03T04:00:00+00:00,160.855,160.927,160.01,160.424,8132.2793
2025-08-03T05:00:00+00:00,160.431,160.939,160.162,160.35,9130.6911
2025-08-03T06:00:00+00:00,160.351,160.792,160.049,160.569,5646.1271
2025-08-03T07:00:00+00:00,160.569,161.615,160.569,161.372,18938.8937
2025-08-03T08:00:00+00:00,161.379,161.775,160.868,161.403,11148.2794
2025-08-03T09:00:00+00:00,161.402,161.521,160.697,161.171,7097.5661
2025-08-03T10:00:00+00:00,161.171,161.798,161.141,161.668,6929.1839
2025-08-03T11:00:00+00:00,161.653,162.904,161.435,161.471,11456.23217969
2025-08-03T12:00:00+00:00,161.452,162.226,160.909,161.806,10917.1367
2025-08-03T13:00:00+00:00,161.807,162.346,160.665,161.355,13683.6144927
2025-08-03T14:00:00+00:00,161.356,161.6,160.383,161.339,17238.4703
2025-08-03T15:00:00+00:00,161.34,162.275,160.785,162.103,12673.423
2025-08-03T16:00:00+00:00,162.102,162.317,161.131,162.175,14612.0674
2025-08-03T17:00:00+00:00,162.188,162.739,161.753,162.188,14587.6451
2025-08-03T18:00:00+00:00,162.188,162.235,161.33,161.98,10722.7464
2025-08-03T19:00:00+00:00,162.006,162.708,161.41,161.649,14690.8199
2025-08-03T20:00:00+00:00,161.649,161.751,160.622,161.462,19415.9274
2025-08-03T21:00:00+00:00,161.46,162.198,161.241,162.05,8258.6223
2025-08-03T22:00:00+00:00,162.03,162.426,160.977,161.91,11154.5203
2025-08-03T23:00:00+00:00,161.905,163.12,161.641,161.946,16887.583
2025-08-04T00:00:00+00:00,161.975,164.639,161.439,164.526,23406.021
2025-08-04T01:00:00+00:00,164.55,164.963,163.143,163.323,18901.487
2025-08-04T02:00:00+00:00,163.324,164.33,162.608,164.31,11233.9616
2025-08-04T03:00:00+00:00,164.33,164.386,162.868,163.014,7731.1708
2025-08-04T04:00:00+00:00,162.994,163.418,162.228,162.317,9767.83289565
2025-08-04T05:00:00+00:00,162.323,162.426,161.519,162.249,12397.4256
2025-08-04T06:00:00+00:00,162.242,162.443,161.296,162.25,16760.8316
2025-08-04T07:00:00+00:00,162.214,163.297,162.064,163.04,15715.6343
2025-08-04T08:00:00+00:00,163.053,164.059,162.675,163.748,16212.0069
2025-08-04T09:00:00+00:00,163.757,164.06,162.457,162.482,9022.90613403
2025-08-04T10:00:00+00:00,162.475,163.005,162.153,162.397,9007.4982
2025-08-04T11:00:00+00:00,162.357,162.576,161.666,162.38,9931.4937
2025-08-04T12:00:00+00:00,162.381,163.674,162.149,163.674,12242.4078
2025-08-04T13:00:00+00:00,163.676,165.793,163.21,165.471,35319.9559
2025-08-04T14:00:00+00:00,165.471,166.909,164.539,165.036,55687.252
2025-08-04T15:00:00+00:00,165.052,166.014,164.566,165.5,21561.4857
2025-08-04T16:00:00+00:00,165.493,168.17,165.482,168.022,27054.9406
2025-08-04T17:00:00+00:00,168.067,169.797,167.638,167.86,35726.6368
2025-08-04T18:00:00+00:00,167.781,168.138,166.452,166.663,17602.89688209
2025-08-04T19:00:00+00:00,166.652,166.652,165.032,165.66,16009.06559732
2025-08-04T20:00:00+00:00,165.642,168.426,165.32,167.295,21070.3056
2025-08-04T21:00:00+00:00,167.277,168.793,167.277,168.524,16878.5244
2025-08-04T22:00:00+00:00,168.524,169.539,168.254,169.492,18684.084
2025-08-04T23:00:00+00:00,169.47,169.765,168.958,169.562,16595.37888281
2025-08-05T00:00:00+00:00,169.639,169.741,168.594,169.276,14845.31789321
2025-08-05T01:00:00+00:00,169.304,169.96,168.166,168.195,12627.4216
2025-08-05T02:00:00+00:00,168.22,169.43,167.971,169.415,9865.171
2025-08-05T03:00:00+00:00,169.41,169.415,167.589,167.915,11939.439
2025-08-05T04:00:00+00:00,167.902,168.464,167.23,167.48,12469.86042919
2025-08-05T05:00:00+00:00,167.471,168.563,167.421,168.426,8600.16374427
2025-08-05T06:00:00+00:00,168.418,169.255,167.346,167.715,13887.6549
2025-08-05T07:00:00+00:00,167.717,168.512,165.804,166.222,20223.26729508
2025-08-05T08:00:00+00:00,166.2,167.226,165.675,166.843,13653.11363201
2025-08-05T09:00:00+00:00,166.831,169.362,166.79,168.861,18782.6959
2025-08-05T10:00:00+00:00,168.869,171.71,168.432,170.988,28549.8559
2025-08-05T11:00:00+00:00,171.027,171.62,170.557,170.868,13635.885
2025-08-05T12:00:00+00:00,170.887,171.044,166.791,167.275,30235.7541
2025-08-05T13:00:00+00:00,167.202,168.124,166.657,167.76,22029.62168339
2025-08-05T14:00:00+00:00,167.742,167.8,163.627,164.302,49200.07767866
2025-08-05T15:00:00+00:00,164.301,165.305,162.969,163.759,31544.31512936
2025-08-05T16:00:00+00:00,163.74,164.716,162.765,163.838,23396.99123554
2025-08-05T17:00:00+00:00,163.838,164.969,163.373,164.819,18074.4695
2025-08-05T18:00:00+00:00,164.765,164.941,163.001,164.005,21960.2903
2025-08-05T19:00:00+00:00,164.006,164.529,162.284,162.769,16452.7813
2025-08-05T20:00:00+00:00,162.751,163.683,162.357,162.6,12645.1484
2025-08-05T21:00:00+00:00,162.581,163.437,161.599,162.38,11969.3541
2025-08-05T22:00:00+00:00,162.379,163.851,161.3,163.851,16838.7987
2025-08-05T23:00:00+00:00,163.851,164.52,163.617,164.053,13251.98198316
2025-08-06T00:00:00+00:00,164.078,164.136,162.55,162.722,10368.7647
2025-08-06T01:00:00+00:00,162.737,163.089,161.729,162.852,19193.5019
2025-08-06T02:00:00+00:00,162.851,163.276,161.901,162.674,9251.5673
2025-08-06T03:00:00+00:00,162.692,162.776,161.132,161.863,18799.5598
2025-08-06T04:00:00+00:00,161.851,162.546,161.265,162.424,10719.3052
2025-08-06T05:00:00+00:00,162.437,164.78,162.15,164.255,29031.3309
2025-08-06T06:00:00+00:00,164.257,164.299,163.433,163.911,11297.3859
2025-08-06T07:00:00+00:00,163.987,164.6,163.63,164.26,15191.2595
2025-08-06T08:00:00+00:00,164.26,164.507,162.757,163.316,17066.7663
2025-08-06T09:00:00+00:00,163.316,164.529,162.942,163.988,11607.0605
2025-08-06T10:00:00+00:00,163.981,164.169,162.917,163.668,14068.3186
2025-08-06T11:00:00+00:00,163.642,164.632,163.245,164.197,12647.1666
2025-08-06T12:00:00+00:00,164.204,164.692,162.661,163.278,19484.9516
2025-08-06T13:00:00+00:00,163.328,164.713,163.1,164.33,31845.061
2025-08-06T14:00:00+00:00,164.339,168.0,163.982,167.894,48544.9468
2025-08-06T15:00:00+00:00,167.884,169.39,167.209,169.037,41090.4698
2025-08-06T16:00:00+00:00,169.038,169.458,167.304,167.77,28765.96801214
2025-08-06T17:00:00+00:00,167.73,169.162,167.187,169.125,17963.19366933
2025-08-06T18:00:00+00:00,169.121,169.93,168.395,168.521,18269.34622737
2025-08-06T19:00:00+00:00,168.522,169.092,167.966,168.815,20208.3556
2025-08-06T20:00:00+00:00,168.815,168.84,167.764,168.0,10946.01986995
2025-08-06T21:00:00+00:00,167.986,168.762,167.327,168.026,14454.4741
2025-08-06T22:00:00+00:00,168.059,168.5,167.87,168.411,8701.3945
2025-08-06T23:00:00+00:00,168.411,168.439,167.923,168.111,7562.2001
2025-08-07T00:00:00+00:00,168.108,168.417,167.538,167.873,7019.3364
2025-08-07T01:00:00+00:00,167.89,168.987,167.693,167.871,13018.9254
2025-08-07T02:00:00+00:00,167.871,168.009,166.761,167.071,19173.8915
2025-08-07T03:00:00+00:00,167.071,167.68,166.703,166.906,17592.9805
2025-08-07T04:00:00+00:00,166.898,167.581,166.777,167.143,11327.1893
2025-08-07T05:00:00+00:00,167.143,168.749,166.914,168.746,8378.0265
2025-08-07T06:00:00+00:00,168.746,169.7,168.591,169.153,18621.8956
2025-08-07T07:00:00+00:00,169.18,170.339,169.158,169.992,18491.4732
2025-08-07T08:00:00+00:00,169.991,170.527,169.251,169.382,11575.5755
2025-08-07T09:00:00+00:00,169.383,169.733,169.069,169.634,10262.6155
2025-08-07T10:00:00+00:00,169.634,173.3,169.415,173.08,53397.06743601
2025-08-07T11:00:00+00:00,173.08,173.43,172.508,172.771,31825.96239139
2025-08-07T12:00:00+00:00,172.771,173.1,171.56,172.42,40619.2107
2025-08-07T13:00:00+00:00,172.428,172.621,171.31,171.708,34486.291
2025-08-07T14:00:00+00:00,171.693,171.771,169.932,170.276,25516.7881
2025-08-07T15:00:00+00:00,170.29,170.8,169.708,170.472,16715.518
2025-08-07T16:00:00+00:00,170.472,170.576,167.017,168.211,24194.4108
2025-08-07T17:00:00+00:00,168.203,169.528,167.968,169.409,22309.3342
2025-08-07T18:00:00+00:00,169.409,169.951,168.757,169.857,12533.9452
2025-08-07T19:00:00+00:00,169.834,171.88,169.801,171.76,25820.5767
2025-08-07T20:00:00+00:00,171.75,173.144,171.504,172.923,32337.13099485
2025-08-07T21:00:00+00:00,172.93,174.19,172.518,173.531,33610.14392841
2025-08-07T22:00:00+00:00,173.531,175.154,173.531,175.08,22363.4276
2025-08-07T23:00:00+00:00,175.081,175.482,174.391,175.349,13466.8891
2025-08-08T00:00:00+00:00,175.349,175.54,173.597,174.275,33266.6684
2025-08-08T01:00:00+00:00,174.274,174.825,173.424,174.525,27346.236
2025-08-08T02:00:00+00:00,174.518,175.247,173.846,174.838,15118.1064
2025-08-08T03:00:00+00:00,174.82,175.904,174.501,174.72,17761.1691
2025-08-08T04:00:00+00:00,174.719,175.194,173.909,174.389,12385.2591
2025-08-08T05:00:00+00:00,174.381,174.786,174.088,174.21,13465.075
2025-08-08T06:00:00+00:00,174.21,175.106,173.891,175.042,13015.3804
2025-08-08T07:00:00+00:00,175.049,177.814,174.341,177.132,22227.975
2025-08-08T08:00:00+00:00,177.132,177.796,174.907,175.383,21315.3939
2025-08-08T09:00:00+00:00,175.381,176.12,175.03,176.069,12461.2269
2025-08-08T10:00:00+00:00,176.051,177.015,175.724,176.647,12851.05658405
2025-08-08T11:00:00+00:00,176.647,177.941,176.571,177.665,11901.8439
2025-08-08T12:00:00+00:00,177.64,177.643,176.124,176.434,14180.0762
2025-08-08T13:00:00+00:00,176.406,178.738,175.468,178.637,38835.1306
2025-08-08T14:00:00+00:00,178.625,179.081,175.456,176.513,47582.24591276
2025-08-08T15:00:00+00:00,176.521,176.689,174.217,175.21,25832.44786232
2025-08-08T16:00:00+00:00,175.219,176.309,175.21,175.889,24088.0458
2025-08-08T17:00:00+00:00,175.888,179.346,175.564,179.312,29014.9762
2025-08-08T18:00:00+00:00,179.347,179.63,177.22,177.569,33459.6121
2025-08-08T19:00:00+00:00,177.576,178.473,177.4,178.465,15500.8358
2025-08-08T20:00:00+00:00,178.463,178.734,177.255,178.246,19130.8799
2025-08-08T21:00:00+00:00,178.246,178.6,177.434,177.585,19440.2121
2025-08-08T22:00:00+00:00,177.586,178.042,177.021,177.611,15207.32948117
2025-08-08T23:00:00+00:00,177.611,177.892,176.641,176.783,9826.33089728
2025-08-09T00:00:00+00:00,176.782,177.21,176.641,176.938,6758.3809
2025-08-09T01:00:00+00:00,176.937,179.014,176.688,178.691,10896.1485
2025-08-09T02:00:00+00:00,178.683,178.71,177.585,177.654,8149.8775
2025-08-09T03:00:00+00:00,177.599,177.753,177.072,177.288,5785.9329
2025-08-09T04:00:00+00:00,177.288,178.818,176.97,178.62,13355.966
2025-08-09T05:00:00+00:00,178.666,182.109,178.265,180.839,48881.41
2025-08-09T06:00:00+00:00,180.839,180.903,179.301,179.616,21973.42364549
2025-08-09T07:00:00+00:00,179.585,180.739,179.442,180.643,17409.93247712
2025-08-09T08:00:00+00:00,180.643,181.659,180.412,181.39,24263.3437
2025-08-09T09:00:00+00:00,181.39,182.698,181.101,182.265,20973.83166144
2025-08-09T10:00:00+00:00,182.265,183.373,181.8,181.889,40012.77324729
2025-08-09T11:00:00+00:00,181.89,182.01,180.69,180.79,17987.97146031
2025-08-09T12:00:00+00:00,180.79,182.186,180.37,182.186,28203.8362
2025-08-09T13:00:00+00:00,182.186,182.45,179.819,179.822,24718.4779
2025-08-09T14:00:00+00:00,179.823,181.2,178.962,181.165,21520.9322
2025-08-09T15:00:00+00:00,181.153,181.64,179.788,180.088,19554.5234
2025-08-09T16:00:00+00:00,180.094,180.83,179.481,179.657,16852.9148
2025-08-09T17:00:00+00:00,179.656,181.947,179.65,181.611,17410.1556
2025-08-09T18:00:00+00:00,181.611,182.208,181.238,181.906,12004.201
2025-08-09T19:00:00+00:00,181.906,182.677,181.462,182.14,19449.2593
2025-08-09T20:00:00+00:00,182.129,183.437,181.476,183.055,23268.1693
2025-08-09T21:00:00+00:00,183.056,183.299,180.642,181.25,17461.6832
2025-08-09T22:00:00+00:00,181.239,182.493,179.929,180.147,24493.1218
2025-08-09T23:00:00+00:00,180.147,180.44,179.738,179.951,19152.3297
2025-08-10T00:00:00+00:00,179.951,182.829,179.822,182.449,18286.57794491
2025-08-10T01:00:00+00:00,182.449,184.611,181.654,184.433,24838.43600882
2025-08-10T02:00:00+00:00,184.479,185.0,182.937,183.289,30889.32698049
2025-08-10T03:00:00+00:00,183.278,185.964,183.252,184.966,87067.3565
2025-08-10T04:00:00+00:00,184.962,186.15,184.363,185.037,45468.0479
2025-08-10T05:00:00+00:00,185.037,185.162,181.71,182.016,33333.03623872
2025-08-10T06:00:00+00:00,182.03,182.399,180.381,181.116,24805.71408482
2025-08-10T07:00:00+00:00,181.117,181.541,177.84,178.95,36969.289
2025-08-10T08:00:00+00:00,178.949,180.762,177.543,180.416,24179.0722
2025-08-10T09:00:00+00:00,180.42,181.044,180.09,180.44,11855.8675
2025-08-10T10:00:00+00:00,180.463,180.594,178.84,179.471,14638.3525
2025-08-10T11:00:00+00:00,179.479,180.692,178.731,179.975,16899.206
2025-08-10T12:00:00+00:00,179.968,180.325,179.159,179.531,19121.28419956
2025-08-10T13:00:00+00:00,179.521,180.307,178.863,178.863,11059.4436
2025-08-10T14:00:00+00:00,178.862,182.352,178.541,181.514,19171.8327
2025-08-10T15:00:00+00:00,181.515,182.4,181.139,181.563,26915.4418
2025-08-10T16:00:00+00:00,181.537,182.254,181.24,182.254,12081.4203
2025-08-10T17:00:00+00:00,182.253,182.468,181.357,181.689,13983.5186
2025-08-10T18:00:00+00:00,181.69,182.919,181.665,182.71,15109.2556
2025-08-10T19:00:00+00:00,182.71,183.337,182.346,182.8,13626.4487
2025-08-10T20:00:00+00:00,182.8,183.396,181.284,182.742,31961.3625
2025-08-10T21:00:00+00:00,182.739,183.919,181.427,183.494,27045.38944693
2025-08-10T22:00:00+00:00,183.497,183.676,182.64,183.121,12177.9147
2025-08-10T23:00:00+00:00,183.124,183.553,182.1,182.67,11637.0431
2025-08-11T00:00:00+00:00,182.671,183.18,181.501,181.501,13731.5684
2025-08-11T01:00:00+00:00,181.5,183.867,181.3,183.691,16841.5345
2025-08-11T02:00:00+00:00,183.691,185.76,183.596,185.231,51407.3883927
2025-08-11T03:00:00+00:00,185.239,185.524,183.876,185.099,34489.4701
2025-08-11T04:00:00+00:00,185.1,186.422,185.1,185.838,29538.2909
2025-08-11T05:00:00+00:00,185.839,186.77,184.88,185.301,23167.19051213
2025-08-11T06:00:00+00:00,185.302,185.566,184.403,184.747,24708.7931
2025-08-11T07:00:00+00:00,184.747,184.895,182.791,182.962,14759.79235553
2025-08-11T08:00:00+00:00,182.961,184.602,182.117,184.22,18795.58179874
2025-08-11T09:00:00+00:00,184.24,184.31,182.83,183.14,3261.5555
2025-08-11T10:00:00+00:00,183.13,183.19,181.61,181.9,11590.07377599
2025-08-11T11:00:00+00:00,181.89,182.14,178.36,179.07,32933.3991
2025-08-11T12:00:00+00:00,179.06,179.56,177.84,178.78,32392.4854
2025-08-11T13:00:00+00:00,178.83,180.08,177.257,179.6,34365.80445125
2025-08-11T14:00:00+00:00,179.62,180.54,178.42,178.77,29457.55307518
2025-08-11T15:00:00+00:00,178.77,180.19,177.65,180.19,20700.47444389
2025-08-11T16:00:00+00:00,180.2,181.75,178.36,179.05,24686.171
2025-08-11T17:00:00+00:00,179.02,179.54,178.07,178.19,15682.5238928
2025-08-11T18:00:00+00:00,178.2,178.34,176.68,178.24,21645.72659847
2025-08-11T19:00:00+00:00,178.23,178.31,175.548,176.64,20065.9148
2025-08-11T20:00:00+00:00,176.63,176.85,175.7,176.19,15840.2334
2025-08-11T21:00:00+00:00,176.17,176.52,173.95,175.09,20743.2127
2025-08-11T22:00:00+00:00,175.09,175.16,173.48,174.7,21809.5351
2025-08-11T23:00:00+00:00,174.71,175.12,174.5,174.88,10215.60049889
2025-08-12T00:00:00+00:00,174.86,175.97,174.66,175.73,16196.733
2025-08-12T01:00:00+00:00,175.72,176.43,175.02,176.17,8390.02
2025-08-12T02:00:00+00:00,176.17,176.77,175.6,176.23,8324.565
2025-08-12T03:00:00+00:00,176.24,176.29,175.44,175.54,8659.90271575
2025-08-12T04:00:00+00:00,175.54,176.68,175.31,176.31,11003.63090416
2025-08-12T05:00:00+00:00,176.3,176.3,174.04,174.86,21700.793
2025-08-12T06:00:00+00:00,174.86,175.37,173.66,174.6,13194.46
2025-08-12T07:00:00+00:00,174.62,176.09,174.62,175.89,11500.01756813
2025-08-12T08:00:00+00:00,175.9,176.5,175.35,175.75,12472.84400314
2025-08-12T09:00:00+00:00,175.76,175.76,174.41,174.57,23664.554
2025-08-12T10:00:00+00:00,174.57,175.12,173.91,174.79,24534.00493238
2025-08-12T11:00:00+00:00,174.79,175.36,173.73,175.25,9286.5229
2025-08-12T12:00:00+00:00,175.25,178.69,174.75,177.92,41368.736
2025-08-12T13:00:00+00:00,177.94,178.54,176.0,176.56,48232.613
2025-08-12T14:00:00+00:00,176.56,179.73,176.28,179.61,35669.22940665
2025-08-12T15:00:00+00:00,179.61,182.03,179.21,181.67,46101.735
2025-08-12T16:00:00+00:00,181.69,185.37,180.78,184.8,50746.91138505
2025-08-12T17:00:00+00:00,184.86,186.58,184.72,185.83,50035.6074
2025-08-12T18:00:00+00:00,185.83,189.1,185.83,188.1,79838.8612
2025-08-12T19:00:00+00:00,188.1,191.1,188.06,190.56,29257.25367019
2025-08-12T20:00:00+00:00,190.61,191.63,189.56,191.53,29009.46993895
2025-08-12T21:00:00+00:00,191.53,193.716,190.51,192.46,40695.7429
2025-08-12T22:00:00+00:00,192.47,193.27,190.97,191.62,31074.599
2025-08-12T23:00:00+00:00,191.63,192.89,191.19,191.74,18491.1926
2025-08-13T00:00:00+00:00,191.75,194.72,191.42,193.93,24056.45679949
2025-08-13T01:00:00+00:00,193.95,194.98,191.95,194.23,30760.3748
2025-08-13T02:00:00+00:00,194.23,198.6,193.33,198.55,44161.1681
2025-08-13T03:00:00+00:00,198.55,199.48,196.77,197.71,42484.42087237
2025-08-13T04:00:00+00:00,197.72,200.0,197.22,198.7,25912.3131
2025-08-13T05:00:00+00:00,198.7,198.73,195.96,196.5,32779.49479315
2025-08-13T06:00:00+00:00,196.49,196.7,195.17,195.77,16351.9767
2025-08-13T07:00:00+00:00,195.8,198.74,195.78,198.72,13059.73199984
2025-08-13T08:00:00+00:00,198.72,198.96,197.63,198.92,16393.2064
2025-08-13T09:00:00+00:00,198.92,202.661,198.91,202.12,35731.4227
2025-08-13T10:00:00+00:00,202.15,202.15,200.86,201.54,18246.7872
2025-08-13T11:00:00+00:00,201.54,201.93,200.28,200.97,11273.578
2025-08-13T12:00:00+00:00,200.97,202.52,200.62,201.13,19759.9192
2025-08-13T13:00:00+00:00,201.14,204.92,200.56,202.5,54820.3097
2025-08-13T14:00:00+00:00,202.51,202.85,195.99,196.2,51292.91925994
2025-08-13T15:00:00+00:00,196.21,198.64,194.48,197.44,31611.1
2025-08-13T16:00:00+00:00,197.44,199.95,197.03,198.0,29456.0876
2025-08-13T17:00:00+00:00,198.0,200.13,197.96,199.03,14049.1718
2025-08-13T18:00:00+00:00,199.05,200.71,197.85,199.44,24077.686
2025-08-13T19:00:00+00:00,199.42,202.21,198.9,202.08,25144.325
2025-08-13T20:00:00+00:00,202.09,202.23,199.88,200.32,14030.8460945
2025-08-13T21:00:00+00:00,200.33,201.49,200.12,200.96,13295.149
2025-08-13T22:00:00+00:00,200.99,202.81,200.08,200.56,21420.961
2025-08-13T23:00:00+00:00,200.53,203.35,200.42,201.51,15834.7735
2025-08-14T00:00:00+00:00,201.52,203.95,200.63,201.47,28034.267
2025-08-14T01:00:00+00:00,201.47,204.67,200.59,202.62,25409.3881
2025-08-14T02:00:00+00:00,202.57,208.01,201.77,207.09,36964.432
2025-08-14T03:00:00+00:00,207.08,209.06,206.04,207.91,31368.6009
2025-08-14T04:00:00+00:00,207.91,209.85,207.3,208.15,32924.52168373
2025-08-14T05:00:00+00:00,208.15,209.69,206.32,206.57,31879.78939791
2025-08-14T06:00:00+00:00,206.56,207.93,204.05,207.55,27595.1
2025-08-14T07:00:00+00:00,207.54,207.99,204.67,205.62,22373.6534
2025-08-14T08:00:00+00:00,205.64,205.82,202.46,203.36,25330.97353717
2025-08-14T09:00:00+00:00,203.39,205.57,202.57,205.39,21820.4169
2025-08-14T10:00:00+00:00,205.37,205.65,201.79,202.73,28385.39730905
2025-08-14T11:00:00+00:00,202.71,203.89,201.87,203.6,19441.09839954
2025-08-14T12:00:00+00:00,203.6,205.45,189.12,194.44,177502.81008899
2025-08-14T13:00:00+00:00,194.42,196.85,186.89,194.93,98528.49023247
2025-08-14T14:00:00+00:00,194.91,198.93,193.54,196.59,32959.28885121
2025-08-14T15:00:00+00:00,196.59,196.84,194.54,194.87,32132.6044
2025-08-14T16:00:00+00:00,194.86,195.06,190.56,193.33,33695.66
2025-08-14T17:00:00+00:00,193.33,195.48,191.55,193.8,27419.606
2025-08-14T18:00:00+00:00,193.78,194.58,191.38,193.56,18724.69918257
2025-08-14T19:00:00+00:00,193.56,195.18,192.82,192.9,16888.063
2025-08-14T20:00:00+00:00,192.91,193.23,191.62,192.23,14280.925
2025-08-14T21:00:00+00:00,192.2,192.2,187.6,190.36,61523.256
2025-08-14T22:00:00+00:00,190.29,192.03,189.35,191.86,16272.82
2025-08-14T23:00:00+00:00,191.85,193.14,191.72,192.49,11657.86
2025-08-15T00:00:00+00:00,192.48,193.93,191.99,192.75,13568.427
2025-08-15T01:00:00+00:00,192.71,194.28,192.1,193.71,15816.736
2025-08-15T02:00:00+00:00,193.64,194.38,193.12,193.37,11461.899
2025-08-15T03:00:00+00:00,193.39,195.61,192.95,195.19,14397.08742196
2025-08-15T04:00:00+00:00,195.19,195.97,194.57,194.98,13545.6211906
2025-08-15T05:00:00+00:00,195.0,196.48,194.47,196.48,13000.1616
2025-08-15T06:00:00+00:00,196.47,198.06,196.32,197.43,27107.936
2025-08-15T07:00:00+00:00,197.42,197.86,196.22,197.0,24235.2705
2025-08-15T08:00:00+00:00,197.0,197.6,196.41,196.55,21377.644
2025-08-15T09:00:00+00:00,196.54,197.13,193.63,194.19,21096.645
2025-08-15T10:00:00+00:00,194.2,195.98,194.15,194.64,11274.8217
2025-08-15T11:00:00+00:00,194.64,195.34,193.75,194.31,11769.143
2025-08-15T12:00:00+00:00,194.32,196.1,192.35,193.47,31530.139
2025-08-15T13:00:00+00:00,193.46,193.85,190.21,190.57,30632.083
2025-08-15T14:00:00+00:00,190.48,191.97,187.19,187.53,34911.59249305
2025-08-15T15:00:00+00:00,187.58,188.1,184.39,185.55,48171.9179
2025-08-15T16:00:00+00:00,185.53,185.99,183.43,185.57,37332.459
2025-08-15T17:00:00+00:00,185.57,186.9,184.0,185.85,20999.136
2025-08-15T18:00:00+00:00,185.85,186.27,183.38,184.17,21822.25489488
2025-08-15T19:00:00+00:00,184.17,185.9,183.4,183.92,17500.6048391
2025-08-15T20:00:00+00:00,183.9,185.0,183.38,184.82,13462.79984222
2025-08-15T21:00:00+00:00,184.81,185.68,183.97,185.65,11135.456
2025-08-15T22:00:00+00:00,185.65,187.89,185.23,187.73,13661.630985
2025-08-15T23:00:00+00:00,187.73,188.26,184.19,185.75,21922.415
2025-08-16T00:00:00+00:00,185.75,187.78,185.35,187.49,12347.728
2025-08-16T01:00:00+00:00,187.48,188.16,186.53,187.97,10973.272
2025-08-16T02:00:00+00:00,187.97,188.09,186.89,186.94,14893.078
2025-08-16T03:00:00+00:00,186.94,188.34,186.75,187.13,13933.604
2025-08-16T04:00:00+00:00,187.13,188.07,186.82,188.07,7761.949
2025-08-16T05:00:00+00:00,188.07,188.11,186.06,186.16,8905.076
2025-08-16T06:00:00+00:00,186.17,187.65,186.13,187.36,10892.179
2025-08-16T07:00:00+00:00,187.37,189.58,187.22,189.09,17568.984
2025-08-16T08:00:00+00:00,189.12,189.22,187.71,188.4,12096.74399505
2025-08-16T09:00:00+00:00,188.4,188.56,185.93,186.07,15444.29332455
2025-08-16T10:00:00+00:00,186.06,186.92,185.38,186.59,20868.837
2025-08-16T11:00:00+00:00,186.6,187.32,185.56,185.73,10676.051
2025-08-16T12:00:00+00:00,185.75,186.89,185.21,186.65,15160.254
2025-08-16T13:00:00+00:00,186.64,188.48,186.6,187.39,18059.33206485
2025-08-16T14:00:00+00:00,187.4,189.17,186.94,188.86,16891.354
2025-08-16T15:00:00+00:00,188.81,189.44,188.33,188.75,18715.56
2025-08-16T16:00:00+00:00,188.79,189.35,187.87,187.93,13858.186
2025-08-16T17:00:00+00:00,187.94,188.06,187.09,187.99,10095.61705681
2025-08-16T18:00:00+00:00,187.98,188.64,187.6,188.14,8224.082
2025-08-16T19:00:00+00:00,188.15,189.2,188.04,188.7,12806.3641
2025-08-16T20:00:00+00:00,188.69,189.2,188.38,189.11,6406.458
2025-08-16T21:00:00+00:00,189.1,189.1,188.28,188.4,6512.81
2025-08-16T22:00:00+00:00,188.41,189.26,187.97,189.07,12585.67316363
2025-08-16T23:00:00+00:00,189.06,190.05,188.56,189.61,10849.79655477
2025-08-17T00:00:00+00:00,189.62,189.68,188.1,188.16,9228.347
2025-08-17T01:00:00+00:00,188.16,188.67,187.39,188.41,11152.146
2025-08-17T02:00:00+00:00,188.39,191.6,188.0,191.51,21245.088
2025-08-17T03:00:00+00:00,191.52,192.0,190.31,191.63,21173.636
2025-08-17T04:00:00+00:00,191.64,193.52,191.55,193.41,18445.776
2025-08-17T05:00:00+00:00,193.42,193.47,192.51,192.66,24032.42345985
2025-08-17T06:00:00+00:00,192.63,192.96,191.89,191.98,10583.75899915
2025-08-17T07:00:00+00:00,191.98,192.51,191.35,191.9,9500.637
2025-08-17T08:00:00+00:00,191.89,193.54,191.73,193.44,14794.89637912
2025-08-17T09:00:00+00:00,193.43,193.64,191.56,192.34,17406.524
2025-08-17T10:00:00+00:00,192.34,193.19,191.71,193.15,9669.94745892
2025-08-17T11:00:00+00:00,193.13,193.64,192.45,193.57,8220.606
2025-08-17T12:00:00+00:00,193.57,193.77,192.01,192.26,17659.815
2025-08-17T13:00:00+00:00,192.25,193.56,191.94,193.22,12464.965
2025-08-17T14:00:00+00:00,193.22,194.43,192.45,193.73,18295.22425588
2025-08-17T15:00:00+00:00,193.74,195.48,193.58,195.45,21113.37
2025-08-17T16:00:00+00:00,195.48,195.8,192.85,193.24,22729.378
2025-08-17T17:00:00+00:00,193.24,193.69,192.79,193.37,9915.271
2025-08-17T18:00:00+00:00,193.37,193.51,190.25,192.08,23603.99
2025-08-17T19:00:00+00:00,192.09,193.4,190.89,191.2,23303.82
2025-08-17T20:00:00+00:00,191.2,192.0,190.97,191.11,10319.962
2025-08-17T21:00:00+00:00,191.12,191.59,190.94,191.25,10277.346
2025-08-17T22:00:00+00:00,191.24,193.41,191.12,193.1,14683.507
2025-08-17T23:00:00+00:00,193.12,193.27,190.91,191.02,10419.667
2025-08-18T00:00:00+00:00,191.02,191.33,189.64,190.17,15263.50091421
2025-08-18T01:00:00+00:00,190.16,190.44,186.56,186.57,34551.131
2025-08-18T02:00:00+00:00,186.57,186.79,183.48,184.01,46455.54562848
2025-08-18T03:00:00+00:00,183.95,184.62,181.84,182.7,30706.24513268
2025-08-18T04:00:00+00:00,182.63,183.45,181.6,182.93,18266.465
2025-08-18T05:00:00+00:00,182.93,183.53,181.22,182.92,20778.229
2025-08-18T06:00:00+00:00,182.92,182.94,180.33,181.38,23684.47
2025-08-18T07:00:00+00:00,181.37,181.6,180.25,180.63,12621.791
2025-08-18T08:00:00+00:00,180.64,181.62,180.49,180.83,17003.734
2025-08-18T09:00:00+00:00,180.84,181.95,180.03,181.21,22897.6365
2025-08-18T10:00:00+00:00,181.21,181.39,180.57,180.8,11678.156
2025-08-18T11:00:00+00:00,180.8,181.49,180.41,181.38,15057.99649066
2025-08-18T12:00:00+00:00,181.37,183.23,181.13,183.2,17788.445
2025-08-18T13:00:00+00:00,183.21,183.35,180.54,180.56,17198.245
2025-08-18T14:00:00+00:00,180.58,182.61,180.58,182.58,16340.231
2025-08-18T15:00:00+00:00,182.57,183.14,181.2,183.12,14277.155
2025-08-18T16:00:00+00:00,183.11,184.41,181.79,182.11,19341.414
2025-08-18T17:00:00+00:00,182.09,185.67,182.02,184.65,22705.074
2025-08-18T18:00:00+00:00,184.65,184.75,183.02,184.36,15176.702
2025-08-18T19:00:00+00:00,184.37,184.54,182.79,183.22,13666.583
2025-08-18T20:00:00+00:00,183.21,183.76,182.1,183.06,7763.722
2025-08-18T21:00:00+00:00,183.03,184.18,182.7,183.81,9247.534
2025-08-18T22:00:00+00:00,183.81,185.0,183.79,184.19,15310.798
2025-08-18T23:00:00+00:00,184.21,184.59,182.4,182.9,15620.712
2025-08-19T00:00:00+00:00,182.93,185.01,181.21,185.0,23324.64
2025-08-19T01:00:00+00:00,185.0,185.82,182.65,183.1,18822.86378427
2025-08-19T02:00:00+00:00,183.11,183.24,181.99,182.17,12805.129
2025-08-19T03:00:00+00:00,182.2,182.21,178.18,178.54,36906.203
2025-08-19T04:00:00+00:00,178.54,180.1,177.32,180.08,18579.357
2025-08-19T05:00:00+00:00,180.05,180.59,179.32,179.81,15106.7186
2025-08-19T06:00:00+00:00,179.8,180.55,179.42,180.09,11773.397
2025-08-19T07:00:00+00:00,180.09,180.17,178.96,180.11,16747.21106862
2025-08-19T08:00:00+00:00,180.11,180.88,179.13,180.46,13142.692
2025-08-19T09:00:00+00:00,180.46,182.44,180.38,181.34,15892.478
2025-08-19T10:00:00+00:00,181.34,182.0,181.2,181.38,9313.4051
2025-08-19T11:00:00+00:00,181.41,182.79,181.3,182.66,11851.558
2025-08-19T12:00:00+00:00,182.66,182.73,181.4,182.04,9601.233
2025-08-19T13:00:00+00:00,182.03,183.37,180.68,182.07,22382.627
2025-08-19T14:00:00+00:00,182.07,183.0,178.13,178.57,27980.42766481
2025-08-19T15:00:00+00:00,178.58,179.86,177.52,177.96,26715.268
2025-08-19T16:00:00+00:00,177.98,178.53,176.75,177.17,23528.66378941
2025-08-19T17:00:00+00:00,177.17,178.71,176.35,178.15,17670.096
2025-08-19T18:00:00+00:00,178.12,178.8,175.85,176.71,18989.237
2025-08-19T19:00:00+00:00,176.71,178.29,175.7,176.73,22136.209
2025-08-19T20:00:00+00:00,176.75,178.65,175.94,178.65,12606.197
2025-08-19T21:00:00+00:00,178.66,179.23,178.23,179.11,11270.325
2025-08-19T22:00:00+00:00,179.11,179.52,177.87,179.1,10952.933
2025-08-19T23:00:00+00:00,179.1,179.34,175.91,176.24,13201.346
2025-08-20T00:00:00+00:00,176.23,178.6,176.07,178.18,13691.324
2025-08-20T01:00:00+00:00,178.17,179.78,177.02,179.52,21444.924
2025-08-20T02:00:00+00:00,179.56,181.32,179.2,180.79,26907.091
2025-08-20T03:00:00+00:00,180.82,181.47,180.06,180.49,17819.315
2025-08-20T04:00:00+00:00,180.51,181.69,180.38,180.62,13470.584
2025-08-20T05:00:00+00:00,180.62,181.14,179.85,181.09,12826.561
2025-08-20T06:00:00+00:00,181.09,181.29,180.18,180.99,11597.771
2025-08-20T07:00:00+00:00,181.03,181.64,180.4,180.54,14957.585
2025-08-20T08:00:00+00:00,180.54,182.24,180.28,182.06,19682.608
2025-08-20T09:00:00+00:00,182.06,182.24,180.83,180.9,38657.72
2025-08-20T10:00:00+00:00,180.9,181.7,180.81,181.0,15414.484
2025-08-20T11:00:00+00:00,180.99,181.32,178.32,180.28,23897.93698432
2025-08-20T12:00:00+00:00,180.28,182.27,180.2,181.87,37500.057
2025-08-20T13:00:00+00:00,181.87,181.87,178.69,178.83,50752.578
2025-08-20T14:00:00+00:00,178.82,182.51,177.56,181.38,59142.416
2025-08-20T15:00:00+00:00,181.36,185.06,181.19,183.02,48537.92654965
2025-08-20T16:00:00+00:00,183.04,184.83,183.02,183.75,28620.942
2025-08-20T17:00:00+00:00,183.75,186.2,183.61,185.15,35977.629
2025-08-20T18:00:00+00:00,185.15,185.61,182.59,183.63,35961.316
2025-08-20T19:00:00+00:00,183.61,187.96,183.46,187.57,40512.075
2025-08-20T20:00:00+00:00,187.58,187.88,186.31,187.21,38611.97554891
2025-08-20T21:00:00+00:00,187.24,187.64,185.81,187.01,20493.069
2025-08-20T22:00:00+00:00,187.03,187.64,186.68,187.33,20086.853
2025-08-20T23:00:00+00:00,187.31,187.95,186.7,187.93,15830.06360717
2025-08-21T00:00:00+00:00,187.94,189.17,187.04,187.91,26128.184
2025-08-21T01:00:00+00:00,187.9,189.16,186.8,189.06,22914.63
2025-08-21T02:00:00+00:00,189.05,189.95,185.45,186.48,40277.506
2025-08-21T03:00:00+00:00,186.48,190.11,186.38,188.43,39165.716
2025-08-21T04:00:00+00:00,188.43,188.67,187.13,187.74,21210.512
2025-08-21T05:00:00+00:00,187.74,188.14,186.65,188.09,24230.097
2025-08-21T06:00:00+00:00,188.09,188.09,186.5,186.58,19027.39113442
2025-08-21T07:00:00+00:00,186.58,187.4,185.9,186.96,23328.3586
2025-08-21T08:00:00+00:00,186.96,187.01,185.65,185.66,18418.88309843
2025-08-21T09:00:00+00:00,185.66,185.71,184.06,184.87,29343.72353694
2025-08-21T10:00:00+00:00,184.91,185.2,183.87,184.3,28374.244
2025-08-21T11:00:00+00:00,184.3,184.95,183.44,184.0,33668.203
2025-08-21T12:00:00+00:00,183.99,184.84,182.76,183.75,30913.282
2025-08-21T13:00:00+00:00,183.74,185.8,183.37,184.05,40805.811
2025-08-21T14:00:00+00:00,184.09,186.44,183.7,184.84,34696.554
2025-08-21T15:00:00+00:00,184.85,185.09,181.49,181.64,27611.886
2025-08-21T16:00:00+00:00,181.65,182.43,180.84,180.95,24656.921
2025-08-21T17:00:00+00:00,180.98,181.62,179.92,181.17,17468.8006
2025-08-21T18:00:00+00:00,181.19,182.3,180.54,182.19,16435.484
2025-08-21T19:00:00+00:00,182.19,182.91,179.96,180.17,16280.54082737
2025-08-21T20:00:00+00:00,180.15,181.46,179.44,180.83,14512.397
2025-08-21T21:00:00+00:00,180.86,181.61,180.01,181.16,8291.67499351
2025-08-21T22:00:00+00:00,181.17,181.88,180.93,181.78,8656.865
2025-08-21T23:00:00+00:00,181.77,181.77,179.87,180.35,12213.0250003
2025-08-22T00:00:00+00:00,180.33,181.8,180.28,181.11,9091.343
2025-08-22T01:00:00+00:00,181.14,182.09,180.02,181.97,11626.99695714
2025-08-22T02:00:00+00:00,181.97,183.54,181.69,182.63,16243.689
2025-08-22T03:00:00+00:00,182.63,183.43,181.43,181.76,12022.071
2025-08-22T04:00:00+00:00,181.77,183.38,181.76,182.9,13187.493
2025-08-22T05:00:00+00:00,182.91,183.88,182.69,183.66,15281.295
2025-08-22T06:00:00+00:00,183.66,184.08,182.39,182.9,18979.647
2025-08-22T07:00:00+00:00,182.93,184.3,182.8,183.97,15343.24
2025-08-22T08:00:00+00:00,183.97,185.04,183.74,183.76,17540.481
2025-08-22T09:00:00+00:00,183.79,184.04,182.48,182.91,15428.644
2025-08-22T10:00:00+00:00,182.93,182.95,180.9,181.14,17140.958
2025-08-22T11:00:00+00:00,181.17,181.28,179.61,179.65,18418.457
2025-08-22T12:00:00+00:00,179.63,179.84,177.28,178.46,33047.2732231
2025-08-22T13:00:00+00:00,178.47,181.28,178.07,180.28,24407.93430834
2025-08-22T14:00:00+00:00,180.27,193.21,180.26,191.65,178456.43514
2025-08-22T15:00:00+00:00,191.64,195.38,191.61,193.45,46681.39935217
2025-08-22T16:00:00+00:00,193.47,197.84,193.47,194.89,47794.23599984
2025-08-22T17:00:00+00:00,194.95,198.12,194.95,196.87,29410.645
2025-08-22T18:00:00+00:00,196.83,197.52,195.66,196.78,23262.006
2025-08-22T19:00:00+00:00,196.78,199.71,196.55,198.87,24369.57033037
2025-08-22T20:00:00+00:00,198.95,199.56,198.38,199.56,18076.4325566
2025-08-22T21:00:00+00:00,199.56,202.33,199.32,200.14,34226.647
2025-08-22T22:00:00+00:00,200.13,200.41,198.55,199.4,28695.23199916
2025-08-22T23:00:00+00:00,199.4,200.93,199.05,200.63,18664.84427296
2025-08-23T00:00:00+00:00,200.64,200.76,198.44,198.52,15530.873
2025-08-23T01:00:00+00:00,198.53,198.99,196.71,197.79,21491.14022219
2025-08-23T02:00:00+00:00,197.79,198.33,195.24,197.53,26284.366
2025-08-23T03:00:00+00:00,197.53,198.69,197.14,198.15,19151.444
2025-08-23T04:00:00+00:00,198.15,204.87,198.11,204.56,54494.86917227
2025-08-23T05:00:00+00:00,204.56,208.61,204.26,207.49,48779.00887457
2025-08-23T06:00:00+00:00,207.49,207.81,205.68,206.46,35232.333
2025-08-23T07:00:00+00:00,206.46,207.22,204.92,205.14,24322.617
2025-08-23T08:00:00+00:00,205.11,205.6,202.17,203.82,31408.523
2025-08-23T09:00:00+00:00,203.81,204.65,203.21,204.47,16254.347
2025-08-23T10:00:00+00:00,204.47,204.63,201.83,201.96,17697.21409651
2025-08-23T11:00:00+00:00,201.96,203.0,201.55,201.95,14126.71145368
2025-08-23T12:00:00+00:00,201.98,203.15,201.07,201.98,17066.085
2025-08-23T13:00:00+00:00,201.98,202.43,200.55,201.48,37912.326
2025-08-23T14:00:00+00:00,201.51,203.44,200.99,202.73,30156.7348
2025-08-23T15:00:00+00:00,202.73,203.78,202.44,202.57,21814.22615095
2025-08-23T16:00:00+00:00,202.58,203.55,202.22,203.27,13865.997
2025-08-23T17:00:00+00:00,203.27,203.75,202.06,203.27,15583.048
2025-08-23T18:00:00+00:00,203.28,204.34,203.23,203.98,18099.2522
2025-08-23T19:00:00+00:00,203.98,204.54,203.76,204.09,10064.8193
2025-08-23T20:00:00+00:00,204.09,204.23,203.25,203.77,9511.72109757
2025-08-23T21:00:00+00:00,203.75,204.08,203.02,203.08,7141.4151
2025-08-23T22:00:00+00:00,203.08,203.64,202.85,203.52,6666.77284461
2025-08-23T23:00:00+00:00,203.53,204.85,203.53,204.13,11696.317
2025-08-24T00:00:00+00:00,204.12,206.73,204.12,206.12,17048.595
2025-08-24T01:00:00+00:00,206.12,208.84,204.98,208.1,30171.637
2025-08-24T02:00:00+00:00,208.15,211.93,207.57,208.75,35021.0297
2025-08-24T03:00:00+00:00,208.78,209.38,207.22,209.02,16542.059
2025-08-24T04:00:00+00:00,209.05,210.68,208.42,210.67,16199.4772373
2025-08-24T05:00:00+00:00,210.65,210.75,208.08,208.48,21133.02
2025-08-24T06:00:00+00:00,208.55,208.82,207.08,207.4,13941.424
2025-08-24T07:00:00+00:00,207.38,208.21,206.56,206.64,13971.347
2025-08-24T08:00:00+00:00,206.64,208.18,206.12,208.09,15161.165
2025-08-24T09:00:00+00:00,208.09,208.95,207.62,208.19,14580.5623
2025-08-24T10:00:00+00:00,208.19,208.23,204.53,204.82,31812.491
2025-08-24T11:00:00+00:00,204.72,205.34,203.44,204.48,27633.5553
2025-08-24T12:00:00+00:00,204.47,204.92,203.6,204.39,15276.24493126
2025-08-24T13:00:00+00:00,204.38,205.67,204.24,204.75,19109.264
2025-08-24T14:00:00+00:00,204.75,206.46,204.01,206.09,19996.956
2025-08-24T15:00:00+00:00,206.08,209.35,205.37,205.67,36043.34383907
2025-08-24T16:00:00+00:00,205.62,207.31,205.54,206.65,24822.2397
2025-08-24T17:00:00+00:00,206.62,209.78,206.52,209.35,34685.47513999
2025-08-24T18:00:00+00:00,209.36,211.94,208.83,211.23,40721.98699575
2025-08-24T19:00:00+00:00,211.23,211.89,201.49,205.05,141636.9395759
2025-08-24T20:00:00+00:00,205.05,205.35,201.02,203.62,83094.57318625
2025-08-24T21:00:00+00:00,203.67,205.65,202.28,204.36,29334.34323129
2025-08-24T22:00:00+00:00,204.36,205.49,201.37,205.05,26148.01224732
2025-08-24T23:00:00+00:00,205.09,207.13,204.7,206.0,21797.73199939
2025-08-25T00:00:00+00:00,206.0,208.14,202.2,203.47,37697.734
2025-08-25T01:00:00+00:00,203.49,208.9,203.45,206.97,29680.884
2025-08-25T02:00:00+00:00,206.96,213.5,206.71,212.56,41269.33284061
2025-08-25T03:00:00+00:00,212.53,212.96,208.8,209.24,24157.995
2025-08-25T04:00:00+00:00,209.24,209.7,206.76,207.29,33177.568225
2025-08-25T05:00:00+00:00,207.31,207.98,203.53,203.7,28187.26494872
2025-08-25T06:00:00+00:00,203.74,204.67,201.79,201.91,35678.745
2025-08-25T07:00:00+00:00,201.94,204.39,198.7,199.83,64555.9859
2025-08-25T08:00:00+00:00,199.81,200.83,198.16,199.95,35242.92693233
2025-08-25T09:00:00+00:00,199.94,200.25,198.23,199.47,23089.879
2025-08-25T10:00:00+00:00,199.48,199.48,195.05,195.9,41572.81800135
2025-08-25T11:00:00+00:00,195.9,197.58,195.44,197.57,21202.509
2025-08-25T12:00:00+00:00,197.56,198.52,196.84,198.04,23806.80145192
2025-08-25T13:00:00+00:00,198.04,198.48,195.6,198.25,35331.14998357
2025-08-25T14:00:00+00:00,198.24,199.49,196.89,198.33,27176.385
2025-08-25T15:00:00+00:00,198.31,198.56,196.15,196.58,22882.778
2025-08-25T16:00:00+00:00,196.57,198.37,195.68,196.46,26966.22353993
2025-08-25T17:00:00+00:00,196.45,197.34,195.22,196.63,29100.598
2025-08-25T18:00:00+00:00,196.69,197.83,196.12,196.46,22380.47
2025-08-25T19:00:00+00:00,196.48,196.48,190.98,191.41,62341.694
2025-08-25T20:00:00+00:00,191.52,192.13,186.29,186.29,70185.539
2025-08-25T21:00:00+00:00,186.29,188.46,186.0,186.42,30026.19188797
2025-08-25T22:00:00+00:00,186.43,188.51,185.42,187.03,22542.35
2025-08-25T23:00:00+00:00,187.02,187.61,185.74,187.2,13938.149
2025-08-26T00:00:00+00:00,187.21,188.64,185.58,186.28,31196.91
2025-08-26T01:00:00+00:00,186.3,188.98,185.68,188.27,24398.492
2025-08-26T02:00:00+00:00,188.26,189.32,186.92,187.56,19181.17832115
2025-08-26T03:00:00+00:00,187.53,187.98,186.45,186.91,12940.56581876
2025-08-26T04:00:00+00:00,186.92,188.5,186.92,187.91,17618.76488281
2025-08-26T05:00:00+00:00,187.91,189.6,187.91,188.78,14515.654
2025-08-26T06:00:00+00:00,188.76,189.6,187.4,187.93,21065.32188702
2025-08-26T07:00:00+00:00,187.92,189.9,187.23,188.94,16302.74599191
2025-08-26T08:00:00+00:00,188.94,190.35,188.12,188.71,21308.361
2025-08-26T09:00:00+00:00,188.71,189.28,187.53,188.03,19331.58143007
2025-08-26T10:00:00+00:00,188.03,188.95,187.84,188.63,14884.856
2025-08-26T11:00:00+00:00,188.64,189.06,186.68,187.94,19441.898
2025-08-26T12:00:00+00:00,187.95,192.19,187.19,190.53,45747.575
2025-08-26T13:00:00+00:00,190.56,191.04,187.71,189.39,45926.39526424
2025-08-26T14:00:00+00:00,189.4,191.8,188.41,191.53,35303.736
2025-08-26T15:00:00+00:00,191.51,192.51,189.96,190.77,27806.826
2025-08-26T16:00:00+00:00,190.82,193.73,190.6,193.67,25539.03792332
2025-08-26T17:00:00+00:00,193.66,194.23,192.26,193.7,22121.486
2025-08-26T18:00:00+00:00,193.71,195.35,193.53,194.84,19639.64565822
2025-08-26T19:00:00+00:00,194.86,197.51,194.32,197.43,22222.44184349
2025-08-26T20:00:00+00:00,197.41,197.76,195.92,196.35,20025.39498671
2025-08-26T21:00:00+00:00,196.36,196.86,195.35,196.78,17315.887
2025-08-26T22:00:00+00:00,196.78,197.3,195.8,196.75,17653.11634001
2025-08-26T23:00:00+00:00,196.75,198.07,195.61,195.85,17491.849
2025-08-27T00:00:00+00:00,195.84,196.21,194.48,194.63,14865.087
2025-08-27T01:00:00+00:00,194.62,196.74,193.78,196.26,26575.233
2025-08-27T02:00:00+00:00,196.26,199.71,195.61,198.27,37105.4
2025-08-27T03:00:00+00:00,198.28,202.84,196.95,201.95,36007.811
2025-08-27T04:00:00+00:00,201.94,205.66,201.71,205.16,31909.40160025
2025-08-27T05:00:00+00:00,205.17,205.33,202.53,202.85,21591.83943909
2025-08-27T06:00:00+00:00,202.86,204.11,201.91,202.23,23102.67595961
2025-08-27T07:00:00+00:00,202.23,202.7,200.84,202.42,19811.1488
2025-08-27T08:00:00+00:00,202.43,203.61,201.52,203.49,19436.186
2025-08-27T09:00:00+00:00,203.46,205.09,203.05,203.88,20909.98789523
2025-08-27T10:00:00+00:00,203.9,205.33,203.31,204.09,23109.01
2025-08-27T11:00:00+00:00,204.09,205.36,204.09,205.02,13674.881
2025-08-27T12:00:00+00:00,205.01,205.61,203.28,204.6,30932.11547573
2025-08-27T13:00:00+00:00,204.61,205.92,202.61,204.37,38644.695
2025-08-27T14:00:00+00:00,204.48,207.95,203.35,206.69,54764.759
2025-08-27T15:00:00+00:00,206.69,209.36,206.26,208.64,34180.41897611
2025-08-27T16:00:00+00:00,208.63,209.07,206.6,207.94,21020.343
2025-08-27T17:00:00+00:00,207.9,209.96,207.44,209.16,24194.271
2025-08-27T18:00:00+00:00,209.17,212.02,208.22,208.33,40440.429451
2025-08-27T19:00:00+00:00,208.34,209.25,205.9,206.37,34080.85156259
2025-08-27T20:00:00+00:00,206.41,209.45,202.87,208.56,122407.94127854
2025-08-27T21:00:00+00:00,208.55,208.74,204.84,205.57,24464.74699953
2025-08-27T22:00:00+00:00,205.58,205.7,203.42,204.35,26546.886
2025-08-27T23:00:00+00:00,204.33,205.34,202.56,202.97,20413.076
2025-08-28T00:00:00+00:00,202.96,205.09,201.74,203.99,31320.085
2025-08-28T01:00:00+00:00,203.95,206.43,203.2,205.89,20913.941
2025-08-28T02:00:00+00:00,205.9,207.81,205.29,206.24,19040.44695651
2025-08-28T03:00:00+00:00,206.25,208.33,206.04,208.13,17824.651
2025-08-28T04:00:00+00:00,208.15,212.46,207.47,212.0,52366.8279165
2025-08-28T05:00:00+00:00,212.0,213.07,210.75,211.62,43153.095
2025-08-28T06:00:00+00:00,211.63,211.86,209.69,211.68,29525.86549313
2025-08-28T07:00:00+00:00,211.67,213.25,210.52,213.1,27222.887
2025-08-28T08:00:00+00:00,213.09,216.43,212.94,214.19,68071.42969668
2025-08-28T09:00:00+00:00,214.18,214.23,211.51,211.6,27893.028
2025-08-28T10:00:00+00:00,211.6,213.92,211.33,213.92,19559.17293285
2025-08-28T11:00:00+00:00,213.92,213.95,212.42,213.14,15540.13799424
2025-08-28T12:00:00+00:00,213.16,214.3,212.02,213.13,30693.971
2025-08-28T13:00:00+00:00,213.14,216.88,212.17,212.74,59998.80167864
2025-08-28T14:00:00+00:00,212.77,216.0,211.7,215.63,45114.88699951
2025-08-28T15:00:00+00:00,215.58,216.02,210.22,211.06,41884.85990102
2025-08-28T16:00:00+00:00,211.06,213.97,207.2,207.44,47929.18789523
2025-08-28T17:00:00+00:00,207.44,210.71,207.32,210.43,25735.96648774
2025-08-28T18:00:00+00:00,210.37,212.7,209.51,212.06,19273.9910086
2025-08-28T19:00:00+00:00,212.06,213.01,209.81,209.92,22572.434
2025-08-28T20:00:00+00:00,209.95,213.63,209.64,213.21,19845.4020609
2025-08-28T21:00:00+00:00,213.24,213.95,211.87,213.71,15450.91799947
2025-08-28T22:00:00+00:00,213.72,215.79,213.56,214.19,24667.73009528
2025-08-28T23:00:00+00:00,214.19,215.28,213.69,214.38,18953.145
2025-08-29T00:00:00+00:00,214.42,217.93,214.1,215.07,43272.871
2025-08-29T01:00:00+00:00,215.07,215.41,211.68,213.48,36406.168
2025-08-29T02:00:00+00:00,213.48,217.49,212.8,215.28,27253.249
2025-08-29T03:00:00+00:00,215.31,217.77,214.24,216.86,19887.777
2025-08-29T04:00:00+00:00,216.86,217.91,216.06,217.08,17481.805
2025-08-29T05:00:00+00:00,217.1,217.19,214.67,215.78,27134.758
2025-08-29T06:00:00+00:00,215.8,216.19,212.71,212.71,54297.509
2025-08-29T07:00:00+00:00,212.71,212.71,207.9,208.79,70324.87819612
2025-08-29T08:00:00+00:00,208.8,210.05,206.18,206.81,40647.722
2025-08-29T09:00:00+00:00,206.8,208.0,205.38,207.72,30922.85302707
2025-08-29T10:00:00+00:00,207.71,209.39,206.91,207.59,19876.05
2025-08-29T11:00:00+00:00,207.59,209.16,206.76,207.62,17165.942
2025-08-29T12:00:00+00:00,207.64,214.92,207.14,211.89,62251.17808177
2025-08-29T13:00:00+00:00,211.87,211.99,207.72,208.99,52012.39
2025-08-29T14:00:00+00:00,209.0,210.99,206.86,207.52,50351.68270663
2025-08-29T15:00:00+00:00,207.59,210.56,203.83,204.47,41714.686
2025-08-29T16:00:00+00:00,204.5,205.49,202.76,204.9,40603.3906
2025-08-29T17:00:00+00:00,204.85,204.88,202.1,202.53,20945.002
2025-08-29T18:00:00+00:00,202.52,203.24,201.38,202.11,21749.237
2025-08-29T19:00:00+00:00,202.1,204.56,201.66,203.01,28012.9
2025-08-29T20:00:00+00:00,202.97,203.51,200.42,201.01,33031.49672657
2025-08-29T21:00:00+00:00,201.01,203.99,199.9,203.75,23887.87595907
2025-08-29T22:00:00+00:00,203.75,203.97,202.48,203.15,9348.686
2025-08-29T23:00:00+00:00,203.15,205.48,203.15,205.1,12290.11689203
2025-08-30T00:00:00+00:00,205.12,205.41,203.59,205.04,25405.657
2025-08-30T01:00:00+00:00,205.04,205.18,201.0,201.11,23200.237
2025-08-30T02:00:00+00:00,201.16,203.67,200.71,203.3,17339.99947645
2025-08-30T03:00:00+00:00,203.32,206.63,203.21,205.6,21987.48569822
2025-08-30T04:00:00+00:00,205.61,206.51,204.67,204.67,15945.841
2025-08-30T05:00:00+00:00,204.67,207.04,204.39,206.1,15826.594
2025-08-30T06:00:00+00:00,206.11,206.68,205.05,205.09,13995.575
2025-08-30T07:00:00+00:00,205.1,205.71,204.49,205.15,11989.33695697
2025-08-30T08:00:00+00:00,205.13,205.54,202.67,203.01,16071.282
2025-08-30T09:00:00+00:00,203.02,203.35,201.5,202.39,24934.425
2025-08-30T10:00:00+00:00,202.42,203.29,201.81,202.74,11618.258
2025-08-30T11:00:00+00:00,202.74,202.9,201.8,202.66,10678.271
2025-08-30T12:00:00+00:00,202.65,202.69,199.3,200.61,26363.71
2025-08-30T13:00:00+00:00,200.62,200.64,197.56,199.18,32057.539
2025-08-30T14:00:00+00:00,199.17,200.52,198.28,199.95,17179.739
2025-08-30T15:00:00+00:00,199.98,201.65,199.52,201.07,18418.947
2025-08-30T16:00:00+00:00,201.07,201.07,199.77,200.4,10105.379
2025-08-30T17:00:00+00:00,200.4,201.61,200.02,200.92,13387.701
2025-08-30T18:00:00+00:00,200.92,201.59,200.53,201.07,13015.364
2025-08-30T19:00:00+00:00,201.06,201.45,200.64,201.26,9631.789
2025-08-30T20:00:00+00:00,201.26,201.31,199.77,200.67,8526.852
2025-08-30T21:00:00+00:00,200.67,201.25,200.24,200.61,9337.68552513
2025-08-30T22:00:00+00:00,200.61,201.47,200.08,201.44,8632.317
2025-08-30T23:00:00+00:00,201.44,203.36,201.36,202.73,24415.604
2025-08-31T00:00:00+00:00,202.73,205.95,202.72,205.43,28452.268
2025-08-31T01:00:00+00:00,205.42,206.61,204.21,206.41,22174.70053381
2025-08-31T02:00:00+00:00,206.41,206.65,204.92,205.03,11949.749
2025-08-31T03:00:00+00:00,205.04,205.69,204.83,205.58,8084.179
2025-08-31T04:00:00+00:00,205.58,205.64,203.5,204.42,8888.66358725
2025-08-31T05:00:00+00:00,204.42,204.88,203.92,204.63,7765.80140447
2025-08-31T06:00:00+00:00,204.64,204.86,202.77,202.93,13471.42299186
2025-08-31T07:00:00+00:00,202.94,203.91,202.92,203.54,7253.622
2025-08-31T08:00:00+00:00,203.54,205.88,203.53,205.82,17787.39299181
2025-08-31T09:00:00+00:00,205.82,205.85,203.95,204.05,14356.8294964
2025-08-31T10:00:00+00:00,204.06,204.52,202.56,203.52,22569.386
2025-08-31T11:00:00+00:00,203.55,203.82,202.25,203.67,15519.03684133
2025-08-31T12:00:00+00:00,203.65,203.79,202.46,203.41,14179.792
2025-08-31T13:00:00+00:00,203.33,203.8,201.78,202.13,23662.43696926
2025-08-31T14:00:00+00:00,202.12,203.92,201.54,203.75,13091.139
2025-08-31T15:00:00+00:00,203.76,204.85,203.61,204.55,17457.07364914
2025-08-31T16:00:00+00:00,204.58,205.29,203.69,205.11,12836.632
2025-08-31T17:00:00+00:00,205.12,205.63,204.52,204.96,14129.01197467
2025-08-31T18:00:00+00:00,204.95,205.68,203.95,205.66,21348.006
2025-08-31T19:00:00+00:00,205.66,205.96,204.45,204.63,14164.10198785
2025-08-31T20:00:00+00:00,204.63,205.21,204.3,204.87,10483.549
2025-08-31T21:00:00+00:00,204.83,205.42,204.27,205.35,6767.73
2025-08-31T22:00:00+00:00,205.43,205.75,203.44,203.75,13859.181
2025-08-31T23:00:00+00:00,203.73,203.9,200.31,200.68,23672.67
2025-09-01T00:00:00+00:00,200.64,201.39,198.51,200.45,38029.65915887
2025-09-01T01:00:00+00:00,200.45,202.49,199.85,201.03,27279.59302751
2025-09-01T02:00:00+00:00,200.99,201.24,196.14,197.53,47332.15479521
2025-09-01T03:00:00+00:00,197.55,198.73,196.97,198.42,27756.76748495
2025-09-01T04:00:00+00:00,198.41,198.48,196.8,197.53,23231.42
2025-09-01T05:00:00+00:00,197.55,198.95,196.65,198.42,18240.71699274
2025-09-01T06:00:00+00:00,198.4,199.48,197.54,198.8,16795.434
2025-09-01T07:00:00+00:00,198.78,202.94,197.89,202.94,25929.982
2025-09-01T08:00:00+00:00,202.94,204.55,202.44,203.1,21724.10690953
2025-09-01T09:00:00+00:00,203.11,203.77,201.02,201.05,13804.5348035
2025-09-01T10:00:00+00:00,201.04,201.61,198.41,199.49,18951.37090744
2025-09-01T11:00:00+00:00,199.48,199.69,198.7,199.42,16171.307
2025-09-01T12:00:00+00:00,199.42,200.49,198.81,199.61,19826.084
2025-09-01T13:00:00+00:00,199.63,201.13,198.99,199.69,27545.191
2025-09-01T14:00:00+00:00,199.72,200.71,199.04,200.25,19466.875
2025-09-01T15:00:00+00:00,200.21,200.86,197.7,198.38,26492.118
2025-09-01T16:00:00+00:00,198.34,198.99,197.47,198.56,18436.15279894
2025-09-01T17:00:00+00:00,198.57,199.1,197.3,198.58,24666.46891007
2025-09-01T18:00:00+00:00,198.55,199.5,198.45,199.24,19082.607
2025-09-01T19:00:00+00:00,199.24,200.15,199.15,200.14,13527.95090848
2025-09-01T20:00:00+00:00,200.14,200.15,196.12,197.71,39531.4822728
2025-09-01T21:00:00+00:00,197.71,197.76,194.43,195.06,47671.907
2025-09-01T22:00:00+00:00,195.05,195.99,194.2,195.79,21788.707
2025-09-01T23:00:00+00:00,195.78,197.46,195.53,197.31,18511.051
2025-09-02T00:00:00+00:00,197.32,197.99,196.78,197.69,14177.863
2025-09-02T01:00:00+00:00,197.72,200.04,197.26,199.26,33569.842
2025-09-02T02:00:00+00:00,199.25,202.36,198.86,202.24,26459.73999969
2025-09-02T03:00:00+00:00,202.23,203.31,201.58,201.86,22860.03353022
2025-09-02T04:00:00+00:00,201.86,203.14,201.41,202.99,13715.89780274
2025-09-02T05:00:00+00:00,203.02,203.5,201.97,203.3,18605.018
2025-09-02T06:00:00+00:00,203.27,204.43,203.15,204.09,21620.97386764
2025-09-02T07:00:00+00:00,204.1,204.18,201.85,202.11,21041.36086167
2025-09-02T08:00:00+00:00,202.11,203.87,202.02,203.09,21386.0892755
2025-09-02T09:00:00+00:00,203.09,204.36,202.82,204.36,19101.123
2025-09-02T10:00:00+00:00,204.37,204.4,203.38,203.67,21640.92
2025-09-02T11:00:00+00:00,203.69,203.75,201.69,201.96,15651.70456256
2025-09-02T12:00:00+00:00,201.96,202.22,197.41,197.99,34813.925
2025-09-02T13:00:00+00:00,197.98,204.28,197.84,204.01,58803.83287171
2025-09-02T14:00:00+00:00,204.01,205.1,202.64,204.45,30853.65142332
2025-09-02T15:00:00+00:00,204.35,204.6,199.77,200.3,25295.996
2025-09-02T16:00:00+00:00,200.28,201.97,199.47,201.44,22065.245
2025-09-02T17:00:00+00:00,201.47,205.27,201.47,204.77,25505.80787789
2025-09-02T18:00:00+00:00,204.77,206.38,203.35,205.58,22541.52198548
2025-09-02T19:00:00+00:00,205.59,206.97,204.4,205.54,24206.738
2025-09-02T20:00:00+00:00,205.52,208.22,204.9,206.73,25811.428921
2025-09-02T21:00:00+00:00,206.74,208.04,206.66,207.28,11268.224
2025-09-02T22:00:00+00:00,207.28,208.85,206.59,208.69,13795.02010199
2025-09-02T23:00:00+00:00,208.64,209.64,207.94,209.6,15058.938
2025-09-03T00:00:00+00:00,209.6,210.42,207.94,208.36,23902.128
2025-09-03T01:00:00+00:00,208.36,211.79,207.42,211.48,21861.1
2025-09-03T02:00:00+00:00,211.46,211.93,210.36,211.27,27531.903
2025-09-03T03:00:00+00:00,211.27,211.88,209.34,210.03,23609.556
2025-09-03T04:00:00+00:00,210.0,210.44,209.23,210.29,11694.837
2025-09-03T05:00:00+00:00,210.29,210.46,208.92,209.02,17302.828
2025-09-03T06:00:00+00:00,209.06,209.4,208.01,208.49,16954.686
2025-09-03T07:00:00+00:00,208.45,209.4,208.05,209.36,11129.88
2025-09-03T08:00:00+00:00,209.35,210.72,208.88,209.37,16610.935
2025-09-03T09:00:00+00:00,209.39,209.66,208.14,209.61,16853.762
2025-09-03T10:00:00+00:00,209.64,210.38,208.96,209.9,21813.984
2025-09-03T11:00:00+00:00,209.89,211.35,209.6,210.38,20081.08564515
2025-09-03T12:00:00+00:00,210.39,211.39,208.8,209.14,15719.017
2025-09-03T13:00:00+00:00,209.14,213.0,209.13,211.65,28614.316
2025-09-03T14:00:00+00:00,211.66,212.72,210.4,212.07,26374.1850731
2025-09-03T15:00:00+00:00,212.08,212.65,210.93,211.37,21015.3045045
2025-09-03T16:00:00+00:00,211.38,211.97,209.49,209.95,19078.02599962
2025-09-03T17:00:00+00:00,209.95,211.55,209.95,210.83,15623.166
2025-09-03T18:00:00+00:00,210.83,211.17,208.86,209.66,11437.777
2025-09-03T19:00:00+00:00,209.65,210.45,209.29,210.38,10467.21318029
2025-09-03T20:00:00+00:00,210.38,210.45,209.24,209.44,8004.98252732
2025-09-03T21:00:00+00:00,209.45,209.55,208.41,208.91,7986.23730443
2025-09-03T22:00:00+00:00,208.88,209.88,208.56,209.88,9599.65099855
2025-09-03T23:00:00+00:00,209.89,210.94,209.66,210.76,9831.743
2025-09-04T00:00:00+00:00,210.76,211.93,210.48,211.21,13768.764
2025-09-04T01:00:00+00:00,211.23,211.25,209.77,210.35,12779.656
2025-09-04T02:00:00+00:00,210.39,210.5,207.5,208.21,15875.682
2025-09-04T03:00:00+00:00,208.25,208.67,207.58,208.15,14200.03
2025-09-04T04:00:00+00:00,208.16,208.53,206.99,207.17,10012.853
2025-09-04T05:00:00+00:00,207.17,207.17,205.67,206.79,19027.6027
2025-09-04T06:00:00+00:00,206.78,207.19,206.3,206.36,10054.05866301
2025-09-04T07:00:00+00:00,206.35,207.44,206.27,206.72,8362.204
2025-09-04T08:00:00+00:00,206.68,208.14,206.6,207.04,8619.799
2025-09-04T09:00:00+00:00,207.05,208.12,207.05,208.08,5978.128
2025-09-04T10:00:00+00:00,208.07,208.79,207.58,207.58,11982.027
2025-09-04T11:00:00+00:00,207.58,208.44,207.06,207.24,10366.82908964
2025-09-04T12:00:00+00:00,207.25,208.48,207.01,208.36,14645.23504043
2025-09-04T13:00:00+00:00,208.37,208.47,206.35,207.05,17211.196
2025-09-04T14:00:00+00:00,207.05,207.71,204.73,205.39,31537.158
2025-09-04T15:00:00+00:00,205.39,205.39,203.42,203.78,33281.74
2025-09-04T16:00:00+00:00,203.77,204.83,203.54,204.59,17728.64301789
2025-09-04T17:00:00+00:00,204.59,205.12,203.96,203.96,13013.58101074
2025-09-04T18:00:00+00:00,203.96,204.71,202.31,203.07,21773.405
2025-09-04T19:00:00+00:00,203.09,203.66,201.85,202.15,16866.3630385
2025-09-04T20:00:00+00:00,202.12,203.77,201.92,202.61,14706.52293078
2025-09-04T21:00:00+00:00,202.62,203.97,202.48,203.83,9594.341
2025-09-04T22:00:00+00:00,203.83,204.71,202.78,204.21,17469.742
2025-09-04T23:00:00+00:00,204.21,204.81,202.25,202.35,14994.636
2025-09-05T00:00:00+00:00,202.33,202.93,201.03,201.21,15764.211
2025-09-05T01:00:00+00:00,201.21,203.77,201.0,203.48,13031.15486732
2025-09-05T02:00:00+00:00,203.48,204.14,202.7,204.08,18434.84168891
2025-09-05T03:00:00+00:00,204.09,204.16,202.58,203.56,13254.529
2025-09-05T04:00:00+00:00,203.57,204.4,203.05,204.14,8519.29
2025-09-05T05:00:00+00:00,204.14,204.87,203.94,204.68,16129.796
2025-09-05T06:00:00+00:00,204.68,204.82,203.94,204.82,13373.913
2025-09-05T07:00:00+00:00,204.85,208.42,204.74,207.84,34665.1591396
2025-09-05T08:00:00+00:00,207.86,207.95,206.51,206.58,18627.59900141
2025-09-05T09:00:00+00:00,206.58,206.92,204.52,205.87,21637.43196249
2025-09-05T10:00:00+00:00,205.88,206.61,205.73,206.04,11301.47
2025-09-05T11:00:00+00:00,206.04,207.02,206.0,206.66,11710.47199888
2025-09-05T12:00:00+00:00,206.66,209.77,204.94,209.02,69004.54197204
2025-09-05T13:00:00+00:00,209.07,209.99,208.42,209.66,39286.36
2025-09-05T14:00:00+00:00,209.65,209.65,201.7,202.28,66041.2923145
2025-09-05T15:00:00+00:00,202.27,204.46,201.67,203.56,24216.15898514
2025-09-05T16:00:00+00:00,203.57,204.11,202.54,203.8,17454.63691055
2025-09-05T17:00:00+00:00,203.8,203.83,202.25,202.43,18942.8356
2025-09-05T18:00:00+00:00,202.43,204.74,201.96,204.34,16821.88721749
2025-09-05T19:00:00+00:00,204.32,205.54,203.9,205.42,17256.17855801
2025-09-05T20:00:00+00:00,205.41,205.68,204.45,205.56,12431.223
2025-09-05T21:00:00+00:00,205.57,205.68,202.91,203.14,30452.42392905
2025-09-05T22:00:00+00:00,203.14,204.36,202.71,204.12,9401.45498939
2025-09-05T23:00:00+00:00,204.11,204.49,203.3,203.39,7580.612
2025-09-06T00:00:00+00:00,203.4,204.27,203.21,203.89,7919.433
2025-09-06T01:00:00+00:00,203.89,204.63,203.5,204.42,6964.99492464
2025-09-06T02:00:00+00:00,204.42,204.63,203.16,204.31,8950.79090172
2025-09-06T03:00:00+00:00,204.31,204.56,203.83,204.05,6596.15191056
2025-09-06T04:00:00+00:00,204.07,204.07,203.18,203.23,4956.923
2025-09-06T05:00:00+00:00,203.22,203.32,202.13,202.27,7430.09
2025-09-06T06:00:00+00:00,202.27,202.66,202.13,202.46,6333.328
2025-09-06T07:00:00+00:00,202.46,203.25,202.42,203.05,4932.9857998
2025-09-06T08:00:00+00:00,203.04,203.54,202.68,203.48,5373.11591003
2025-09-06T09:00:00+00:00,203.48,203.48,202.69,202.72,5130.858
2025-09-06T10:00:00+00:00,202.72,203.1,202.43,202.91,6014.923
2025-09-06T11:00:00+00:00,202.91,202.92,201.92,202.39,8683.048
2025-09-06T12:00:00+00:00,202.4,202.86,202.23,202.3,6234.35999327
2025-09-06T13:00:00+00:00,202.3,202.49,201.42,202.33,10621.75882106
2025-09-06T14:00:00+00:00,202.34,202.66,201.88,202.05,10684.87693595
2025-09-06T15:00:00+00:00,202.06,202.29,201.02,201.26,18233.20286322
2025-09-06T16:00:00+00:00,201.26,202.31,200.81,201.61,24410.92291048
2025-09-06T17:00:00+00:00,201.62,201.78,199.68,200.15,19567.403
2025-09-06T18:00:00+00:00,200.12,200.82,199.35,200.04,16183.556
2025-09-06T19:00:00+00:00,200.05,200.28,199.4,199.71,8212.305
2025-09-06T20:00:00+00:00,199.74,200.83,199.71,200.83,11639.747
2025-09-06T21:00:00+00:00,200.84,201.22,200.39,200.81,8974.86799
2025-09-06T22:00:00+00:00,200.8,201.09,200.05,200.4,6397.418
2025-09-06T23:00:00+00:00,200.4,201.02,199.95,200.18,5380.788
2025-09-07T00:00:00+00:00,200.18,201.39,200.14,201.18,4616.09
2025-09-07T01:00:00+00:00,201.18,203.22,201.1,202.7,13373.811
2025-09-07T02:00:00+00:00,202.7,202.94,202.02,202.82,7621.423
2025-09-07T03:00:00+00:00,202.82,203.23,202.59,202.86,6806.57336841
2025-09-07T04:00:00+00:00,202.86,203.07,202.34,203.06,4688.227
2025-09-07T05:00:00+00:00,203.06,203.27,202.77,202.86,6338.679
2025-09-07T06:00:00+00:00,202.86,202.98,202.26,202.3,3940.194
2025-09-07T07:00:00+00:00,202.29,203.31,202.26,202.98,9454.257
2025-09-07T08:00:00+00:00,202.98,203.95,202.97,203.54,15092.27790977
2025-09-07T09:00:00+00:00,203.53,203.96,202.77,203.18,9383.726
2025-09-07T10:00:00+00:00,203.18,203.4,202.89,203.4,5138.783
2025-09-07T11:00:00+00:00,203.4,203.99,203.17,203.99,4927.115
2025-09-07T12:00:00+00:00,203.99,204.04,203.37,203.75,5877.469
2025-09-07T13:00:00+00:00,203.75,203.78,203.1,203.45,4680.123
2025-09-07T14:00:00+00:00,203.44,203.98,203.16,203.69,8921.75791697
2025-09-07T15:00:00+00:00,203.69,205.5,203.49,205.16,16818.01747061
2025-09-07T16:00:00+00:00,205.16,205.43,203.45,203.45,13910.11296123
2025-09-07T17:00:00+00:00,203.46,203.7,201.75,202.02,16418.941
2025-09-07T18:00:00+00:00,202.02,202.31,201.49,202.16,12259.488
2025-09-07T19:00:00+00:00,202.16,203.07,201.88,203.07,13271.176
2025-09-07T20:00:00+00:00,203.07,204.91,202.6,204.9,10956.903
2025-09-07T21:00:00+00:00,204.9,205.14,204.39,204.69,11263.237
2025-09-07T22:00:00+00:00,204.67,207.44,204.37,207.1,23137.358
2025-09-07T23:00:00+00:00,207.11,207.86,206.24,206.37,23912.56090894
2025-09-08T00:00:00+00:00,206.33,207.06,205.64,205.66,11125.11693061
2025-09-08T01:00:00+00:00,205.67,207.37,205.57,206.91,15209.462
2025-09-08T02:00:00+00:00,206.91,207.89,206.17,207.79,15898.887
2025-09-08T03:00:00+00:00,207.81,208.94,207.46,207.63,22525.24
2025-09-08T04:00:00+00:00,207.62,208.55,206.97,207.77,13786.144
2025-09-08T05:00:00+00:00,207.78,207.89,206.66,207.29,9966.687
2025-09-08T06:00:00+00:00,207.28,207.64,206.66,207.08,9884.411
2025-09-08T07:00:00+00:00,207.07,208.78,207.0,207.87,13576.386
2025-09-08T08:00:00+00:00,207.87,209.38,207.36,208.9,14599.013
2025-09-08T09:00:00+00:00,208.91,210.87,208.64,210.83,21278.71688082
2025-09-08T10:00:00+00:00,210.84,215.68,210.39,215.11,55236.62697745
2025-09-08T11:00:00+00:00,215.12,215.22,212.93,214.19,35191.117
2025-09-08T12:00:00+00:00,214.23,214.83,213.52,214.47,19817.315
2025-09-08T13:00:00+00:00,214.48,216.28,212.97,213.27,34406.54381709
2025-09-08T14:00:00+00:00,213.28,215.76,213.01,215.26,24131.931
2025-09-08T15:00:00+00:00,215.28,216.66,214.74,215.0,35025.006
2025-09-08T16:00:00+00:00,215.0,215.42,213.84,214.89,21328.16710034
2025-09-08T17:00:00+00:00,214.9,216.88,213.96,215.42,30175.42790816
2025-09-08T18:00:00+00:00,215.42,216.92,214.81,216.66,16086.86286915
2025-09-08T19:00:00+00:00,216.67,217.0,214.8,216.09,29090.622
2025-09-08T20:00:00+00:00,216.1,216.17,213.85,214.46,17899.636
2025-09-08T21:00:00+00:00,214.46,215.81,214.25,215.1,12770.061
2025-09-08T22:00:00+00:00,215.11,215.55,214.46,214.7,10286.98
2025-09-08T23:00:00+00:00,214.71,215.22,213.57,214.08,9891.28820768
2025-09-09T00:00:00+00:00,214.09,214.88,212.25,213.2,17270.743
2025-09-09T01:00:00+00:00,213.2,213.97,212.07,213.23,13379.781
2025-09-09T02:00:00+00:00,213.23,213.55,210.91,211.65,19431.12290817
2025-09-09T03:00:00+00:00,211.65,214.77,211.38,214.62,16608.8666
2025-09-09T04:00:00+00:00,214.6,215.63,213.93,214.87,19329.17398503
2025-09-09T05:00:00+00:00,214.86,215.44,214.06,215.24,8587.902
2025-09-09T06:00:00+00:00,215.24,219.73,215.03,218.43,34691.2667
2025-09-09T07:00:00+00:00,218.44,219.78,218.35,219.23,19536.397
2025-09-09T08:00:00+00:00,219.24,219.5,218.46,219.01,10224.21352237
2025-09-09T09:00:00+00:00,219.01,219.26,218.52,218.95,9547.085
2025-09-09T10:00:00+00:00,218.95,219.12,217.45,217.75,14203.783
2025-09-09T11:00:00+00:00,217.75,218.0,217.01,217.22,13789.805
2025-09-09T12:00:00+00:00,217.22,218.36,216.61,217.66,19136.34890862
2025-09-09T13:00:00+00:00,217.65,218.44,216.34,217.98,19998.157
2025-09-09T14:00:00+00:00,218.04,218.54,213.34,215.54,53497.063
2025-09-09T15:00:00+00:00,215.51,215.79,211.8,213.09,55638.18917671
2025-09-09T16:00:00+00:00,213.09,214.95,213.03,214.2,21917.474
2025-09-09T17:00:00+00:00,214.2,215.67,214.06,214.92,19473.02990802
2025-09-09T18:00:00+00:00,214.93,216.86,214.48,216.4,22604.46
2025-09-09T19:00:00+00:00,216.43,216.97,215.83,216.35,11764.786
2025-09-09T20:00:00+00:00,216.34,216.39,215.24,216.32,15773.016
2025-09-09T21:00:00+00:00,216.33,216.6,215.17,215.2,12454.969
2025-09-09T22:00:00+00:00,215.2,217.38,215.02,217.15,12601.55553193
2025-09-09T23:00:00+00:00,217.25,217.79,216.62,217.19,10391.776
2025-09-10T00:00:00+00:00,217.22,217.53,215.11,215.24,14632.053
2025-09-10T01:00:00+00:00,215.24,216.54,215.16,216.32,12290.444
2025-09-10T02:00:00+00:00,216.32,219.59,216.32,219.15,32778.9035806
2025-09-10T03:00:00+00:00,219.15,219.49,218.09,219.15,13579.22390782
2025-09-10T04:00:00+00:00,219.2,219.2,217.84,218.41,9739.63019922
2025-09-10T05:00:00+00:00,218.41,219.28,217.89,218.63,10294.866
2025-09-10T06:00:00+00:00,218.64,219.55,218.0,219.17,17531.544
2025-09-10T07:00:00+00:00,219.18,222.84,219.09,222.2,34212.675
2025-09-10T08:00:00+00:00,222.2,222.4,220.41,220.74,19932.065
2025-09-10T09:00:00+00:00,220.75,221.22,219.93,220.44,14851.994
2025-09-10T10:00:00+00:00,220.44,220.58,218.86,220.06,18347.09999956215
2025-09-10T11:00:00+00:00,220.07,220.41,218.95,220.25,12974.24
2025-09-10T12:00:00+00:00,220.23,224.88,219.72,223.39,59136.53471281
2025-09-10T13:00:00+00:00,223.39,225.94,222.6,224.08,39254.4738
2025-09-10T14:00:00+00:00,224.11,225.04,222.28,222.65,27466.812
2025-09-10T15:00:00+00:00,222.68,224.04,222.68,223.08,19623.146
2025-09-10T16:00:00+00:00,223.13,223.93,222.42,223.77,19243.585
2025-09-10T17:00:00+00:00,223.78,224.1,221.58,222.69,16346.532
2025-09-10T18:00:00+00:00,222.62,223.14,221.31,222.86,15711.667
2025-09-10T19:00:00+00:00,222.86,222.88,220.6,221.25,17731.618
2025-09-10T20:00:00+00:00,221.25,222.63,220.97,222.52,13566.743
2025-09-10T21:00:00+00:00,222.53,223.71,222.38,223.44,14703.788
2025-09-10T22:00:00+00:00,223.44,224.63,223.16,224.45,11819.308
2025-09-10T23:00:00+00:00,224.49,224.58,223.68,224.06,8706.353
2025-09-11T00:00:00+00:00,224.07,225.43,223.86,225.01,12171.127
2025-09-11T01:00:00+00:00,225.01,225.6,224.5,224.82,12738.74791558
2025-09-11T02:00:00+00:00,224.83,225.05,223.02,223.02,14047.667
2025-09-11T03:00:00+00:00,223.02,224.57,223.02,224.22,8452.013
2025-09-11T04:00:00+00:00,224.18,224.26,222.61,223.51,12744.1064
2025-09-11T05:00:00+00:00,223.54,223.98,221.74,222.3,14061.826
2025-09-11T06:00:00+00:00,222.29,223.61,221.96,223.29,10357.356
2025-09-11T07:00:00+00:00,223.32,223.52,221.95,223.23,10190.02
2025-09-11T08:00:00+00:00,223.24,223.55,222.32,223.55,12655.577
2025-09-11T09:00:00+00:00,223.55,225.19,223.49,224.45,26990.0718
2025-09-11T10:00:00+00:00,224.48,225.85,224.36,225.77,22732.63040605
2025-09-11T11:00:00+00:00,225.75,225.75,224.46,225.02,12088.066
2025-09-11T12:00:00+00:00,225.05,228.85,222.82,226.69,81541.29680757
2025-09-11T13:00:00+00:00,226.75,228.88,224.3,228.17,37716.54796232
2025-09-11T14:00:00+00:00,228.23,228.25,225.64,227.09,21311.916
2025-09-11T15:00:00+00:00,227.1,227.26,225.41,226.83,15789.42390839
2025-09-11T16:00:00+00:00,226.84,228.31,225.32,225.9,18450.048
2025-09-11T17:00:00+00:00,225.89,227.73,225.68,227.48,15082.38690788
2025-09-11T18:00:00+00:00,227.48,227.73,225.97,226.32,9518.72581631
2025-09-11T19:00:00+00:00,226.32,226.87,225.95,226.64,8215.54590842
2025-09-11T20:00:00+00:00,226.68,226.69,225.52,225.57,17937.368
2025-09-11T21:00:00+00:00,225.55,227.0,225.53,226.68,6583.786
2025-09-11T22:00:00+00:00,226.71,228.49,226.37,228.03,22191.04399884
2025-09-11T23:00:00+00:00,228.03,228.87,227.93,228.7,9623.826
2025-09-12T00:00:00+00:00,228.7,234.871,228.07,232.98,39371.0968
2025-09-12T01:00:00+00:00,232.99,233.93,231.57,232.22,16460.136
2025-09-12T02:00:00+00:00,232.22,233.82,232.17,232.7,15682.377
2025-09-12T03:00:00+00:00,232.7,235.74,232.23,235.08,15432.6351
2025-09-12T04:00:00+00:00,235.08,238.15,234.23,237.49,58116.97017665
2025-09-12T05:00:00+00:00,237.48,239.86,237.16,238.7,46994.8214
2025-09-12T06:00:00+00:00,238.69,238.69,237.3,238.16,29162.407
2025-09-12T07:00:00+00:00,238.15,238.88,237.07,237.35,14677.392
2025-09-12T08:00:00+00:00,237.37,238.4,237.02,237.71,25691.97434673
2025-09-12T09:00:00+00:00,237.72,238.54,237.43,238.44,11543.3899801
2025-09-12T10:00:00+00:00,238.44,239.25,237.54,239.07,11777.036
2025-09-12T11:00:00+00:00,239.06,239.52,238.54,239.16,11130.772
2025-09-12T12:00:00+00:00,239.19,240.35,237.62,239.28,21375.3493
2025-09-12T13:00:00+00:00,239.33,240.05,238.05,239.53,28634.524
2025-09-12T14:00:00+00:00,239.52,241.77,238.96,240.3,40006.2396
2025-09-12T15:00:00+00:00,240.3,240.33,238.55,239.38,27547.46890808
2025-09-12T16:00:00+00:00,239.38,239.39,238.02,238.82,17207.08690809
2025-09-12T17:00:00+00:00,238.82,241.29,238.26,240.26,22529.18189872
2025-09-12T18:00:00+00:00,240.25,241.49,239.87,240.73,16871.339
2025-09-12T19:00:00+00:00,240.74,241.25,239.64,241.03,13579.692
2025-09-12T20:00:00+00:00,241.01,241.24,239.01,239.71,22109.291
2025-09-12T21:00:00+00:00,239.72,240.27,238.39,240.07,15961.594
2025-09-12T22:00:00+00:00,240.07,244.11,240.07,241.14,21042.74779933
2025-09-12T23:00:00+00:00,241.14,242.7,239.99,242.18,14868.157
2025-09-13T00:00:00+00:00,242.18,243.75,241.62,243.17,15643.80933506
2025-09-13T01:00:00+00:00,243.17,244.13,241.61,241.62,15918.662
2025-09-13T02:00:00+00:00,241.62,242.88,240.71,242.57,13097.51195576
2025-09-13T03:00:00+00:00,242.55,243.99,241.89,243.64,13290.399
2025-09-13T04:00:00+00:00,243.63,243.69,242.53,242.98,10393.70726047
2025-09-13T05:00:00+00:00,242.98,243.33,241.25,241.68,9185.19490946
2025-09-13T06:00:00+00:00,241.68,242.8,241.67,242.7,11930.261
2025-09-13T07:00:00+00:00,242.7,243.17,242.39,242.48,6001.706
2025-09-13T08:00:00+00:00,242.48,243.5,242.08,243.5,9165.99790776
2025-09-13T09:00:00+00:00,243.5,243.72,242.78,243.45,13577.25290773
2025-09-13T10:00:00+00:00,243.45,243.46,242.28,242.68,19128.149
2025-09-13T11:00:00+00:00,242.68,242.68,241.35,241.98,13818.983
2025-09-13T12:00:00+00:00,241.98,242.59,241.44,242.47,8164.976
2025-09-13T13:00:00+00:00,242.48,243.06,238.01,240.12,20920.328
2025-09-13T14:00:00+00:00,240.06,241.07,238.59,240.34,17133.0
2025-09-13T15:00:00+00:00,240.35,240.85,238.51,239.43,20318.591
2025-09-13T16:00:00+00:00,239.44,239.67,237.35,237.5,19376.409
2025-09-13T17:00:00+00:00,237.53,238.37,235.8,237.82,29376.869
2025-09-13T18:00:00+00:00,237.79,238.88,237.16,238.46,7490.536
2025-09-13T19:00:00+00:00,238.46,239.32,238.11,238.95,6922.795
2025-09-13T20:00:00+00:00,238.98,240.37,238.85,240.22,8852.68190721
2025-09-13T21:00:00+00:00,240.24,241.42,239.88,240.03,6076.75
2025-09-13T22:00:00+00:00,240.08,242.01,239.99,241.9,11308.102
2025-09-13T23:00:00+00:00,241.9,243.11,241.71,242.34,9828.247
2025-09-14T00:00:00+00:00,242.38,244.01,242.22,243.51,19682.641
2025-09-14T01:00:00+00:00,243.51,246.54,242.81,245.8,20083.189
2025-09-14T02:00:00+00:00,245.8,249.21,245.77,248.64,25077.98372508
2025-09-14T03:00:00+00:00,248.65,249.582,246.81,246.85,14541.6399
2025-09-14T04:00:00+00:00,246.89,247.92,244.5,246.21,15464.23
2025-09-14T05:00:00+00:00,246.23,248.11,246.05,247.76,16579.39106796
2025-09-14T06:00:00+00:00,247.74,248.35,246.31,247.06,22490.456
2025-09-14T07:00:00+00:00,247.07,247.24,245.43,246.4,17134.1423
2025-09-14T08:00:00+00:00,246.4,247.12,245.9,246.43,9192.777
2025-09-14T09:00:00+00:00,246.43,247.84,246.14,247.78,8219.6672015
2025-09-14T10:00:00+00:00,247.79,248.12,247.02,247.67,8316.973
2025-09-14T11:00:00+00:00,247.67,247.91,245.59,246.1,11769.517
2025-09-14T12:00:00+00:00,246.09,246.74,244.71,245.24,14732.31287269
2025-09-14T13:00:00+00:00,245.28,245.87,243.36,243.79,20863.09772851
2025-09-14T14:00:00+00:00,243.79,245.11,241.59,243.32,28119.09872139
2025-09-14T15:00:00+00:00,243.26,244.25,241.91,243.83,19161.109
2025-09-14T16:00:00+00:00,243.83,245.83,243.44,245.17,14274.922
2025-09-14T17:00:00+00:00,245.18,248.45,244.56,247.94,15941.452
2025-09-14T18:00:00+00:00,247.94,247.98,244.66,244.67,17380.9474022
2025-09-14T19:00:00+00:00,244.67,245.27,242.15,242.55,16214.7368
2025-09-14T20:00:00+00:00,242.54,243.5,241.05,242.44,13989.421
2025-09-14T21:00:00+00:00,242.45,244.72,240.59,244.09,16473.30459933
2025-09-14T22:00:00+00:00,244.14,244.28,240.23,243.0,25690.934
2025-09-14T23:00:00+00:00,242.98,242.98,239.25,239.81,14500.60689837
2025-09-15T00:00:00+00:00,239.78,242.16,239.67,240.8,9589.669
2025-09-15T01:00:00+00:00,240.7,241.77,239.18,241.14,14047.34
2025-09-15T02:00:00+00:00,241.14,242.76,240.36,242.08,12325.614
2025-09-15T03:00:00+00:00,242.09,243.39,242.01,242.64,9049.65690871
2025-09-15T04:00:00+00:00,242.65,243.54,242.06,242.85,14592.81309199
2025-09-15T05:00:00+00:00,242.84,243.97,242.63,243.97,11557.921
2025-09-15T06:00:00+00:00,243.98,244.01,239.6,240.35,18811.91623737
2025-09-15T07:00:00+00:00,240.3,241.27,236.18,237.98,26247.01191026
2025-09-15T08:00:00+00:00,237.98,238.1,231.83,232.09,52405.585
2025-09-15T09:00:00+00:00,232.05,235.59,231.6,235.59,23128.476
2025-09-15T10:00:00+00:00,235.58,236.84,234.09,236.19,16965.39
2025-09-15T11:00:00+00:00,236.19,236.96,235.24,236.43,14669.64783749
2025-09-15T12:00:00+00:00,236.47,238.12,234.43,234.77,23165.32159714
2025-09-15T13:00:00+00:00,234.8,237.09,234.17,235.2,23798.00216485
2025-09-15T14:00:00+00:00,235.23,235.62,232.76,233.49,14843.499
2025-09-15T15:00:00+00:00,233.5,234.41,232.01,233.01,24546.702
2025-09-15T16:00:00+00:00,232.99,233.62,230.71,231.41,17133.92190071
2025-09-15T17:00:00+00:00,231.39,233.37,230.18,233.32,19657.89127772
2025-09-15T18:00:00+00:00,233.28,233.61,232.26,233.27,12230.778
2025-09-15T19:00:00+00:00,233.26,234.65,231.94,232.98,24629.878
2025-09-15T20:00:00+00:00,233.03,234.45,232.79,234.36,15541.895
2025-09-15T21:00:00+00:00,234.37,235.34,233.72,235.18,11741.91
2025-09-15T22:00:00+00:00,235.16,235.33,233.67,233.9,9605.118
2025-09-15T23:00:00+00:00,233.9,234.52,233.02,234.32,7669.006
2025-09-16T00:00:00+00:00,234.32,234.68,232.88,233.81,9856.20565656
2025-09-16T01:00:00+00:00,233.82,235.67,233.81,233.97,12221.042
2025-09-16T02:00:00+00:00,233.98,235.02,233.86,233.86,7313.86299916
2025-09-16T03:00:00+00:00,233.87,235.75,233.85,235.06,11347.391
2025-09-16T04:00:00+00:00,235.07,235.23,232.95,234.48,10786.26624605
2025-09-16T05:00:00+00:00,234.49,236.56,234.39,236.54,13373.02095989
2025-09-16T06:00:00+00:00,236.56,237.01,234.75,235.87,12641.451
2025-09-16T07:00:00+00:00,235.87,236.41,235.35,235.79,9626.57198888
2025-09-16T08:00:00+00:00,235.78,236.9,235.15,236.11,11461.952
2025-09-16T09:00:00+00:00,236.11,236.35,234.9,235.32,8437.086
2025-09-16T10:00:00+00:00,235.33,235.99,234.78,235.26,7497.32
2025-09-16T11:00:00+00:00,235.25,235.9,234.82,235.36,10575.278
2025-09-16T12:00:00+00:00,235.36,235.89,234.42,235.26,9628.669
2025-09-16T13:00:00+00:00,235.25,235.64,231.45,233.1,21381.7
2025-09-16T14:00:00+00:00,233.1,234.36,231.18,234.17,21149.936
2025-09-16T15:00:00+00:00,234.19,238.01,233.14,237.78,27456.21999934
2025-09-16T16:00:00+00:00,237.75,239.24,236.25,238.22,22401.76845994
2025-09-16T17:00:00+00:00,238.2,240.89,237.81,238.16,25028.298
2025-09-16T18:00:00+00:00,238.15,239.04,236.88,237.63,13101.94699953
2025-09-16T19:00:00+00:00,237.66,238.36,237.03,237.8,11632.873
2025-09-16T20:00:00+00:00,237.85,238.45,237.34,238.31,8179.756
2025-09-16T21:00:00+00:00,238.32,238.79,237.21,238.53,8281.31302
2025-09-16T22:00:00+00:00,238.56,238.99,237.37,237.96,11990.786
2025-09-16T23:00:00+00:00,237.96,238.24,236.5,237.0,9951.253
2025-09-17T00:00:00+00:00,237.01,237.1,235.63,236.26,13168.806
2025-09-17T01:00:00+00:00,236.27,236.98,235.92,236.33,7900.889
2025-09-17T02:00:00+00:00,236.38,237.89,235.91,236.42,9977.699
2025-09-17T03:00:00+00:00,236.42,236.59,233.92,234.14,15707.367
2025-09-17T04:00:00+00:00,234.14,234.78,233.49,233.8,11490.161
2025-09-17T05:00:00+00:00,233.81,235.43,233.29,235.06,15282.683
2025-09-17T06:00:00+00:00,235.07,236.66,234.81,236.11,15951.6282
2025-09-17T07:00:00+00:00,236.06,238.1,235.77,237.72,20886.25726791
2025-09-17T08:00:00+00:00,237.71,237.71,235.1,235.91,24836.904
2025-09-17T09:00:00+00:00,235.88,236.33,235.1,235.15,10916.241
2025-09-17T10:00:00+00:00,235.15,236.34,233.69,234.16,15715.90003038
2025-09-17T11:00:00+00:00,234.17,234.69,233.93,234.16,7197.464
2025-09-17T12:00:00+00:00,234.18,235.33,233.99,234.76,10099.518
2025-09-17T13:00:00+00:00,234.76,235.94,234.22,235.39,14715.017
2025-09-17T14:00:00+00:00,235.49,235.92,233.56,233.93,14460.526
2025-09-17T15:00:00+00:00,233.97,235.17,233.68,233.93,11492.62
2025-09-17T16:00:00+00:00,233.93,234.75,232.33,234.1,14782.422
2025-09-17T17:00:00+00:00,234.1,237.14,232.47,232.7,30554.85
2025-09-17T18:00:00+00:00,232.7,239.65,232.4,233.7,104075.27914998
2025-09-17T19:00:00+00:00,233.71,239.05,233.54,238.75,29099.06137113
2025-09-17T20:00:00+00:00,238.74,241.18,237.64,238.07,20148.972
2025-09-17T21:00:00+00:00,238.01,240.67,236.02,240.27,15991.101
2025-09-17T22:00:00+00:00,240.28,245.66,240.28,244.9,27978.019
2025-09-17T23:00:00+00:00,244.89,246.59,243.81,244.84,17038.066
2025-09-18T00:00:00+00:00,244.86,246.05,244.16,244.73,12601.880281
2025-09-18T01:00:00+00:00,244.73,247.46,244.5,246.28,14677.663
2025-09-18T02:00:00+00:00,246.33,246.6,245.12,246.43,10902.128
2025-09-18T03:00:00+00:00,246.41,247.81,246.13,246.72,16869.373
2025-09-18T04:00:00+00:00,246.73,246.97,245.61,246.26,12133.63846591
2025-09-18T05:00:00+00:00,246.27,246.36,244.35,244.94,8269.3428756
2025-09-18T06:00:00+00:00,244.95,245.08,242.61,244.27,14469.323
2025-09-18T07:00:00+00:00,244.28,245.28,244.27,244.72,8623.28481398
2025-09-18T08:00:00+00:00,244.71,247.16,244.34,247.02,16413.366
2025-09-18T09:00:00+00:00,247.02,247.11,246.13,247.09,10752.447
2025-09-18T10:00:00+00:00,247.09,247.1,245.32,246.06,11597.36806724
2025-09-18T11:00:00+00:00,246.06,247.04,245.67,245.97,11062.8665776
2025-09-18T12:00:00+00:00,245.98,246.9,245.86,246.02,8558.299
2025-09-18T13:00:00+00:00,246.02,248.42,245.04,246.2,29718.13172033
2025-09-18T14:00:00+00:00,246.16,248.13,246.14,247.69,20540.3281305
2025-09-18T15:00:00+00:00,247.74,248.94,247.3,248.22,21067.42399968
2025-09-18T16:00:00+00:00,248.22,250.14,247.65,249.74,28882.57986777
2025-09-18T17:00:00+00:00,249.74,253.41,249.25,251.36,35120.7427215
2025-09-18T18:00:00+00:00,251.35,251.4,249.81,250.42,11673.684
2025-09-18T19:00:00+00:00,250.43,250.45,247.36,248.33,24224.231
2025-09-18T20:00:00+00:00,248.36,249.14,247.87,248.33,14613.961
2025-09-18T21:00:00+00:00,248.31,248.58,246.2,247.61,20185.01978153
2025-09-18T22:00:00+00:00,247.61,248.15,246.88,247.06,18582.339
2025-09-18T23:00:00+00:00,247.06,247.65,245.89,247.48,16355.044
2025-09-19T00:00:00+00:00,247.48,248.27,247.17,248.16,7532.062
2025-09-19T01:00:00+00:00,248.16,248.5,246.79,247.45,9418.153
2025-09-19T02:00:00+00:00,247.45,247.99,246.46,246.71,6799.395
2025-09-19T03:00:00+00:00,246.76,247.75,244.72,245.03,11308.6959026
2025-09-19T04:00:00+00:00,245.02,245.53,242.91,245.12,19703.568
2025-09-19T05:00:00+00:00,245.06,245.76,244.35,245.69,8373.337
2025-09-19T06:00:00+00:00,245.69,245.7,243.52,243.63,13069.147
2025-09-19T07:00:00+00:00,243.64,244.85,243.18,243.84,8872.29998596
2025-09-19T08:00:00+00:00,243.83,244.85,243.5,243.84,7988.22599968
2025-09-19T09:00:00+00:00,243.84,244.34,242.21,242.89,9565.096
2025-09-19T10:00:00+00:00,242.9,242.99,241.79,242.39,10840.97632393
2025-09-19T11:00:00+00:00,242.37,242.45,240.22,240.93,15460.25875368
2025-09-19T12:00:00+00:00,240.93,242.05,240.47,240.88,12137.79832148
2025-09-19T13:00:00+00:00,240.87,242.27,240.71,242.11,11543.609
2025-09-19T14:00:00+00:00,242.11,242.7,239.58,239.6,15472.85096138
2025-09-19T15:00:00+00:00,239.6,239.6,235.86,237.55,31918.102
2025-09-19T16:00:00+00:00,237.55,238.89,237.24,238.63,10495.63798345
2025-09-19T17:00:00+00:00,238.63,238.7,236.52,236.68,12914.9265
2025-09-19T18:00:00+00:00,236.66,237.09,235.16,236.98,11871.484
2025-09-19T19:00:00+00:00,237.0,237.98,235.96,236.0,13526.851
2025-09-19T20:00:00+00:00,236.0,237.82,236.0,237.08,16893.32213999
2025-09-19T21:00:00+00:00,237.03,238.41,236.51,238.41,5409.358
2025-09-19T22:00:00+00:00,238.41,238.85,238.36,238.56,3824.387
2025-09-19T23:00:00+00:00,238.56,238.56,236.85,238.54,9404.362
2025-09-20T00:00:00+00:00,238.55,239.7,238.29,239.67,7337.51714296
2025-09-20T01:00:00+00:00,239.68,239.96,238.42,238.42,5668.847
2025-09-20T02:00:00+00:00,238.41,238.53,237.4,238.47,6796.236
2025-09-20T03:00:00+00:00,238.44,238.44,237.79,238.1,3743.565
2025-09-20T04:00:00+00:00,238.1,238.91,237.77,238.79,4960.926
2025-09-20T05:00:00+00:00,238.74,239.5,238.49,239.43,4266.381
2025-09-20T06:00:00+00:00,239.43,239.43,238.77,239.16,3442.149
2025-09-20T07:00:00+00:00,239.16,239.78,239.0,239.78,4182.293
2025-09-20T08:00:00+00:00,239.78,239.79,237.54,237.64,6166.511
2025-09-20T09:00:00+00:00,237.64,238.12,237.21,237.24,6291.403
2025-09-20T10:00:00+00:00,237.24,237.86,236.92,237.36,5132.947
2025-09-20T11:00:00+00:00,237.36,238.44,237.34,238.2,6329.059
2025-09-20T12:00:00+00:00,238.2,238.24,237.34,237.71,4667.364
2025-09-20T13:00:00+00:00,237.72,238.11,237.41,237.49,4453.12199344
2025-09-20T14:00:00+00:00,237.49,238.97,237.07,238.77,6153.00599201
2025-09-20T15:00:00+00:00,238.78,241.2,238.78,240.1,12466.041
2025-09-20T16:00:00+00:00,240.11,241.07,239.24,240.41,6386.511
2025-09-20T17:00:00+00:00,240.41,240.56,238.95,239.17,7733.528
2025-09-20T18:00:00+00:00,239.16,239.16,238.27,238.42,7709.2812
2025-09-20T19:00:00+00:00,238.43,239.06,238.0,238.65,6515.167
2025-09-20T20:00:00+00:00,238.65,239.83,238.47,239.7,6734.762
2025-09-20T21:00:00+00:00,239.73,240.29,239.47,239.82,4561.37864304
2025-09-20T22:00:00+00:00,239.8,240.2,239.37,240.13,2997.657
2025-09-20T23:00:00+00:00,240.13,240.19,239.03,239.51,2977.69
2025-09-21T00:00:00+00:00,239.5,240.7,239.0,240.67,4451.466
2025-09-21T01:00:00+00:00,240.68,240.75,239.92,240.15,4490.902
2025-09-21T02:00:00+00:00,240.13,241.08,239.92,241.08,5050.17
2025-09-21T03:00:00+00:00,241.08,241.76,240.49,241.76,4943.061
2025-09-21T04:00:00+00:00,241.77,241.8,240.4,240.56,4151.99
2025-09-21T05:00:00+00:00,240.54,240.81,240.21,240.38,3860.768
2025-09-21T06:00:00+00:00,240.39,241.12,240.2,240.34,4521.7
2025-09-21T07:00:00+00:00,240.34,240.34,239.49,239.9,5619.673
2025-09-21T08:00:00+00:00,239.9,240.07,238.56,238.84,5598.73939
2025-09-21T09:00:00+00:00,238.85,239.04,237.14,238.47,9013.39801817
2025-09-21T10:00:00+00:00,238.48,239.23,238.06,238.41,5333.58492763
2025-09-21T11:00:00+00:00,238.39,239.08,238.22,238.69,4994.188
2025-09-21T12:00:00+00:00,238.67,240.02,238.57,239.53,5702.518
2025-09-21T13:00:00+00:00,239.54,240.3,239.2,239.53,4693.717
2025-09-21T14:00:00+00:00,239.52,239.91,238.47,238.6,5496.513
2025-09-21T15:00:00+00:00,238.6,238.72,237.74,237.91,6600.939
2025-09-21T16:00:00+00:00,237.94,238.44,236.13,237.06,11648.40712914
2025-09-21T17:00:00+00:00,237.06,237.83,236.29,237.77,8139.585
2025-09-21T18:00:00+00:00,237.8,238.11,237.19,238.11,4680.769
2025-09-21T19:00:00+00:00,238.11,238.15,237.16,238.01,4846.501
2025-09-21T20:00:00+00:00,238.01,238.02,237.27,237.63,4372.186
2025-09-21T21:00:00+00:00,237.65,237.76,236.7,237.29,4611.48
2025-09-21T22:00:00+00:00,237.28,238.1,235.34,237.93,13283.796
2025-09-21T23:00:00+00:00,237.93,237.93,235.97,236.19,6933.689
2025-09-22T00:00:00+00:00,236.17,236.95,231.33,232.33,32438.21499937
2025-09-22T01:00:00+00:00,232.29,234.74,232.11,233.23,19079.98
2025-09-22T02:00:00+00:00,233.22,234.0,230.52,231.72,25535.83247884
2025-09-22T03:00:00+00:00,231.72,233.03,231.66,232.81,13735.87
2025-09-22T04:00:00+00:00,232.82,233.18,231.65,231.76,6816.415
2025-09-22T05:00:00+00:00,231.75,231.96,224.91,225.07,22259.962
2025-09-22T06:00:00+00:00,225.03,225.45,213.29,224.47,84248.88898654
2025-09-22T07:00:00+00:00,224.46,224.52,221.78,221.89,26838.465
2025-09-22T08:00:00+00:00,221.89,222.77,221.01,221.5,17918.99355291
2025-09-22T09:00:00+00:00,221.51,221.66,219.37,220.48,28959.23430289
2025-09-22T10:00:00+00:00,220.51,222.67,219.96,222.42,17935.76357579
2025-09-22T11:00:00+00:00,222.41,222.77,221.1,221.47,13091.407
2025-09-22T12:00:00+00:00,221.48,222.94,220.65,222.91,13667.934
2025-09-22T13:00:00+00:00,222.88,224.02,221.39,223.77,22551.362
2025-09-22T14:00:00+00:00,223.72,224.02,220.96,221.43,21014.368
2025-09-22T15:00:00+00:00,221.42,221.74,219.95,220.74,21048.21
2025-09-22T16:00:00+00:00,220.74,221.51,219.25,219.7,22262.33
2025-09-22T17:00:00+00:00,219.73,221.39,217.9,221.13,23315.042
2025-09-22T18:00:00+00:00,221.09,221.22,219.49,219.5,9972.519
2025-09-22T19:00:00+00:00,219.5,219.59,216.59,217.11,28303.927
2025-09-22T20:00:00+00:00,217.09,219.76,216.47,219.5,23823.87499449
2025-09-22T21:00:00+00:00,219.5,221.08,218.95,220.91,18002.694
2025-09-22T22:00:00+00:00,220.9,220.9,219.75,219.87,9880.198
2025-09-22T23:00:00+00:00,219.87,220.58,219.75,220.43,8100.9519871
2025-09-23T00:00:00+00:00,220.43,221.38,219.46,219.7,12965.184
2025-09-23T01:00:00+00:00,219.7,219.92,216.62,216.63,15933.543
2025-09-23T02:00:00+00:00,216.63,217.82,213.88,214.12,20888.09
2025-09-23T03:00:00+00:00,214.09,217.81,212.36,216.94,27913.797
2025-09-23T04:00:00+00:00,216.95,217.43,214.0,215.78,16636.329
2025-09-23T05:00:00+00:00,215.77,217.8,214.68,216.94,13137.687
2025-09-23T06:00:00+00:00,216.95,220.28,216.91,219.21,20553.72390127
2025-09-23T07:00:00+00:00,219.21,219.46,218.61,218.95,9841.606
2025-09-23T08:00:00+00:00,219.0,220.33,218.47,220.06,11790.054
2025-09-23T09:00:00+00:00,220.07,220.86,218.25,218.7,8282.757
2025-09-23T10:00:00+00:00,218.68,219.25,218.25,219.09,7242.438
2025-09-23T11:00:00+00:00,219.1,219.64,217.9,219.37,7729.253
2025-09-23T12:00:00+00:00,219.36,220.64,218.78,219.91,13147.82
2025-09-23T13:00:00+00:00,219.91,220.19,218.64,219.02,16538.247
2025-09-23T14:00:00+00:00,219.05,220.64,217.63,217.7,19396.9526983
2025-09-23T15:00:00+00:00,217.7,219.95,217.03,219.28,17149.162
2025-09-23T16:00:00+00:00,219.29,221.83,217.86,220.45,23030.89
2025-09-23T17:00:00+00:00,220.41,220.6,215.93,216.73,19153.232
2025-09-23T18:00:00+00:00,216.74,217.21,215.23,215.8,14534.284
2025-09-23T19:00:00+00:00,215.76,217.15,214.35,214.54,19439.84796732
2025-09-23T20:00:00+00:00,214.52,215.3,213.27,215.29,17249.779
2025-09-23T21:00:00+00:00,215.27,216.68,214.47,215.86,13367.904
2025-09-23T22:00:00+00:00,215.86,216.44,214.76,215.28,8481.711
2025-09-23T23:00:00+00:00,215.28,215.96,213.25,213.27,8313.156
2025-09-24T00:00:00+00:00,213.27,215.59,213.27,213.4,9883.365
2025-09-24T01:00:00+00:00,213.45,216.4,212.84,216.19,11859.699
2025-09-24T02:00:00+00:00,216.21,216.43,213.29,214.29,16842.67
2025-09-24T03:00:00+00:00,214.28,214.65,207.34,208.54,50253.32
2025-09-24T04:00:00+00:00,208.51,209.19,204.88,208.07,38889.727
2025-09-24T05:00:00+00:00,208.02,210.57,207.85,209.77,12985.509
2025-09-24T06:00:00+00:00,209.77,211.43,208.66,210.99,15001.16321341
2025-09-24T07:00:00+00:00,210.98,211.04,209.59,210.62,11142.89618735
2025-09-24T08:00:00+00:00,210.63,211.19,210.03,210.87,9437.56
2025-09-24T09:00:00+00:00,210.88,211.15,209.85,210.99,7231.895
2025-09-24T10:00:00+00:00,210.98,211.46,210.13,210.89,8068.478
2025-09-24T11:00:00+00:00,210.9,212.59,210.73,212.33,17394.928
2025-09-24T12:00:00+00:00,212.35,213.38,211.79,211.97,14425.034
2025-09-24T13:00:00+00:00,211.96,213.13,211.45,211.61,13977.74515956
2025-09-24T14:00:00+00:00,211.61,216.27,211.46,215.57,24011.51
2025-09-24T15:00:00+00:00,215.62,216.05,213.3,213.58,28313.2130078
2025-09-24T16:00:00+00:00,213.6,214.45,213.24,213.89,15335.026
2025-09-24T17:00:00+00:00,213.89,215.47,213.52,215.15,12430.866
2025-09-24T18:00:00+00:00,215.17,215.2,213.39,213.95,12255.17226194
2025-09-24T19:00:00+00:00,213.95,214.22,212.45,213.24,9998.60082153
2025-09-24T20:00:00+00:00,213.19,213.22,210.79,212.14,13478.02468663
2025-09-24T21:00:00+00:00,212.09,212.61,210.74,211.26,8890.528
2025-09-24T22:00:00+00:00,211.27,212.31,210.96,211.73,10853.984
2025-09-24T23:00:00+00:00,211.75,212.25,211.31,211.58,8431.316
2025-09-25T00:00:00+00:00,211.6,212.43,210.27,210.75,12915.879
2025-09-25T01:00:00+00:00,210.71,211.21,207.78,208.21,27358.873
2025-09-25T02:00:00+00:00,208.24,211.94,206.84,210.05,22301.651
2025-09-25T03:00:00+00:00,210.06,210.12,206.06,207.34,19606.599
2025-09-25T04:00:00+00:00,207.29,207.59,202.68,204.39,34999.17326523
2025-09-25T05:00:00+00:00,204.31,205.9,203.26,205.46,14450.218
2025-09-25T06:00:00+00:00,205.4,205.75,203.4,203.66,15322.61
2025-09-25T07:00:00+00:00,203.64,205.21,203.35,204.2,12941.17299561
2025-09-25T08:00:00+00:00,204.19,205.58,203.64,204.34,12826.67368313
2025-09-25T09:00:00+00:00,204.33,205.89,201.75,202.25,22490.901
2025-09-25T10:00:00+00:00,202.25,203.69,201.95,202.0,16123.597
2025-09-25T11:00:00+00:00,202.0,202.51,200.71,201.35,21826.3374281
2025-09-25T12:00:00+00:00,201.35,202.54,197.09,198.57,57167.77176973
2025-09-25T13:00:00+00:00,198.56,201.62,197.57,200.74,35938.9689961
2025-09-25T14:00:00+00:00,200.78,204.02,200.78,202.7,28644.15479637
2025-09-25T15:00:00+00:00,202.65,203.15,200.38,201.13,18279.88499702
2025-09-25T16:00:00+00:00,201.14,201.95,198.39,198.74,21505.656
2025-09-25T17:00:00+00:00,198.71,198.91,193.63,194.81,63784.37374381
2025-09-25T18:00:00+00:00,194.84,199.63,194.5,199.52,57676.46594269
2025-09-25T19:00:00+00:00,199.5,200.88,197.38,198.05,20915.74175175
2025-09-25T20:00:00+00:00,198.12,198.73,195.25,196.21,18734.529
2025-09-25T21:00:00+00:00,196.23,197.35,194.78,196.36,19044.195
2025-09-25T22:00:00+00:00,196.35,197.54,193.94,194.65,18181.083
2025-09-25T23:00:00+00:00,194.65,196.07,191.31,192.75,27931.948
2025-09-26T00:00:00+00:00,192.75,195.93,192.56,195.68,20448.494
2025-09-26T01:00:00+00:00,195.7,197.15,195.21,195.88,22835.704
2025-09-26T02:00:00+00:00,195.89,197.55,195.45,196.5,17676.448
2025-09-26T03:00:00+00:00,196.5,197.36,195.17,196.49,14387.496
2025-09-26T04:00:00+00:00,196.48,197.41,195.14,195.75,14019.866
2025-09-26T05:00:00+00:00,195.76,197.29,194.39,195.09,12798.951
2025-09-26T06:00:00+00:00,195.09,197.02,193.79,195.23,17398.362
2025-09-26T07:00:00+00:00,195.22,196.84,194.1,196.32,17640.9
2025-09-26T08:00:00+00:00,196.31,196.97,195.76,196.17,15271.66
2025-09-26T09:00:00+00:00,196.18,196.57,193.81,194.61,13265.262
2025-09-26T10:00:00+00:00,194.63,194.74,191.81,192.11,15257.15914477
2025-09-26T11:00:00+00:00,192.09,193.99,190.85,193.42,17631.43331319
2025-09-26T12:00:00+00:00,193.45,198.26,192.16,196.63,38190.12243701
2025-09-26T13:00:00+00:00,196.66,197.38,194.47,197.17,26186.543
2025-09-26T14:00:00+00:00,197.15,197.32,193.34,194.38,22383.287
2025-09-26T15:00:00+00:00,194.43,196.82,194.24,196.02,13989.94948533
2025-09-26T16:00:00+00:00,196.03,199.78,195.82,199.61,17820.758
2025-09-26T17:00:00+00:00,199.59,202.0,199.2,201.43,20217.48198392
2025-09-26T18:00:00+00:00,201.41,202.65,200.91,201.84,13093.2232397
2025-09-26T19:00:00+00:00,201.83,201.98,198.99,200.69,22469.536
2025-09-26T20:00:00+00:00,200.68,200.9,199.58,199.97,8690.615
2025-09-26T21:00:00+00:00,199.95,202.45,199.75,202.31,12432.124
2025-09-26T22:00:00+00:00,202.32,203.94,201.87,203.57,10717.364
2025-09-26T23:00:00+00:00,203.56,205.46,202.82,205.17,10913.66185846
2025-09-27T00:00:00+00:00,205.15,205.34,204.06,205.17,10554.031
2025-09-27T01:00:00+00:00,205.18,205.4,203.61,204.33,9957.747
2025-09-27T02:00:00+00:00,204.35,204.78,203.67,203.74,7392.4
2025-09-27T03:00:00+00:00,203.73,205.08,203.66,203.92,8018.748
2025-09-27T04:00:00+00:00,203.89,204.13,203.22,203.66,7533.365
2025-09-27T05:00:00+00:00,203.67,203.67,202.25,202.48,7426.19999953
2025-09-27T06:00:00+00:00,202.48,202.63,201.78,202.61,5877.029
2025-09-27T07:00:00+00:00,202.65,203.15,201.51,202.07,8811.345
2025-09-27T08:00:00+00:00,202.06,202.21,200.84,200.91,8162.9649321
2025-09-27T09:00:00+00:00,200.92,201.5,199.9,201.18,11121.374
2025-09-27T10:00:00+00:00,201.19,202.03,200.52,201.62,9633.45178211
2025-09-27T11:00:00+00:00,201.63,202.02,201.33,201.7,5386.953
2025-09-27T12:00:00+00:00,201.71,202.95,201.01,202.5,7604.756
2025-09-27T13:00:00+00:00,202.47,203.39,202.19,202.9,7329.269
2025-09-27T14:00:00+00:00,202.9,203.75,202.32,202.7,8474.54149402
2025-09-27T15:00:00+00:00,202.7,203.7,201.82,203.52,9102.931
2025-09-27T16:00:00+00:00,203.54,203.6,202.75,202.93,8830.456
2025-09-27T17:00:00+00:00,202.95,202.97,200.92,201.9,10653.301
2025-09-27T18:00:00+00:00,201.84,202.17,200.93,201.65,9742.1679858
2025-09-27T19:00:00+00:00,201.67,202.35,201.32,202.23,8048.43
2025-09-27T20:00:00+00:00,202.23,202.89,201.92,202.64,6024.791
2025-09-27T21:00:00+00:00,202.64,204.07,202.3,203.85,5611.88611436
2025-09-27T22:00:00+00:00,203.85,204.9,203.43,203.9,6506.995
2025-09-27T23:00:00+00:00,203.89,204.28,203.25,203.46,6893.699
2025-09-28T00:00:00+00:00,203.46,204.05,202.55,202.96,8582.733
2025-09-28T01:00:00+00:00,202.96,203.19,201.02,201.17,10159.196
2025-09-28T02:00:00+00:00,201.14,202.05,201.01,201.43,6695.628
2025-09-28T03:00:00+00:00,201.48,201.95,200.79,201.39,5731.238
2025-09-28T04:00:00+00:00,201.4,201.98,201.22,201.9,4570.685
2025-09-28T05:00:00+00:00,201.9,202.42,201.18,201.34,5671.673
2025-09-28T06:00:00+00:00,201.33,201.79,200.38,201.7,6788.14299965
2025-09-28T07:00:00+00:00,201.73,202.29,201.17,202.1,4434.657
2025-09-28T08:00:00+00:00,202.09,202.68,201.44,201.83,7504.558
2025-09-28T09:00:00+00:00,201.83,202.03,200.67,200.68,9060.826
2025-09-28T10:00:00+00:00,200.69,201.04,200.22,200.82,5626.065
2025-09-28T11:00:00+00:00,200.84,200.89,199.25,199.83,7954.00253999
2025-09-28T12:00:00+00:00,199.86,199.95,197.97,198.45,12348.45330658
2025-09-28T13:00:00+00:00,198.45,201.39,198.32,201.19,14586.758
2025-09-28T14:00:00+00:00,201.21,201.99,200.45,201.89,12661.668
2025-09-28T15:00:00+00:00,201.89,203.54,201.86,203.42,12567.609
2025-09-28T16:00:00+00:00,203.43,204.74,203.24,204.09,15749.013
2025-09-28T17:00:00+00:00,204.06,205.83,204.0,205.05,12962.20615181
2025-09-28T18:00:00+00:00,205.05,206.4,204.83,206.14,8365.313
2025-09-28T19:00:00+00:00,206.16,206.66,205.44,206.18,6238.274
2025-09-28T20:00:00+00:00,206.2,207.78,206.02,206.83,12897.34872543
2025-09-28T21:00:00+00:00,206.83,207.3,206.55,207.21,7979.167
2025-09-28T22:00:00+00:00,207.22,209.95,207.22,209.54,17852.95753067
2025-09-28T23:00:00+00:00,209.55,210.96,209.55,210.88,20617.70355446
2025-09-29T00:00:00+00:00,210.84,210.93,209.08,209.21,17002.94281704
2025-09-29T01:00:00+00:00,209.22,209.94,208.84,209.43,8837.002
2025-09-29T02:00:00+00:00,209.42,210.82,208.95,209.68,10836.28299897
2025-09-29T03:00:00+00:00,209.73,210.33,209.14,210.26,8055.143
2025-09-29T04:00:00+00:00,210.28,210.64,209.87,210.07,6893.201
2025-09-29T05:00:00+00:00,210.05,210.19,208.81,209.12,9396.444
2025-09-29T06:00:00+00:00,209.13,209.19,207.83,208.15,8414.636
2025-09-29T07:00:00+00:00,208.15,209.27,207.38,208.93,7979.675
2025-09-29T08:00:00+00:00,208.93,209.66,208.27,208.91,8572.295
2025-09-29T09:00:00+00:00,208.89,209.12,207.89,208.21,5690.84
2025-09-29T10:00:00+00:00,208.22,208.38,206.49,206.56,9896.183
2025-09-29T11:00:00+00:00,206.59,207.43,206.04,207.07,8934.693
2025-09-29T12:00:00+00:00,207.08,208.02,205.23,205.41,12737.60969371
2025-09-29T13:00:00+00:00,205.38,209.48,204.63,208.85,28970.767
2025-09-29T14:00:00+00:00,208.84,212.83,208.69,212.35,27990.19276911
2025-09-29T15:00:00+00:00,212.37,213.49,209.83,210.05,23139.66862071
2025-09-29T16:00:00+00:00,210.1,211.57,208.39,208.75,20297.426
2025-09-29T17:00:00+00:00,208.74,210.31,207.71,210.15,13694.83105706
2025-09-29T18:00:00+00:00,210.22,210.75,209.14,210.75,9349.828
2025-09-29T19:00:00+00:00,210.76,213.51,210.47,212.92,15336.72
2025-09-29T20:00:00+00:00,212.96,214.51,212.5,214.37,19530.512
2025-09-29T21:00:00+00:00,214.38,214.73,213.71,214.16,11429.823
2025-09-29T22:00:00+00:00,214.16,214.28,213.02,213.6,9256.937
2025-09-29T23:00:00+00:00,213.59,213.94,212.45,212.76,9863.67318949
2025-09-30T00:00:00+00:00,212.75,213.68,211.16,211.34,17414.31608524
2025-09-30T01:00:00+00:00,211.34,212.95,209.85,210.58,18525.942
2025-09-30T02:00:00+00:00,210.59,211.24,210.01,210.52,10589.01209662
2025-09-30T03:00:00+00:00,210.53,211.47,210.13,210.7,7728.63
2025-09-30T04:00:00+00:00,210.71,211.72,210.23,210.23,6747.721
2025-09-30T05:00:00+00:00,210.24,210.73,208.92,210.03,14230.96323021
2025-09-30T06:00:00+00:00,210.01,210.88,209.51,210.31,7557.976
2025-09-30T07:00:00+00:00,210.32,210.82,208.55,208.97,9368.233
2025-09-30T08:00:00+00:00,208.99,208.99,207.7,207.77,9602.8866634
2025-09-30T09:00:00+00:00,207.77,207.93,205.59,205.91,13854.226
2025-09-30T10:00:00+00:00,205.85,206.99,205.55,206.53,11377.794
2025-09-30T11:00:00+00:00,206.58,207.24,205.94,207.07,9266.769
2025-09-30T12:00:00+00:00,207.08,207.47,206.0,206.2,10742.53799797
2025-09-30T13:00:00+00:00,206.18,209.64,205.67,207.7,21841.7955654
2025-09-30T14:00:00+00:00,207.7,208.92,206.1,208.81,19771.22606859
2025-09-30T15:00:00+00:00,208.81,208.81,204.64,205.98,23798.81869935
2025-09-30T16:00:00+00:00,205.96,206.29,204.29,205.12,14949.049
2025-09-30T17:00:00+00:00,205.12,206.28,204.74,205.63,15216.235
2025-09-30T18:00:00+00:00,205.64,207.84,205.32,207.6,11436.536
2025-09-30T19:00:00+00:00,207.56,209.21,207.14,208.91,14174.897
2025-09-30T20:00:00+00:00,208.95,210.22,208.19,209.86,12585.99964025
2025-09-30T21:00:00+00:00,209.91,210.99,209.28,209.61,15575.80049949
2025-09-30T22:00:00+00:00,209.62,210.96,207.78,208.05,17443.62699609
2025-09-30T23:00:00+00:00,208.06,208.87,207.4,208.62,9499.856
2025-10-01T00:00:00+00:00,208.7,209.4,206.37,207.52,14621.126
2025-10-01T01:00:00+00:00,207.54,210.7,207.15,210.63,14587.104
2025-10-01T02:00:00+00:00,210.56,210.87,209.16,209.22,10666.67231225
2025-10-01T03:00:00+00:00,209.2,209.55,206.63,206.71,16641.958
2025-10-01T04:00:00+00:00,206.72,209.51,206.33,208.47,17244.32005674
2025-10-01T05:00:00+00:00,208.48,210.02,208.48,208.98,13204.59
2025-10-01T06:00:00+00:00,208.98,209.5,207.8,207.96,13716.113
2025-10-01T07:00:00+00:00,207.96,210.33,207.87,210.18,13289.95457914
2025-10-01T08:00:00+00:00,210.14,217.24,209.87,216.5,53430.04351247
2025-10-01T09:00:00+00:00,216.55,217.89,215.81,217.56,30480.77447479
2025-10-01T10:00:00+00:00,217.57,217.7,216.06,216.57,19641.27399195
2025-10-01T11:00:00+00:00,216.61,217.86,216.56,217.75,14838.037
2025-10-01T12:00:00+00:00,217.74,219.36,217.17,218.51,18290.27
2025-10-01T13:00:00+00:00,218.51,219.93,218.36,219.36,19561.855
2025-10-01T14:00:00+00:00,219.35,220.64,218.88,219.51,25737.27
2025-10-01T15:00:00+00:00,219.52,220.25,218.76,220.23,14203.947
2025-10-01T16:00:00+00:00,220.23,220.99,218.86,219.11,16615.183
2025-10-01T17:00:00+00:00,219.09,219.74,217.37,217.37,15162.995
2025-10-01T18:00:00+00:00,217.39,219.64,217.39,219.13,8985.664
2025-10-01T19:00:00+00:00,219.14,220.43,219.03,220.07,11543.919
2025-10-01T20:00:00+00:00,220.08,220.26,219.23,219.47,9421.218
2025-10-01T21:00:00+00:00,219.46,219.46,218.43,219.0,7182.51
2025-10-01T22:00:00+00:00,219.01,219.95,219.01,219.57,8433.967
2025-10-01T23:00:00+00:00,219.55,222.77,219.45,222.03,10884.261
2025-10-02T00:00:00+00:00,222.06,222.45,219.73,219.83,12955.433
2025-10-02T01:00:00+00:00,219.83,223.03,219.54,222.83,11640.029
2025-10-02T02:00:00+00:00,222.83,224.08,221.43,223.28,15106.391
2025-10-02T03:00:00+00:00,223.28,225.03,222.88,223.81,15667.04
2025-10-02T04:00:00+00:00,223.82,224.99,222.75,223.8,16168.705
2025-10-02T05:00:00+00:00,223.82,226.76,223.82,224.13,15430.97155994
2025-10-02T06:00:00+00:00,224.13,225.79,223.58,224.94,18885.226
2025-10-02T07:00:00+00:00,224.94,225.25,222.54,222.92,17991.51998957
2025-10-02T08:00:00+00:00,222.94,224.74,222.73,224.74,10179.872
2025-10-02T09:00:00+00:00,224.74,225.7,224.03,225.19,8564.146
2025-10-02T10:00:00+00:00,225.19,225.72,224.83,225.14,7319.209
2025-10-02T11:00:00+00:00,225.13,226.62,224.79,225.26,10870.807
2025-10-02T12:00:00+00:00,225.26,227.4,224.95,227.28,19839.183
2025-10-02T13:00:00+00:00,227.29,227.44,224.64,226.51,30501.71
2025-10-02T14:00:00+00:00,226.51,226.7,223.06,223.6,26446.279
2025-10-02T15:00:00+00:00,223.61,227.29,222.67,227.17,30696.275
2025-10-02T16:00:00+00:00,227.17,229.27,226.17,227.99,30103.278
2025-10-02T17:00:00+00:00,228.0,230.3,227.39,229.8,30933.6
2025-10-02T18:00:00+00:00,229.8,233.17,229.75,232.35,27110.151
2025-10-02T19:00:00+00:00,232.35,233.85,231.55,232.28,25589.3418
2025-10-02T20:00:00+00:00,232.28,232.59,230.8,232.59,16010.792
2025-10-02T21:00:00+00:00,232.6,233.95,232.44,232.55,12647.817
2025-10-02T22:00:00+00:00,232.54,233.85,232.13,233.06,18436.23
2025-10-02T23:00:00+00:00,233.1,235.0,232.92,234.72,15115.803
2025-10-03T00:00:00+00:00,234.75,234.79,231.85,231.88,11449.524
2025-10-03T01:00:00+00:00,231.88,232.71,230.56,230.99,14755.7439493
2025-10-03T02:00:00+00:00,230.93,233.42,230.8,233.31,11080.122
2025-10-03T03:00:00+00:00,233.3,234.83,232.05,232.23,17573.64753893
2025-10-03T04:00:00+00:00,232.23,233.2,231.36,232.03,12091.242
2025-10-03T05:00:00+00:00,232.07,232.15,230.33,231.19,13252.586
2025-10-03T06:00:00+00:00,231.2,231.55,227.76,229.33,16529.22784
2025-10-03T07:00:00+00:00,229.33,229.74,228.6,229.42,21651.47884586
2025-10-03T08:00:00+00:00,229.42,231.2,227.93,231.04,16309.769
2025-10-03T09:00:00+00:00,231.04,231.79,230.7,230.93,15706.44849724
2025-10-03T10:00:00+00:00,230.92,231.63,230.42,231.28,9883.443
2025-10-03T11:00:00+00:00,231.26,231.33,229.56,230.75,9529.238
2025-10-03T12:00:00+00:00,230.79,231.24,229.72,230.04,9254.287
2025-10-03T13:00:00+00:00,230.04,231.04,228.72,229.76,16729.0269997
2025-10-03T14:00:00+00:00,229.75,231.02,227.14,230.49,26134.959
2025-10-03T15:00:00+00:00,230.48,234.95,229.52,234.8,33558.74399226
2025-10-03T16:00:00+00:00,234.79,236.95,233.69,233.91,54206.14786019
2025-10-03T17:00:00+00:00,233.91,234.0,228.45,230.07,41917.75517032
2025-10-03T18:00:00+00:00,230.08,233.64,229.14,233.62,16777.249
2025-10-03T19:00:00+00:00,233.62,235.48,232.82,233.13,16120.183
2025-10-03T20:00:00+00:00,233.17,233.41,230.69,233.0,12800.702
2025-10-03T21:00:00+00:00,233.01,233.36,231.9,232.61,7472.91
2025-10-03T22:00:00+00:00,232.61,233.92,232.61,233.15,7558.837
2025-10-03T23:00:00+00:00,233.18,233.48,232.4,232.72,4808.56877097
2025-10-04T00:00:00+00:00,232.83,234.01,231.53,231.94,9117.441
2025-10-04T01:00:00+00:00,231.97,232.09,229.58,230.27,12471.318
2025-10-04T02:00:00+00:00,230.31,231.02,228.36,229.83,13057.82897422
2025-10-04T03:00:00+00:00,229.82,230.01,227.92,229.22,14244.136
2025-10-04T04:00:00+00:00,229.24,229.9,229.02,229.54,7315.187
2025-10-04T05:00:00+00:00,229.56,230.31,229.23,229.98,7940.815
2025-10-04T06:00:00+00:00,229.98,230.55,229.64,229.81,8147.22597392
2025-10-04T07:00:00+00:00,229.85,229.88,228.75,229.14,6319.513
2025-10-04T08:00:00+00:00,229.14,229.43,228.23,228.89,8725.77198847
2025-10-04T09:00:00+00:00,228.89,229.46,228.32,228.45,7491.865
2025-10-04T10:00:00+00:00,228.48,229.89,228.32,229.17,7583.732
2025-10-04T11:00:00+00:00,229.16,229.56,228.67,229.17,6318.873
2025-10-04T12:00:00+00:00,229.17,229.43,227.95,228.13,5431.208
2025-10-04T13:00:00+00:00,228.13,229.79,227.93,228.79,9070.684
2025-10-04T14:00:00+00:00,228.79,229.46,226.71,226.82,10652.006
2025-10-04T15:00:00+00:00,226.83,227.49,224.25,224.84,23833.78369891
2025-10-04T16:00:00+00:00,224.84,225.68,224.17,225.66,13902.908
2025-10-04T17:00:00+00:00,225.67,227.0,225.43,226.55,9524.999
2025-10-04T18:00:00+00:00,226.56,226.98,225.84,226.03,6307.446
2025-10-04T19:00:00+00:00,226.06,226.92,226.0,226.92,5779.224
2025-10-04T20:00:00+00:00,226.92,227.96,226.92,227.33,8444.925
2025-10-04T21:00:00+00:00,227.33,228.29,227.28,227.31,6360.488
2025-10-04T22:00:00+00:00,227.31,227.95,226.97,227.74,6522.21
2025-10-04T23:00:00+00:00,227.74,228.18,227.09,227.87,3045.112
2025-10-05T00:00:00+00:00,227.85,228.23,226.5,226.81,6228.92729831
2025-10-05T01:00:00+00:00,226.82,227.81,226.61,227.8,5578.524
2025-10-05T02:00:00+00:00,227.77,231.4,227.32,231.23,21820.121
2025-10-05T03:00:00+00:00,231.14,232.3,230.2,230.97,15986.479
2025-10-05T04:00:00+00:00,230.91,234.93,230.91,233.81,22292.02452071
2025-10-05T05:00:00+00:00,233.8,234.95,233.37,234.51,16409.6233758
2025-10-05T06:00:00+00:00,234.51,235.88,234.48,235.17,18953.51674455
2025-10-05T07:00:00+00:00,235.17,236.9,234.99,236.56,15291.977
2025-10-05T08:00:00+00:00,236.56,237.19,235.16,235.24,9453.905
2025-10-05T09:00:00+00:00,235.2,235.77,232.09,233.44,19556.30214406
2025-10-05T10:00:00+00:00,233.44,233.6,230.76,232.02,17276.313
2025-10-05T11:00:00+00:00,232.02,232.85,230.82,232.68,10495.431
2025-10-05T12:00:00+00:00,232.67,232.69,230.78,231.34,11512.31607482
2025-10-05T13:00:00+00:00,231.35,232.08,230.34,231.68,13028.307
2025-10-05T14:00:00+00:00,231.67,232.04,228.45,230.14,15954.712
2025-10-05T15:00:00+00:00,230.12,230.95,229.79,230.13,7539.252
2025-10-05T16:00:00+00:00,230.15,231.22,228.84,231.09,11081.95922862
2025-10-05T17:00:00+00:00,231.13,231.48,229.3,229.67,10430.475
2025-10-05T18:00:00+00:00,229.68,229.91,227.44,228.98,12225.622
2025-10-05T19:00:00+00:00,229.01,229.02,226.73,227.06,11718.327
2025-10-05T20:00:00+00:00,227.07,228.98,226.72,228.0,7717.27
2025-10-05T21:00:00+00:00,227.99,228.79,227.48,228.75,5842.19854869
2025-10-05T22:00:00+00:00,228.72,229.26,227.09,228.33,7090.534
2025-10-05T23:00:00+00:00,228.32,229.13,228.13,228.59,6611.27
2025-10-06T00:00:00+00:00,228.59,230.35,227.55,228.67,13084.824
2025-10-06T01:00:00+00:00,228.69,233.01,227.8,231.47,18819.899
2025-10-06T02:00:00+00:00,231.45,232.97,229.86,232.45,17028.507
2025-10-06T03:00:00+00:00,232.39,233.27,231.71,232.28,8890.648
2025-10-06T04:00:00+00:00,232.27,232.3,230.58,230.65,9163.662
2025-10-06T05:00:00+00:00,230.68,232.47,230.2,232.33,8250.18
2025-10-06T06:00:00+00:00,232.33,234.79,232.33,233.94,16095.517
2025-10-06T07:00:00+00:00,233.93,234.25,230.64,231.36,14124.776
2025-10-06T08:00:00+00:00,231.38,233.92,231.38,233.68,9517.59
2025-10-06T09:00:00+00:00,233.69,234.11,232.81,233.52,7884.711
2025-10-06T10:00:00+00:00,233.49,233.75,232.33,232.66,9248.056
2025-10-06T11:00:00+00:00,232.66,233.82,231.81,233.02,16574.756
2025-10-06T12:00:00+00:00,233.02,234.49,232.93,234.11,19185.68991256
2025-10-06T13:00:00+00:00,234.11,235.1,232.67,234.73,28514.878
2025-10-06T14:00:00+00:00,234.76,235.7,232.82,233.31,30056.11561142
2025-10-06T15:00:00+00:00,233.34,236.66,233.34,235.6,26706.47340113
2025-10-06T16:00:00+00:00,235.61,236.22,234.04,235.71,12742.372
2025-10-06T17:00:00+00:00,235.69,237.77,235.45,236.43,20011.108
2025-10-06T18:00:00+00:00,236.43,237.14,234.83,236.85,11310.699
2025-10-06T19:00:00+00:00,236.82,237.0,234.7,235.35,13514.31408757
2025-10-06T20:00:00+00:00,235.35,236.13,233.25,233.6,15063.54387793
2025-10-06T21:00:00+00:00,233.61,234.45,232.81,234.24,11712.75919579
2025-10-06T22:00:00+00:00,234.24,235.01,233.96,234.6,7922.183
2025-10-06T23:00:00+00:00,234.62,234.76,231.7,232.35,14725.568
2025-10-07T00:00:00+00:00,232.36,233.01,231.18,232.51,10884.829
2025-10-07T01:00:00+00:00,232.49,233.1,231.01,232.69,10199.241
2025-10-07T02:00:00+00:00,232.72,233.82,232.06,233.47,7298.459
2025-10-07T03:00:00+00:00,233.47,233.96,232.91,233.96,7638.564
2025-10-07T04:00:00+00:00,233.96,235.2,233.01,234.83,10015.816
2025-10-07T05:00:00+00:00,234.83,235.05,233.22,233.54,11089.2351
2025-10-07T06:00:00+00:00,233.54,233.71,229.37,230.46,22696.95516943
2025-10-07T07:00:00+00:00,230.46,231.11,229.58,231.01,10760.56565004
2025-10-07T08:00:00+00:00,231.02,231.02,228.33,230.01,21575.764
2025-10-07T09:00:00+00:00,230.02,230.59,229.76,230.38,7659.747
2025-10-07T10:00:00+00:00,230.37,231.64,229.8,230.87,9951.932
2025-10-07T11:00:00+00:00,230.87,231.17,230.12,230.51,7014.692
2025-10-07T12:00:00+00:00,230.49,231.48,229.29,231.47,12947.057
2025-10-07T13:00:00+00:00,231.49,231.61,226.38,227.95,42274.7018289
2025-10-07T14:00:00+00:00,227.92,228.09,224.47,225.27,33117.563
2025-10-07T15:00:00+00:00,225.3,225.86,221.33,223.76,54457.026
2025-10-07T16:00:00+00:00,223.77,225.29,221.87,224.41,29122.8521876
2025-10-07T17:00:00+00:00,224.41,224.81,222.64,222.74,16085.28927672
2025-10-07T18:00:00+00:00,222.72,223.29,221.32,221.43,12986.076
2025-10-07T19:00:00+00:00,221.42,222.83,220.73,221.68,17662.284
2025-10-07T20:00:00+00:00,221.68,224.16,221.53,223.45,10829.748
2025-10-07T21:00:00+00:00,223.47,224.27,222.46,223.17,9961.068
2025-10-07T22:00:00+00:00,223.17,223.65,222.04,222.47,7535.013
2025-10-07T23:00:00+00:00,222.49,222.54,219.7,219.96,16551.597
2025-10-08T00:00:00+00:00,219.96,221.77,217.91,221.02,18680.755
2025-10-08T01:00:00+00:00,221.02,222.29,220.48,222.04,8902.819
2025-10-08T02:00:00+00:00,222.05,222.78,221.17,221.6,8946.129
2025-10-08T03:00:00+00:00,221.6,221.6,218.0,218.29,16391.368
2025-10-08T04:00:00+00:00,218.32,220.52,217.33,220.39,13820.68072595
2025-10-08T05:00:00+00:00,220.4,220.43,218.41,219.51,10146.914
2025-10-08T06:00:00+00:00,219.52,220.45,218.64,220.25,11330.321
2025-10-08T07:00:00+00:00,220.26,220.98,219.49,220.97,10177.85
2025-10-08T08:00:00+00:00,220.98,222.63,220.84,221.64,12840.654
2025-10-08T09:00:00+00:00,221.63,222.07,220.77,221.43,8555.577
2025-10-08T10:00:00+00:00,221.44,222.26,221.05,222.15,9753.509
2025-10-08T11:00:00+00:00,222.15,222.55,220.68,221.2,10753.09198062
2025-10-08T12:00:00+00:00,221.19,222.52,221.12,222.3,13742.215
2025-10-08T13:00:00+00:00,222.28,222.7,218.89,221.45,19009.939
2025-10-08T14:00:00+00:00,221.46,224.15,219.53,220.06,20480.698
2025-10-08T15:00:00+00:00,220.08,222.83,219.94,221.23,11293.139
2025-10-08T16:00:00+00:00,221.23,223.7,220.72,223.59,9937.684
2025-10-08T17:00:00+00:00,223.56,227.71,223.37,226.92,27533.27463685
2025-10-08T18:00:00+00:00,226.91,229.65,226.39,228.61,24361.94
2025-10-08T19:00:00+00:00,228.66,229.59,227.53,229.35,13076.26523367
2025-10-08T20:00:00+00:00,229.33,229.66,227.46,227.68,12439.406
2025-10-08T21:00:00+00:00,227.68,229.1,227.39,228.5,6936.172
2025-10-08T22:00:00+00:00,228.49,229.68,228.47,228.6,8413.846
2025-10-08T23:00:00+00:00,228.61,229.36,227.91,229.01,7306.853
2025-10-09T00:00:00+00:00,229.03,229.65,228.0,228.33,8576.707
2025-10-09T01:00:00+00:00,228.32,228.6,226.02,228.43,15193.017
2025-10-09T02:00:00+00:00,228.44,228.69,223.86,224.43,17426.00167882
2025-10-09T03:00:00+00:00,224.43,226.41,224.38,226.14,11439.924
2025-10-09T04:00:00+00:00,226.15,227.54,225.45,227.48,10949.426
2025-10-09T05:00:00+00:00,227.48,228.74,226.75,227.78,9561.094
2025-10-09T06:00:00+00:00,227.79,228.38,226.32,226.53,8467.73807211
2025-10-09T07:00:00+00:00,226.51,226.86,224.17,224.52,11379.4853532
2025-10-09T08:00:00+00:00,224.52,224.79,219.38,219.99,24654.65474027
2025-10-09T09:00:00+00:00,219.99,222.13,219.9,221.96,14352.096
2025-10-09T10:00:00+00:00,222.0,222.94,220.99,222.28,10820.91483332
2025-10-09T11:00:00+00:00,222.28,223.97,222.27,223.14,13169.07
2025-10-09T12:00:00+00:00,223.16,226.28,222.93,225.98,15565.86
2025-10-09T13:00:00+00:00,225.96,226.21,221.88,222.28,21333.968
2025-10-09T14:00:00+00:00,222.29,223.36,219.44,220.82,28698.69328505
2025-10-09T15:00:00+00:00,220.86,222.16,218.65,219.16,24183.303
2025-10-09T16:00:00+00:00,219.12,220.14,216.58,217.29,24216.38083722
2025-10-09T17:00:00+00:00,217.25,219.57,216.71,219.41,24386.34989953
2025-10-09T18:00:00+00:00,219.33,219.5,217.22,217.57,15183.87335255
2025-10-09T19:00:00+00:00,217.56,218.95,217.42,218.26,12990.825
2025-10-09T20:00:00+00:00,218.29,219.21,217.62,218.94,12680.625
2025-10-09T21:00:00+00:00,218.94,220.44,218.56,220.29,11671.69466072
2025-10-09T22:00:00+00:00,220.29,221.64,219.89,221.22,7204.996
2025-10-09T23:00:00+00:00,221.25,221.3,219.86,220.94,8430.213
2025-10-10T00:00:00+00:00,220.95,221.99,220.78,221.23,7801.382
2025-10-10T01:00:00+00:00,221.24,222.06,220.52,220.95,7962.488
2025-10-10T02:00:00+00:00,220.99,221.84,219.87,220.33,9661.172
2025-10-10T03:00:00+00:00,220.33,222.84,219.49,221.64,11825.668
2025-10-10T04:00:00+00:00,221.63,222.84,220.88,221.23,11316.144
2025-10-10T05:00:00+00:00,221.23,221.75,220.04,221.68,9756.584
2025-10-10T06:00:00+00:00,221.68,222.42,219.33,219.41,11832.994
2025-10-10T07:00:00+00:00,219.41,219.56,217.95,218.13,12088.258
2025-10-10T08:00:00+00:00,218.13,220.05,217.43,220.02,12059.142
2025-10-10T09:00:00+00:00,220.04,220.77,218.97,218.97,9555.14697973
2025-10-10T10:00:00+00:00,218.96,220.6,218.77,220.4,9295.138
2025-10-10T11:00:00+00:00,220.41,221.56,220.32,221.15,11091.006
2025-10-10T12:00:00+00:00,221.15,221.79,220.8,221.74,6454.841
2025-10-10T13:00:00+00:00,221.75,224.4,221.56,223.41,24136.596
2025-10-10T14:00:00+00:00,223.42,224.37,219.7,219.79,26257.741
2025-10-10T15:00:00+00:00,219.79,220.11,209.04,210.72,81961.08375248
2025-10-10T16:00:00+00:00,210.71,213.0,210.06,211.28,27988.24
2025-10-10T17:00:00+00:00,211.25,211.53,208.8,209.67,22270.663
2025-10-10T18:00:00+00:00,209.68,210.05,207.47,207.49,18515.036
2025-10-10T19:00:00+00:00,207.47,208.17,203.46,205.35,35607.87697415
2025-10-10T20:00:00+00:00,205.34,207.77,192.86,196.84,96866.866
2025-10-10T21:00:00+00:00,196.84,198.7,130.0,193.35,391637.21937846
2025-10-10T22:00:00+00:00,193.34,193.77,183.88,189.8,135802.46005684
2025-10-10T23:00:00+00:00,189.74,194.35,187.31,188.4,91493.43091775
2025-10-11T00:00:00+00:00,188.4,190.5,184.59,188.02,53448.56992715
2025-10-11T01:00:00+00:00,188.03,188.24,182.34,183.11,43771.54198184
2025-10-11T02:00:00+00:00,183.13,191.75,182.98,188.56,37831.487
2025-10-11T03:00:00+00:00,188.58,189.09,182.67,184.76,30729.771
2025-10-11T04:00:00+00:00,184.76,186.87,183.92,186.09,28578.68726283
2025-10-11T05:00:00+00:00,186.1,186.31,180.01,182.47,27692.23299961
2025-10-11T06:00:00+00:00,182.47,186.02,182.23,183.28,25805.55688121
2025-10-11T07:00:00+00:00,183.27,184.0,181.83,182.93,30639.53
2025-10-11T08:00:00+00:00,182.92,187.32,182.14,186.61,23605.94993757
2025-10-11T09:00:00+00:00,186.58,188.27,184.0,184.56,32075.074
2025-10-11T10:00:00+00:00,184.56,186.09,183.1,184.0,15766.675
2025-10-11T11:00:00+00:00,184.01,184.24,181.76,183.85,18489.218
2025-10-11T12:00:00+00:00,183.82,184.63,181.74,183.12,17511.50602594
2025-10-11T13:00:00+00:00,183.1,184.56,180.79,184.27,28056.74380058
2025-10-11T14:00:00+00:00,184.27,184.72,181.72,182.71,18949.864
2025-10-11T15:00:00+00:00,182.67,185.08,182.6,183.75,18519.26
2025-10-11T16:00:00+00:00,183.75,184.62,181.78,182.69,20777.898
2025-10-11T17:00:00+00:00,182.68,184.72,182.48,183.08,15338.28299992
2025-10-11T18:00:00+00:00,183.09,183.11,182.31,182.59,10262.058
2025-10-11T19:00:00+00:00,182.59,182.64,176.58,177.57,34047.888
2025-10-11T20:00:00+00:00,177.57,178.12,174.02,175.54,28448.266
2025-10-11T21:00:00+00:00,175.57,177.48,172.6,176.91,33376.677
2025-10-11T22:00:00+00:00,176.93,178.08,175.93,177.37,15066.111
2025-10-11T23:00:00+00:00,177.36,178.79,176.83,177.61,18810.887
2025-10-12T00:00:00+00:00,177.63,177.77,173.03,173.33,21563.41683271
2025-10-12T01:00:00+00:00,173.32,175.45,173.21,174.09,20438.573
2025-10-12T02:00:00+00:00,174.08,176.59,173.5,174.76,17869.858
2025-10-12T03:00:00+00:00,174.77,178.48,174.36,177.04,21603.24420228
2025-10-12T04:00:00+00:00,177.06,180.84,176.61,180.11,18280.306
2025-10-12T05:00:00+00:00,180.11,182.06,179.58,181.5,15552.713
2025-10-12T06:00:00+00:00,181.47,182.69,180.86,182.62,19030.95662904
2025-10-12T07:00:00+00:00,182.65,182.97,181.55,182.54,13248.879
2025-10-12T08:00:00+00:00,182.54,182.73,181.43,181.76,9979.272
2025-10-12T09:00:00+00:00,181.81,182.25,180.34,182.0,16376.56
2025-10-12T10:00:00+00:00,182.02,182.7,180.66,180.73,14367.084
2025-10-12T11:00:00+00:00,180.75,181.91,180.53,181.0,11819.673
2025-10-12T12:00:00+00:00,181.0,183.17,180.82,181.68,16753.133
2025-10-12T13:00:00+00:00,181.72,181.79,178.24,179.2,19333.311
2025-10-12T14:00:00+00:00,179.18,188.92,179.1,186.23,57382.31398791
2025-10-12T15:00:00+00:00,186.3,191.81,185.58,191.22,57308.90347455
2025-10-12T16:00:00+00:00,191.22,195.51,191.22,193.81,40382.72025727
2025-10-12T17:00:00+00:00,193.81,196.09,193.34,194.61,26970.02297415
2025-10-12T18:00:00+00:00,194.61,195.61,191.82,193.84,17189.46
2025-10-12T19:00:00+00:00,193.85,196.59,193.53,195.85,18589.03
2025-10-12T20:00:00+00:00,195.85,198.95,195.37,196.8,23414.057099
2025-10-12T21:00:00+00:00,196.78,197.93,193.13,195.62,26089.925
2025-10-12T22:00:00+00:00,195.63,198.07,195.54,197.44,20978.437
2025-10-12T23:00:00+00:00,197.43,197.47,195.31,197.01,17062.4091
2025-10-13T00:00:00+00:00,197.0,199.26,195.75,197.26,30275.539
2025-10-13T01:00:00+00:00,197.24,199.49,196.02,199.43,24537.493
2025-10-13T02:00:00+00:00,199.45,199.99,195.67,196.38,21554.776
2025-10-13T03:00:00+00:00,196.47,197.29,194.36,194.82,18293.29
2025-10-13T04:00:00+00:00,194.83,196.44,194.28,196.22,14728.29339612
2025-10-13T05:00:00+00:00,196.2,196.29,193.69,194.05,20155.742
2025-10-13T06:00:00+00:00,194.05,197.48,192.93,197.1,19049.56599666
2025-10-13T07:00:00+00:00,197.11,199.49,195.98,196.82,29580.51592475
2025-10-13T08:00:00+00:00,196.79,198.68,196.21,198.24,16716.956
2025-10-13T09:00:00+00:00,198.23,198.23,196.7,196.99,16600.96095544
2025-10-13T10:00:00+00:00,196.99,197.06,194.93,195.42,18710.68964776
2025-10-13T11:00:00+00:00,195.41,195.56,190.05,192.56,37776.45315964
2025-10-13T12:00:00+00:00,192.52,194.47,191.36,191.86,23430.39869428
2025-10-13T13:00:00+00:00,191.84,196.96,191.31,196.23,45232.895
2025-10-13T14:00:00+00:00,196.2,196.77,192.48,193.38,29826.044
2025-10-13T15:00:00+00:00,193.37,197.64,193.27,196.41,23978.291
2025-10-13T16:00:00+00:00,196.42,200.34,196.24,200.05,36754.843
2025-10-13T17:00:00+00:00,200.05,205.82,200.01,205.02,35522.532
2025-10-13T18:00:00+00:00,205.01,206.64,203.97,205.93,39599.47
2025-10-13T19:00:00+00:00,205.93,208.75,205.57,207.1,29475.407
2025-10-13T20:00:00+00:00,207.11,208.81,206.81,208.57,18643.22994057
2025-10-13T21:00:00+00:00,208.57,208.96,207.63,207.99,25261.241
2025-10-13T22:00:00+00:00,208.0,209.28,207.69,208.39,14803.16794409
2025-10-13T23:00:00+00:00,208.4,209.23,207.31,208.68,17808.87203198
2025-10-14T00:00:00+00:00,208.68,211.27,208.08,209.31,24198.95399541
2025-10-14T01:00:00+00:00,209.3,210.1,207.94,208.43,17299.074
2025-10-14T02:00:00+00:00,208.43,208.57,205.81,206.29,20533.6219645
2025-10-14T03:00:00+00:00,206.3,206.93,204.97,205.68,16691.437
2025-10-14T04:00:00+00:00,205.72,205.87,201.11,202.12,22459.702
2025-10-14T05:00:00+00:00,202.09,203.89,198.89,199.71,29320.07704016
2025-10-14T06:00:00+00:00,199.71,200.77,192.06,195.34,45986.95695354
2025-10-14T07:00:00+00:00,195.31,197.24,193.44,194.5,32652.9909761
2025-10-14T08:00:00+00:00,194.48,197.08,193.2,196.19,26539.36548512
2025-10-14T09:00:00+00:00,196.18,197.56,194.07,194.91,23709.85603768
2025-10-14T10:00:00+00:00,194.88,194.89,191.05,194.24,35713.38981818
2025-10-14T11:00:00+00:00,194.25,197.07,194.06,195.33,21923.58094031
2025-10-14T12:00:00+00:00,195.35,195.37,192.39,193.35,31020.317
2025-10-14T13:00:00+00:00,193.36,195.68,191.55,195.06,44334.934
2025-10-14T14:00:00+00:00,195.03,198.82,194.41,195.9,52955.36197064
2025-10-14T15:00:00+00:00,195.9,202.63,194.54,202.2,37351.79036071
2025-10-14T16:00:00+00:00,202.23,206.41,200.0,202.52,46879.039
2025-10-14T17:00:00+00:00,202.48,204.68,199.35,201.76,29489.51498488
2025-10-14T18:00:00+00:00,201.77,204.24,200.54,201.58,18355.39498812
2025-10-14T19:00:00+00:00,201.57,203.79,197.08,198.51,35177.55886886
2025-10-14T20:00:00+00:00,198.55,200.61,198.18,200.61,13456.47
2025-10-14T21:00:00+00:00,200.6,201.53,198.34,201.24,11558.76279342
2025-10-14T22:00:00+00:00,201.25,202.16,200.31,201.45,10390.72690946
2025-10-14T23:00:00+00:00,201.46,203.42,201.45,202.45,11226.381
2025-10-15T00:00:00+00:00,202.46,204.03,201.28,203.98,16694.26399947
2025-10-15T01:00:00+00:00,203.96,204.09,201.13,203.72,19356.84397312
2025-10-15T02:00:00+00:00,203.74,205.83,203.08,203.42,17091.309
2025-10-15T03:00:00+00:00,203.42,203.73,200.92,201.66,17417.28999778
2025-10-15T04:00:00+00:00,201.66,203.56,200.51,203.47,13863.44797913
2025-10-15T05:00:00+00:00,203.48,204.83,202.83,204.42,13194.09294009
2025-10-15T06:00:00+00:00,204.44,205.38,201.97,204.58,15075.742
2025-10-15T07:00:00+00:00,204.63,205.09,203.23,204.74,12469.57245401
2025-10-15T08:00:00+00:00,204.69,208.92,204.48,206.15,26118.5883739
2025-10-15T09:00:00+00:00,206.15,207.34,205.34,206.0,17936.442
2025-10-15T10:00:00+00:00,206.0,206.33,203.49,203.92,18943.798
2025-10-15T11:00:00+00:00,203.81,204.78,202.08,202.6,15541.22096794
2025-10-15T12:00:00+00:00,202.59,203.7,201.68,203.1,21188.507
2025-10-15T13:00:00+00:00,203.02,204.31,198.08,201.16,48197.83889758
2025-10-15T14:00:00+00:00,201.16,204.88,198.37,199.5,36373.48793093
2025-10-15T15:00:00+00:00,199.5,200.32,196.23,197.13,32124.669
2025-10-15T16:00:00+00:00,197.15,198.74,196.88,197.41,20742.00277732
2025-10-15T17:00:00+00:00,197.38,198.2,195.21,198.19,28131.561
2025-10-15T18:00:00+00:00,198.19,198.3,196.33,198.07,14929.39615976
2025-10-15T19:00:00+00:00,198.07,198.1,194.2,194.8,24059.27
2025-10-15T20:00:00+00:00,194.81,196.62,192.24,194.16,36344.1509977
2025-10-15T21:00:00+00:00,194.18,195.27,192.09,192.88,23869.02592051
2025-10-15T22:00:00+00:00,192.89,194.6,192.63,193.34,18016.072
2025-10-15T23:00:00+00:00,193.34,194.83,193.02,193.82,15393.787
2025-10-16T00:00:00+00:00,193.82,194.64,193.16,193.89,14040.683
2025-10-16T01:00:00+00:00,193.87,195.44,193.83,195.1,14604.48
2025-10-16T02:00:00+00:00,195.13,196.2,194.27,195.49,16574.261
2025-10-16T03:00:00+00:00,195.5,196.05,193.46,193.61,11877.29
2025-10-16T04:00:00+00:00,193.63,194.59,192.36,192.49,13655.89359014
2025-10-16T05:00:00+00:00,192.49,194.4,191.41,192.47,16483.623
2025-10-16T06:00:00+00:00,192.47,195.6,192.46,195.22,17939.983
2025-10-16T07:00:00+00:00,195.22,195.36,192.36,192.92,17332.508
2025-10-16T08:00:00+00:00,192.94,193.46,191.92,192.43,11436.98698781
2025-10-16T09:00:00+00:00,192.45,194.65,186.36,193.87,59443.17517423
2025-10-16T10:00:00+00:00,193.89,196.68,193.62,195.77,22252.781
2025-10-16T11:00:00+00:00,195.76,197.21,194.56,196.82,24809.21095554
2025-10-16T12:00:00+00:00,196.84,198.04,196.03,197.01,23984.3658019
2025-10-16T13:00:00+00:00,196.99,198.34,195.23,195.86,21893.79096827
2025-10-16T14:00:00+00:00,195.79,196.59,191.51,194.04,36291.78844584
2025-10-16T15:00:00+00:00,194.05,194.33,186.55,187.63,47541.681
2025-10-16T16:00:00+00:00,187.58,192.3,186.31,192.26,55107.34
2025-10-16T17:00:00+00:00,192.28,192.31,188.86,189.59,31046.95856076
2025-10-16T18:00:00+00:00,189.63,189.81,186.89,189.34,29430.445
2025-10-16T19:00:00+00:00,189.34,189.5,183.73,185.07,40799.05511774
2025-10-16T20:00:00+00:00,185.03,186.09,182.04,182.79,31595.08315169
2025-10-16T21:00:00+00:00,182.81,185.76,182.8,185.63,20424.397
2025-10-16T22:00:00+00:00,185.64,185.94,183.12,183.16,16835.86599189
2025-10-16T23:00:00+00:00,183.11,185.17,182.92,184.85,17561.06597612
2025-10-17T00:00:00+00:00,184.84,186.45,184.3,186.29,14408.394
2025-10-17T01:00:00+00:00,186.3,187.53,184.82,185.67,16612.356
2025-10-17T02:00:00+00:00,185.69,187.35,184.72,186.75,16399.888
2025-10-17T03:00:00+00:00,186.76,187.48,186.3,187.09,17787.208
2025-10-17T04:00:00+00:00,187.12,187.42,186.36,187.09,9347.718
2025-10-17T05:00:00+00:00,187.07,187.46,185.46,185.69,14928.696
2025-10-17T06:00:00+00:00,185.71,186.48,179.91,180.4,37911.30179032
2025-10-17T07:00:00+00:00,180.4,180.81,177.35,177.73,42749.187
2025-10-17T08:00:00+00:00,177.77,178.95,175.45,175.57,43531.595
2025-10-17T09:00:00+00:00,175.56,180.47,175.41,176.81,33559.663
2025-10-17T10:00:00+00:00,176.79,177.95,174.07,177.41,36523.74020039
2025-10-17T11:00:00+00:00,177.44,182.68,177.24,181.5,46522.428
2025-10-17T12:00:00+00:00,181.47,182.62,179.97,180.05,24524.44
2025-10-17T13:00:00+00:00,180.06,182.12,177.98,180.66,33962.076
2025-10-17T14:00:00+00:00,180.65,181.01,176.29,178.38,29621.196
2025-10-17T15:00:00+00:00,178.39,182.8,178.03,182.72,27654.75
2025-10-17T16:00:00+00:00,182.74,185.03,181.82,182.34,25605.315
2025-10-17T17:00:00+00:00,182.35,184.55,182.13,183.77,15007.684
2025-10-17T18:00:00+00:00,183.78,185.41,183.22,183.46,14574.327
2025-10-17T19:00:00+00:00,183.47,184.16,181.45,181.96,16518.698
2025-10-17T20:00:00+00:00,182.02,184.01,181.48,183.69,10402.6
2025-10-17T21:00:00+00:00,183.7,186.07,183.47,185.38,14095.077
2025-10-17T22:00:00+00:00,185.4,185.94,183.23,183.99,9160.891
2025-10-17T23:00:00+00:00,183.99,183.99,181.82,182.0,8471.76542692
2025-10-18T00:00:00+00:00,182.0,183.53,181.79,182.85,10831.124
2025-10-18T01:00:00+00:00,182.87,184.91,182.68,184.6,12818.63
2025-10-18T02:00:00+00:00,184.62,185.54,183.44,183.73,11783.164
2025-10-18T03:00:00+00:00,183.72,185.46,183.71,184.8,8509.38
2025-10-18T04:00:00+00:00,184.8,184.8,183.14,183.43,9575.65
2025-10-18T05:00:00+00:00,183.44,184.79,183.44,184.54,8716.625
2025-10-18T06:00:00+00:00,184.54,186.58,184.23,186.34,9331.391
2025-10-18T07:00:00+00:00,186.34,188.28,185.88,186.27,15356.39996825
2025-10-18T08:00:00+00:00,186.28,187.22,185.81,185.95,8346.746
2025-10-18T09:00:00+00:00,185.92,186.62,185.4,185.92,8808.295
2025-10-18T10:00:00+00:00,185.95,186.23,184.45,185.19,11782.632
2025-10-18T11:00:00+00:00,185.17,186.13,184.64,186.12,8456.306
2025-10-18T12:00:00+00:00,186.13,187.37,185.74,186.08,10680.8
2025-10-18T13:00:00+00:00,186.08,186.15,184.82,185.2,11832.64595966
2025-10-18T14:00:00+00:00,185.22,186.18,184.0,185.73,12226.965
2025-10-18T15:00:00+00:00,185.75,185.95,184.65,185.08,10112.519
2025-10-18T16:00:00+00:00,185.04,185.56,183.34,184.24,15831.07103169
2025-10-18T17:00:00+00:00,184.25,186.09,183.8,185.92,9910.50699015
2025-10-18T18:00:00+00:00,185.95,186.15,185.28,185.8,7371.283
2025-10-18T19:00:00+00:00,185.81,186.4,185.66,186.34,6645.653
2025-10-18T20:00:00+00:00,186.35,187.68,186.15,186.6,9009.191
2025-10-18T21:00:00+00:00,186.59,187.26,185.9,187.14,8242.927
2025-10-18T22:00:00+00:00,187.15,187.83,186.81,187.28,6068.071
2025-10-18T23:00:00+00:00,187.28,187.74,186.93,187.57,5888.297
2025-10-19T00:00:00+00:00,187.56,187.87,185.32,185.75,9704.853
2025-10-19T01:00:00+00:00,185.77,185.89,184.93,185.81,7451.545
2025-10-19T02:00:00+00:00,185.86,185.96,185.27,185.77,6384.626
2025-10-19T03:00:00+00:00,185.78,187.11,184.99,187.03,8959.349
2025-10-19T04:00:00+00:00,187.04,187.13,186.38,186.83,5882.394
2025-10-19T05:00:00+00:00,186.84,187.67,186.37,186.58,6968.734
2025-10-19T06:00:00+00:00,186.56,186.92,185.21,185.59,8728.257
2025-10-19T07:00:00+00:00,185.59,186.15,185.27,185.91,7668.435
2025-10-19T08:00:00+00:00,185.9,187.53,183.82,184.19,21319.35442585
2025-10-19T09:00:00+00:00,184.17,188.64,183.21,187.21,24616.677
2025-10-19T10:00:00+00:00,187.21,189.94,186.71,189.06,17583.242
2025-10-19T11:00:00+00:00,189.07,190.1,188.63,189.01,12065.91205506
2025-10-19T12:00:00+00:00,189.01,189.38,188.16,188.86,9522.979
2025-10-19T13:00:00+00:00,188.9,191.01,188.33,190.59,19422.649
2025-10-19T14:00:00+00:00,190.59,191.69,189.81,191.57,26562.761
2025-10-19T15:00:00+00:00,191.56,191.68,190.27,190.81,13872.687
2025-10-19T16:00:00+00:00,190.81,191.62,189.98,190.9,11257.78028686
2025-10-19T17:00:00+00:00,190.9,192.24,189.8,190.04,19617.3
2025-10-19T18:00:00+00:00,190.08,190.4,189.21,189.95,12687.42040181
2025-10-19T19:00:00+00:00,189.95,189.96,188.38,188.9,10402.49099801
2025-10-19T20:00:00+00:00,188.91,189.9,188.64,189.69,7752.503
2025-10-19T21:00:00+00:00,189.7,189.84,188.4,189.23,8351.701
2025-10-19T22:00:00+00:00,189.31,190.14,188.92,189.79,10627.802
2025-10-19T23:00:00+00:00,189.84,189.84,186.93,187.88,12467.288
2025-10-20T00:00:00+00:00,187.88,187.88,183.82,185.63,20811.62988907
2025-10-20T01:00:00+00:00,185.64,186.33,185.03,185.68,11295.29099839
2025-10-20T02:00:00+00:00,185.65,187.35,184.14,186.85,16321.819
2025-10-20T03:00:00+00:00,186.92,191.73,185.92,191.19,15886.093
2025-10-20T04:00:00+00:00,191.21,192.46,190.62,192.22,14884.953
2025-10-20T05:00:00+00:00,192.2,193.39,191.62,193.0,16127.36709897
2025-10-20T06:00:00+00:00,193.05,194.32,192.79,193.95,35348.26433465
2025-10-20T07:00:00+00:00,193.96,194.54,192.88,193.06,12584.912
2025-10-20T08:00:00+00:00,193.02,194.17,192.2,193.0,12174.623
2025-10-20T09:00:00+00:00,193.0,193.66,192.6,193.18,8896.531
2025-10-20T10:00:00+00:00,193.22,193.73,191.44,191.65,12159.666
2025-10-20T11:00:00+00:00,191.63,192.29,191.06,192.21,10064.745
2025-10-20T12:00:00+00:00,192.22,192.75,191.69,192.75,10211.923
2025-10-20T13:00:00+00:00,192.76,193.03,191.64,192.42,14627.179
2025-10-20T14:00:00+00:00,192.43,192.6,190.79,191.39,15031.303
2025-10-20T15:00:00+00:00,191.41,192.32,190.46,190.56,13847.633
2025-10-20T16:00:00+00:00,190.52,190.53,186.73,187.55,27778.43299655
2025-10-20T17:00:00+00:00,187.51,188.52,185.58,187.66,16240.207
2025-10-20T18:00:00+00:00,187.69,188.52,187.21,188.2,9734.42897598
2025-10-20T19:00:00+00:00,188.21,189.43,187.55,188.92,10085.341
2025-10-20T20:00:00+00:00,188.83,190.5,188.29,190.5,9452.483
2025-10-20T21:00:00+00:00,190.51,191.17,188.81,188.98,8853.79494379
2025-10-20T22:00:00+00:00,189.0,190.88,188.79,190.74,9358.588
2025-10-20T23:00:00+00:00,190.75,190.84,189.49,189.71,8596.014
2025-10-21T00:00:00+00:00,189.71,190.25,188.63,189.02,9897.523
2025-10-21T01:00:00+00:00,189.01,189.24,186.26,186.76,15398.734
2025-10-21T02:00:00+00:00,186.75,186.91,185.56,186.07,12011.03498606
2025-10-21T03:00:00+00:00,186.08,186.62,185.37,185.61,8875.369
2025-10-21T04:00:00+00:00,185.6,185.66,183.25,183.74,28153.442
2025-10-21T05:00:00+00:00,183.75,184.35,182.78,183.86,17475.739
2025-10-21T06:00:00+00:00,183.87,185.03,183.19,184.48,11349.206
2025-10-21T07:00:00+00:00,184.46,185.21,183.76,185.05,8146.713
2025-10-21T08:00:00+00:00,185.05,185.05,183.77,184.29,11745.389
2025-10-21T09:00:00+00:00,184.3,184.54,183.79,184.41,7181.505
2025-10-21T10:00:00+00:00,184.39,186.72,184.22,185.93,11245.535
2025-10-21T11:00:00+00:00,185.92,186.52,185.11,186.28,9410.269
2025-10-21T12:00:00+00:00,186.29,187.75,185.94,186.46,12968.422
2025-10-21T13:00:00+00:00,186.49,186.98,184.01,185.09,19682.837
2025-10-21T14:00:00+00:00,185.12,192.81,185.01,192.72,37306.60536984
2025-10-21T15:00:00+00:00,192.81,197.14,191.96,196.24,35798.19993198
2025-10-21T16:00:00+00:00,196.23,197.71,192.1,192.63,34433.22574856
2025-10-21T17:00:00+00:00,192.64,195.47,191.58,194.82,37923.66367185
2025-10-21T18:00:00+00:00,194.83,195.43,193.56,194.18,13052.21069325
2025-10-21T19:00:00+00:00,194.16,194.54,193.08,193.94,9203.133
2025-10-21T20:00:00+00:00,193.98,194.21,190.77,191.41,13700.02599785
2025-10-21T21:00:00+00:00,191.38,191.75,187.99,191.32,21225.485
2025-10-21T22:00:00+00:00,191.3,191.48,187.79,188.55,17299.338
2025-10-21T23:00:00+00:00,188.56,188.92,185.13,185.64,16267.02091553
2025-10-22T00:00:00+00:00,185.64,186.58,184.18,185.67,20054.906
2025-10-22T01:00:00+00:00,185.71,187.19,185.64,187.01,15612.31598682
2025-10-22T02:00:00+00:00,187.01,187.44,185.92,185.93,6875.043
2025-10-22T03:00:00+00:00,185.93,185.99,184.54,185.26,8672.848
2025-10-22T04:00:00+00:00,185.26,186.28,185.06,185.91,7144.11
2025-10-22T05:00:00+00:00,185.92,185.99,183.33,184.6,14256.827
2025-10-22T06:00:00+00:00,184.61,184.94,183.95,184.12,9647.865
2025-10-22T07:00:00+00:00,184.11,185.17,183.45,185.04,11798.543
2025-10-22T08:00:00+00:00,185.01,185.22,184.28,184.73,6441.756
2025-10-22T09:00:00+00:00,184.73,184.91,183.42,184.06,8762.74820222
2025-10-22T10:00:00+00:00,184.06,184.51,183.24,183.57,9790.41995758
2025-10-22T11:00:00+00:00,183.58,186.02,181.99,185.07,20098.91
2025-10-22T12:00:00+00:00,185.08,186.92,184.48,185.77,15994.76395257
2025-10-22T13:00:00+00:00,185.84,186.9,184.2,186.51,20226.37999637
2025-10-22T14:00:00+00:00,186.55,186.64,181.28,185.51,35345.733
2025-10-22T15:00:00+00:00,185.51,186.04,182.33,184.01,18015.433
2025-10-22T16:00:00+00:00,184.0,184.98,182.55,183.64,18761.369
2025-10-22T17:00:00+00:00,183.64,184.24,181.35,181.67,12667.079
2025-10-22T18:00:00+00:00,181.67,182.33,180.21,180.88,17273.783
2025-10-22T19:00:00+00:00,180.9,182.51,177.11,180.2,27163.284
2025-10-22T20:00:00+00:00,180.21,180.77,179.14,180.15,15185.941
2025-10-22T21:00:00+00:00,180.17,180.26,177.13,178.39,25815.21844033
2025-10-22T22:00:00+00:00,178.39,179.57,177.81,178.88,12775.605
2025-10-22T23:00:00+00:00,178.87,180.5,178.79,180.12,10879.33299708
2025-10-23T00:00:00+00:00,180.12,181.15,179.7,181.03,9610.116
2025-10-23T01:00:00+00:00,181.05,182.08,180.68,181.79,10078.938
2025-10-23T02:00:00+00:00,181.82,182.5,181.47,182.33,5370.751
2025-10-23T03:00:00+00:00,182.31,183.4,182.15,182.9,5484.8111
2025-10-23T04:00:00+00:00,182.9,184.27,182.71,184.03,8126.62642584
2025-10-23T05:00:00+00:00,184.04,184.84,183.85,184.83,5950.39998555
2025-10-23T06:00:00+00:00,184.83,187.61,184.55,187.45,16352.42
2025-10-23T07:00:00+00:00,187.49,187.99,186.2,187.46,12249.57999595
2025-10-23T08:00:00+00:00,187.47,188.7,187.47,187.96,11936.19440509
2025-10-23T09:00:00+00:00,187.97,188.87,187.49,188.38,10530.3149583
2025-10-23T10:00:00+00:00,188.4,189.33,188.24,188.27,11890.73996624
2025-10-23T11:00:00+00:00,188.26,189.45,187.52,188.03,12410.856
2025-10-23T12:00:00+00:00,187.99,189.4,186.62,189.32,18577.11
2025-10-23T13:00:00+00:00,189.32,192.56,188.4,190.39,24026.866
2025-10-23T14:00:00+00:00,190.41,191.28,188.12,189.77,16631.097
2025-10-23T15:00:00+00:00,189.77,191.88,189.45,191.02,18363.161
2025-10-23T16:00:00+00:00,191.02,192.41,190.43,191.92,17840.293
2025-10-23T17:00:00+00:00,191.92,193.47,190.08,192.5,21337.703
2025-10-23T18:00:00+00:00,192.5,192.85,190.86,191.51,14618.571
2025-10-23T19:00:00+00:00,191.52,191.83,190.58,191.14,8282.00699651
2025-10-23T20:00:00+00:00,191.14,191.27,188.32,188.78,12707.245
2025-10-23T21:00:00+00:00,188.79,189.45,188.48,188.76,13166.67397526
2025-10-23T22:00:00+00:00,188.76,190.58,188.49,190.42,16733.638
2025-10-23T23:00:00+00:00,190.42,191.5,190.4,191.31,7388.792
2025-10-24T00:00:00+00:00,191.31,193.86,190.95,192.5,17445.919
2025-10-24T01:00:00+00:00,192.5,193.35,192.14,192.96,10668.322
2025-10-24T02:00:00+00:00,192.95,193.08,191.39,192.2,12200.40644964
2025-10-24T03:00:00+00:00,192.21,192.34,190.85,191.31,11804.88599484
2025-10-24T04:00:00+00:00,191.32,194.55,190.8,193.45,21779.03196405
2025-10-24T05:00:00+00:00,193.47,193.9,192.9,193.29,12072.721
2025-10-24T06:00:00+00:00,193.3,193.66,192.55,193.3,10186.13330218
2025-10-24T07:00:00+00:00,193.3,193.4,191.47,192.15,11678.182
2025-10-24T08:00:00+00:00,192.14,193.45,191.72,192.94,9727.594
2025-10-24T09:00:00+00:00,192.95,193.38,191.9,192.1,8618.94399984
2025-10-24T10:00:00+00:00,192.1,192.14,191.45,191.77,10115.12932355
2025-10-24T11:00:00+00:00,191.78,192.19,190.6,192.16,10658.70198719
2025-10-24T12:00:00+00:00,192.16,196.7,192.16,193.66,35866.72599968
2025-10-24T13:00:00+00:00,193.67,194.29,190.88,192.48,21189.77
2025-10-24T14:00:00+00:00,192.46,192.46,189.52,190.19,23999.9669284
2025-10-24T15:00:00+00:00,190.19,190.89,188.81,189.42,16756.61178305
2025-10-24T16:00:00+00:00,189.43,190.68,188.8,190.65,11039.691
2025-10-24T17:00:00+00:00,190.66,191.76,190.43,191.17,10083.315
2025-10-24T18:00:00+00:00,191.17,191.94,191.0,191.82,9166.482
2025-10-24T19:00:00+00:00,191.83,193.6,191.82,193.05,13594.588
2025-10-24T20:00:00+00:00,193.06,194.14,192.81,193.61,11317.698
2025-10-24T21:00:00+00:00,193.61,194.01,193.26,193.76,6985.43
2025-10-24T22:00:00+00:00,193.78,194.12,193.13,193.78,6873.85179377
2025-10-24T23:00:00+00:00,193.78,193.78,193.09,193.59,4457.82196954
2025-10-25T00:00:00+00:00,193.57,193.59,192.41,192.92,8209.86185592
2025-10-25T01:00:00+00:00,192.98,194.45,192.87,193.75,6448.185
2025-10-25T02:00:00+00:00,193.76,194.15,193.35,193.86,4691.489
2025-10-25T03:00:00+00:00,193.86,193.99,193.3,193.45,6865.51098795
2025-10-25T04:00:00+00:00,193.46,194.45,193.41,194.19,6298.91
2025-10-25T05:00:00+00:00,194.19,194.72,193.45,194.43,6084.11599251
2025-10-25T06:00:00+00:00,194.46,194.7,194.0,194.04,4857.163
2025-10-25T07:00:00+00:00,194.05,194.87,193.81,193.95,7028.932
2025-10-25T08:00:00+00:00,193.95,195.22,193.88,194.86,6728.19299924
2025-10-25T09:00:00+00:00,194.87,194.88,192.4,192.6,13293.90699794
2025-10-25T10:00:00+00:00,192.6,192.77,191.13,192.02,12927.15277041
2025-10-25T11:00:00+00:00,192.0,192.9,191.73,192.71,6824.048
2025-10-25T12:00:00+00:00,192.72,194.2,192.6,193.93,9934.877
2025-10-25T13:00:00+00:00,193.91,193.95,192.5,192.89,9054.89795445
2025-10-25T14:00:00+00:00,192.89,192.89,192.05,192.62,9813.122
2025-10-25T15:00:00+00:00,192.61,192.61,191.82,191.88,6920.697
2025-10-25T16:00:00+00:00,191.89,192.11,191.46,191.91,5859.379
2025-10-25T17:00:00+00:00,191.92,192.5,191.84,192.39,3728.00163
2025-10-25T18:00:00+00:00,192.37,194.35,192.31,194.27,9916.289
2025-10-25T19:00:00+00:00,194.27,194.63,193.94,194.51,5794.186
2025-10-25T20:00:00+00:00,194.52,194.89,193.75,194.15,5965.87997151
2025-10-25T21:00:00+00:00,194.15,194.78,193.83,194.38,6752.417
2025-10-25T22:00:00+00:00,194.38,194.7,193.93,194.49,4905.417
2025-10-25T23:00:00+00:00,194.49,194.7,193.83,193.83,4779.893
2025-10-26T00:00:00+00:00,193.83,194.34,193.12,193.3,6177.734
2025-10-26T01:00:00+00:00,193.31,193.73,192.32,192.84,6901.508
2025-10-26T02:00:00+00:00,192.85,193.12,191.95,192.28,7788.08
2025-10-26T03:00:00+00:00,192.28,193.07,192.03,192.98,5721.04439177
2025-10-26T04:00:00+00:00,192.99,193.48,192.82,192.9,4106.555
2025-10-26T05:00:00+00:00,192.91,193.83,192.71,193.64,3440.643
2025-10-26T06:00:00+00:00,193.65,194.17,193.51,194.05,3628.69999365
2025-10-26T07:00:00+00:00,194.06,194.3,193.84,193.86,4299.74392213
2025-10-26T08:00:00+00:00,193.86,194.39,193.73,194.31,4447.845
2025-10-26T09:00:00+00:00,194.33,196.39,193.96,195.93,14397.989
2025-10-26T10:00:00+00:00,195.95,196.09,194.62,194.81,6666.626
2025-10-26T11:00:00+00:00,194.81,197.85,194.36,197.74,17130.486
2025-10-26T12:00:00+00:00,197.74,198.35,196.89,197.99,12155.22155245
2025-10-26T13:00:00+00:00,197.99,199.6,197.52,199.07,13035.488
2025-10-26T14:00:00+00:00,199.07,199.88,198.64,198.85,11317.10199686
2025-10-26T15:00:00+00:00,198.85,199.76,198.55,199.51,7187.541
2025-10-26T16:00:00+00:00,199.51,199.55,198.18,198.71,12692.851
2025-10-26T17:00:00+00:00,198.74,199.23,198.42,198.92,7146.223
2025-10-26T18:00:00+00:00,198.92,199.65,198.91,199.13,8298.90298804
2025-10-26T19:00:00+00:00,199.13,199.14,198.52,198.87,5202.511
2025-10-26T20:00:00+00:00,198.86,198.86,197.38,197.44,7224.97348544
2025-10-26T21:00:00+00:00,197.45,198.45,196.89,198.45,8357.592
2025-10-26T22:00:00+00:00,198.45,202.39,198.45,200.2,23436.72899841
2025-10-26T23:00:00+00:00,200.2,200.99,199.72,200.06,11904.572948
2025-10-27T00:00:00+00:00,200.06,203.52,199.51,203.25,19604.081
2025-10-27T01:00:00+00:00,203.22,205.02,202.82,204.37,13135.24790635
2025-10-27T02:00:00+00:00,204.36,204.99,203.54,203.95,9805.734
2025-10-27T03:00:00+00:00,203.95,204.62,203.29,204.33,7209.705
2025-10-27T04:00:00+00:00,204.33,204.64,203.16,203.99,8747.194
2025-10-27T05:00:00+00:00,204.01,205.29,203.93,204.32,8595.402
2025-10-27T06:00:00+00:00,204.32,204.92,203.52,204.77,10585.352
2025-10-27T07:00:00+00:00,204.76,205.2,202.27,202.49,13777.559
2025-10-27T08:00:00+00:00,202.5,202.54,199.94,200.46,18151.763
2025-10-27T09:00:00+00:00,200.46,200.52,198.11,199.97,19858.616
2025-10-27T10:00:00+00:00,199.98,200.76,199.65,200.43,7409.353
2025-10-27T11:00:00+00:00,200.43,200.94,198.85,200.17,11116.6887
2025-10-27T12:00:00+00:00,200.19,200.26,199.02,199.56,10270.498
2025-10-27T13:00:00+00:00,199.52,200.57,198.47,200.34,13767.048
2025-10-27T14:00:00+00:00,200.35,200.5,198.32,199.12,16094.48
2025-10-27T15:00:00+00:00,199.12,200.49,198.96,200.11,14049.918
2025-10-27T16:00:00+00:00,200.11,203.1,200.02,202.47,21401.848
2025-10-27T17:00:00+00:00,202.47,203.26,201.7,202.29,15842.029
2025-10-27T18:00:00+00:00,202.28,203.2,201.24,201.66,14553.23796358
2025-10-27T19:00:00+00:00,201.66,201.72,199.82,200.0,16279.41873981
2025-10-27T20:00:00+00:00,200.02,200.22,198.69,198.73,15980.09997814
2025-10-27T21:00:00+00:00,198.72,199.53,197.71,198.7,12630.86
2025-10-27T22:00:00+00:00,198.72,199.41,198.04,198.3,11967.736
2025-10-27T23:00:00+00:00,198.31,198.94,197.34,198.71,11517.312
2025-10-28T00:00:00+00:00,198.7,200.35,198.43,199.67,10321.784
2025-10-28T01:00:00+00:00,199.69,202.03,199.69,201.35,10944.699
2025-10-28T02:00:00+00:00,201.37,201.88,199.46,200.78,12657.58
2025-10-28T03:00:00+00:00,200.68,201.91,199.85,201.26,14171.114
2025-10-28T04:00:00+00:00,201.27,202.14,200.44,201.13,10469.16
2025-10-28T05:00:00+00:00,201.13,201.43,198.63,198.7,12067.19099936
2025-10-28T06:00:00+00:00,198.74,200.95,198.73,200.91,12475.99640361
2025-10-28T07:00:00+00:00,200.91,202.98,200.7,202.38,16106.279
2025-10-28T08:00:00+00:00,202.36,203.96,201.9,203.42,15783.323
2025-10-28T09:00:00+00:00,203.4,203.77,201.49,201.96,11706.113
2025-10-28T10:00:00+00:00,201.99,202.07,199.88,200.29,9553.303
2025-10-28T11:00:00+00:00,200.32,200.65,199.25,199.76,9069.783
2025-10-28T12:00:00+00:00,199.74,200.36,198.25,200.22,14224.677
2025-10-28T13:00:00+00:00,200.23,203.04,200.17,202.72,22424.978
2025-10-28T14:00:00+00:00,202.78,202.91,196.61,199.59,32037.677
2025-10-28T15:00:00+00:00,199.57,200.7,198.38,198.86,16942.484
2025-10-28T16:00:00+00:00,198.87,200.68,197.97,199.81,17752.481
2025-10-28T17:00:00+00:00,199.81,200.88,199.68,200.85,10212.67398515
2025-10-28T18:00:00+00:00,200.85,201.27,198.9,199.66,12042.632
2025-10-28T19:00:00+00:00,199.7,200.11,194.45,195.41,45697.643
2025-10-28T20:00:00+00:00,195.38,195.38,192.05,192.52,41147.739
2025-10-28T21:00:00+00:00,192.51,194.43,190.21,193.88,29876.302
2025-10-28T22:00:00+00:00,193.87,195.18,193.36,194.95,15179.218
2025-10-28T23:00:00+00:00,194.95,194.95,193.8,194.18,10782.469
2025-10-29T00:00:00+00:00,194.17,195.1,193.35,193.82,9794.544
2025-10-29T01:00:00+00:00,193.77,195.03,192.74,194.17,10953.26529308
2025-10-29T02:00:00+00:00,194.18,194.87,194.01,194.73,7518.892
2025-10-29T03:00:00+00:00,194.73,194.73,193.25,193.96,8453.849
2025-10-29T04:00:00+00:00,193.95,194.77,193.81,194.61,5390.83
2025-10-29T05:00:00+00:00,194.58,195.8,194.47,195.2,7884.479
2025-10-29T06:00:00+00:00,195.18,195.74,194.78,195.51,7810.357
2025-10-29T07:00:00+00:00,195.56,196.03,195.16,195.63,7250.452
2025-10-29T08:00:00+00:00,195.64,195.7,194.04,194.52,8231.1675
2025-10-29T09:00:00+00:00,194.51,194.76,193.81,194.23,7160.949
2025-10-29T10:00:00+00:00,194.23,197.08,194.0,196.26,13354.91844194
2025-10-29T11:00:00+00:00,196.29,199.36,196.07,198.73,17259.88
2025-10-29T12:00:00+00:00,198.74,199.86,198.16,199.86,11481.10337041
2025-10-29T13:00:00+00:00,199.86,201.68,199.17,200.77,19552.99297359
2025-10-29T14:00:00+00:00,200.75,200.96,198.71,200.04,16809.62684739
2025-10-29T15:00:00+00:00,200.03,200.64,196.39,196.76,19636.065
2025-10-29T16:00:00+00:00,196.78,196.86,194.75,195.35,19265.59099585
2025-10-29T17:00:00+00:00,195.34,198.78,194.87,198.49,16143.04392044
2025-10-29T18:00:00+00:00,198.5,198.59,189.12,193.56,63902.961
2025-10-29T19:00:00+00:00,193.57,195.33,191.41,192.78,23685.26999867
2025-10-29T20:00:00+00:00,192.8,196.25,191.94,195.61,19880.547
2025-10-29T21:00:00+00:00,195.61,197.08,195.14,196.05,14103.546
2025-10-29T22:00:00+00:00,196.03,196.4,195.26,195.37,9545.271
2025-10-29T23:00:00+00:00,195.37,195.57,193.01,193.9,11349.422
2025-10-30T00:00:00+00:00,193.91,194.73,192.12,194.68,9727.77899322
2025-10-30T01:00:00+00:00,194.68,196.0,193.49,195.51,11257.266
2025-10-30T02:00:00+00:00,195.52,198.17,195.25,198.14,11552.698
2025-10-30T03:00:00+00:00,198.18,198.19,196.62,197.12,13217.565
2025-10-30T04:00:00+00:00,197.11,197.17,190.38,191.82,34874.883
2025-10-30T05:00:00+00:00,191.82,195.68,191.44,195.21,21863.42774434
2025-10-30T06:00:00+00:00,195.18,195.48,193.45,194.2,12676.29
2025-10-30T07:00:00+00:00,194.21,196.2,193.96,195.85,12193.953
2025-10-30T08:00:00+00:00,195.81,196.12,194.63,195.42,10297.65337514
2025-10-30T09:00:00+00:00,195.38,195.46,192.34,192.39,15756.325
2025-10-30T10:00:00+00:00,192.4,192.48,191.12,192.22,14522.847
2025-10-30T11:00:00+00:00,192.22,192.68,191.3,191.87,14263.6779951
2025-10-30T12:00:00+00:00,191.86,192.07,186.42,187.9,37796.332
2025-10-30T13:00:00+00:00,187.89,188.72,184.86,185.78,27597.264
2025-10-30T14:00:00+00:00,185.76,187.85,185.68,187.3,17871.48095598
2025-10-30T15:00:00+00:00,187.27,187.66,184.51,185.05,14520.341
2025-10-30T16:00:00+00:00,185.05,186.34,183.97,185.35,17825.93597646
2025-10-30T17:00:00+00:00,185.3,185.36,181.45,183.87,28930.92287624
2025-10-30T18:00:00+00:00,183.86,184.0,180.85,181.35,13424.77570477
2025-10-30T19:00:00+00:00,181.29,181.93,178.69,179.11,20215.627
2025-10-30T20:00:00+00:00,179.08,182.57,178.8,182.26,22176.37958001
2025-10-30T21:00:00+00:00,182.26,182.71,181.21,182.42,18137.912
2025-10-30T22:00:00+00:00,182.47,183.67,182.14,183.66,16227.84499872
2025-10-30T23:00:00+00:00,183.68,184.72,182.63,184.67,11463.216
2025-10-31T00:00:00+00:00,184.7,186.52,184.1,185.46,11645.436
2025-10-31T01:00:00+00:00,185.5,186.9,185.1,186.23,14801.833
2025-10-31T02:00:00+00:00,186.23,186.31,183.73,184.64,13348.39695763
2025-10-31T03:00:00+00:00,184.65,185.74,184.16,185.16,11237.693
2025-10-31T04:00:00+00:00,185.17,187.05,184.99,186.66,14250.457
2025-10-31T05:00:00+00:00,186.65,186.65,185.35,185.69,10567.032
2025-10-31T06:00:00+00:00,185.71,185.92,184.95,185.56,8523.22999248
2025-10-31T07:00:00+00:00,185.56,186.14,184.79,185.37,6932.47404792
2025-10-31T08:00:00+00:00,185.36,186.58,184.61,186.52,11374.819
2025-10-31T09:00:00+00:00,186.52,187.01,186.02,186.63,12860.005
2025-10-31T10:00:00+00:00,186.64,187.38,186.23,186.42,12096.329
2025-10-31T11:00:00+00:00,186.42,189.19,186.22,188.89,14549.707
2025-10-31T12:00:00+00:00,188.88,189.35,186.34,186.51,18764.403
2025-10-31T13:00:00+00:00,186.52,188.59,186.0,188.36,19374.56899986
2025-10-31T14:00:00+00:00,188.42,189.46,186.99,189.09,17335.356
2025-10-31T15:00:00+00:00,189.09,190.27,187.96,188.15,20382.012
2025-10-31T16:00:00+00:00,188.12,188.59,184.68,185.13,18467.776
2025-10-31T17:00:00+00:00,185.07,185.95,184.4,185.37,17887.37
2025-10-31T18:00:00+00:00,185.36,186.55,184.51,185.99,16474.10299964
2025-10-31T19:00:00+00:00,185.96,189.03,185.02,188.42,17345.441
2025-10-31T20:00:00+00:00,188.37,188.81,186.74,186.91,12226.97660162
2025-10-31T21:00:00+00:00,186.91,187.7,186.55,187.28,8167.429
2025-10-31T22:00:00+00:00,187.28,187.93,187.01,187.28,8133.735
2025-10-31T23:00:00+00:00,187.27,187.82,187.13,187.21,6343.07220272
2025-11-01T00:00:00+00:00,187.21,187.34,186.05,187.13,9031.657
2025-11-01T01:00:00+00:00,187.12,187.43,186.11,186.12,6921.325
2025-11-01T02:00:00+00:00,186.12,186.73,185.53,186.62,6818.929
2025-11-01T03:00:00+00:00,186.61,187.46,186.58,187.21,7446.247
2025-11-01T04:00:00+00:00,187.21,187.53,186.29,187.06,8898.53094937
2025-11-01T05:00:00+00:00,187.06,187.1,186.15,186.23,5910.18295861
2025-11-01T06:00:00+00:00,186.22,186.35,184.99,185.71,7216.965
2025-11-01T07:00:00+00:00,185.72,186.34,185.32,185.78,6904.036
2025-11-01T08:00:00+00:00,185.77,186.51,185.66,186.5,8143.671
2025-11-01T09:00:00+00:00,186.52,186.7,185.73,185.81,7585.743
2025-11-01T10:00:00+00:00,185.82,186.39,185.24,186.12,6521.035
2025-11-01T11:00:00+00:00,186.15,186.63,185.67,186.17,5671.608
2025-11-01T12:00:00+00:00,186.18,186.6,186.18,186.35,4655.825
2025-11-01T13:00:00+00:00,186.37,186.47,184.8,185.31,6730.997
2025-11-01T14:00:00+00:00,185.3,185.56,183.78,185.0,12582.381
2025-11-01T15:00:00+00:00,185.0,186.41,184.85,186.39,9570.431
2025-11-01T16:00:00+00:00,186.42,187.06,185.96,186.41,9148.702
2025-11-01T17:00:00+00:00,186.46,186.53,184.92,184.97,6848.657
2025-11-01T18:00:00+00:00,184.96,185.76,184.89,185.74,8311.268
2025-11-01T19:00:00+00:00,185.72,186.3,185.41,186.25,6821.71796872
2025-11-01T20:00:00+00:00,186.25,186.94,186.16,186.5,6107.38619347
2025-11-01T21:00:00+00:00,186.51,186.6,185.32,185.33,5453.36843484
2025-11-01T22:00:00+00:00,185.36,186.27,185.01,186.18,11658.451
2025-11-01T23:00:00+00:00,186.18,186.56,185.87,186.38,4879.219
2025-11-02T00:00:00+00:00,186.38,186.4,185.11,185.15,6626.816
2025-11-02T01:00:00+00:00,185.15,185.5,184.7,184.83,6868.893
2025-11-02T02:00:00+00:00,184.82,186.0,184.79,185.37,6014.403
2025-11-02T03:00:00+00:00,185.4,185.51,184.97,185.3,5472.938
2025-11-02T04:00:00+00:00,185.3,187.99,185.03,187.77,9207.097
2025-11-02T05:00:00+00:00,187.79,187.83,186.54,187.08,9096.824
2025-11-02T06:00:00+00:00,187.1,187.68,186.64,187.41,7161.905
2025-11-02T07:00:00+00:00,187.42,188.33,186.71,187.71,8922.318
2025-11-02T08:00:00+00:00,187.72,187.92,186.97,187.13,8050.181
2025-11-02T09:00:00+00:00,187.13,187.9,185.81,185.93,9156.817
2025-11-02T10:00:00+00:00,185.93,186.18,184.44,185.06,14182.246
2025-11-02T11:00:00+00:00,185.06,186.41,184.91,186.19,10309.195
2025-11-02T12:00:00+00:00,186.19,186.5,185.31,185.55,7332.361
2025-11-02T13:00:00+00:00,185.57,185.6,183.99,185.13,8536.88696597
2025-11-02T14:00:00+00:00,185.1,185.37,183.53,184.38,12059.96
2025-11-02T15:00:00+00:00,184.38,185.07,183.76,183.8,11437.24
2025-11-02T16:00:00+00:00,183.8,184.39,182.04,184.27,16546.83279138
2025-11-02T17:00:00+00:00,184.3,184.59,183.57,184.37,8507.262
2025-11-02T18:00:00+00:00,184.39,184.64,183.99,184.25,5309.398
2025-11-02T19:00:00+00:00,184.28,184.28,183.07,184.0,8345.536
2025-11-02T20:00:00+00:00,184.02,184.56,183.57,184.56,5451.265
2025-11-02T21:00:00+00:00,184.57,186.0,184.54,185.47,6967.40048071
2025-11-02T22:00:00+00:00,185.48,185.66,184.34,184.9,6288.981
2025-11-02T23:00:00+00:00,184.92,188.07,184.92,187.72,14245.143
2025-11-03T00:00:00+00:00,187.73,189.07,186.57,186.58,13947.522
2025-11-03T01:00:00+00:00,186.57,187.15,185.35,185.56,12455.314
2025-11-03T02:00:00+00:00,185.53,185.92,183.02,183.48,18153.097
2025-11-03T03:00:00+00:00,183.52,183.67,176.73,177.56,29716.61815543
2025-11-03T04:00:00+00:00,177.56,178.4,175.94,178.01,20947.302
2025-11-03T05:00:00+00:00,177.92,178.75,176.52,176.82,14218.755
2025-11-03T06:00:00+00:00,176.81,177.25,174.27,176.12,25585.35
2025-11-03T07:00:00+00:00,176.11,177.13,175.47,176.53,18516.966
2025-11-03T08:00:00+00:00,176.52,176.6,174.44,175.68,20090.66575398
2025-11-03T09:00:00+00:00,175.68,176.98,174.67,174.95,18034.303
2025-11-03T10:00:00+00:00,174.94,175.91,173.69,174.1,16984.691
2025-11-03T11:00:00+00:00,174.12,176.07,174.1,175.35,16082.45598731
2025-11-03T12:00:00+00:00,175.33,176.57,175.03,175.57,14013.979
2025-11-03T13:00:00+00:00,175.56,176.32,175.0,175.81,14372.77
2025-11-03T14:00:00+00:00,175.81,176.92,174.86,176.43,17844.20790971
2025-11-03T15:00:00+00:00,176.43,176.76,164.69,166.79,100154.682
2025-11-03T16:00:00+00:00,166.81,169.18,165.65,168.38,32744.10096829
2025-11-03T17:00:00+00:00,168.39,170.98,168.11,169.96,19793.78899952
2025-11-03T18:00:00+00:00,169.95,170.15,167.79,167.88,14603.668
2025-11-03T19:00:00+00:00,167.87,168.33,166.62,166.76,14676.75199933
2025-11-03T20:00:00+00:00,166.75,167.24,163.26,164.36,20069.628
2025-11-03T21:00:00+00:00,164.38,166.21,163.27,165.96,20294.681
2025-11-03T22:00:00+00:00,165.93,166.27,164.23,165.75,13727.43
2025-11-03T23:00:00+00:00,165.75,166.27,164.5,166.06,10884.911
2025-11-04T00:00:00+00:00,166.06,167.21,164.21,166.57,17023.45
2025-11-04T01:00:00+00:00,166.59,168.37,165.9,167.88,18752.108
2025-11-04T02:00:00+00:00,167.86,168.4,166.46,166.69,13076.542
2025-11-04T03:00:00+00:00,166.69,168.25,166.28,167.67,14044.377
2025-11-04T04:00:00+00:00,167.67,168.11,164.76,165.03,16950.89
2025-11-04T05:00:00+00:00,165.03,165.48,157.18,157.71,46261.71576003
2025-11-04T06:00:00+00:00,157.7,161.31,157.64,158.59,24914.21867076
2025-11-04T07:00:00+00:00,158.59,158.93,155.88,157.05,26660.80072395
2025-11-04T08:00:00+00:00,157.06,160.45,156.42,159.25,23836.94523005
2025-11-04T09:00:00+00:00,159.25,160.44,158.66,160.38,16015.921
2025-11-04T10:00:00+00:00,160.44,161.36,159.95,160.49,18257.9
2025-11-04T11:00:00+00:00,160.48,162.23,160.35,161.71,20565.137
2025-11-04T12:00:00+00:00,161.71,162.51,160.84,161.44,21162.358
2025-11-04T13:00:00+00:00,161.42,162.58,160.48,161.28,23165.92
2025-11-04T14:00:00+00:00,161.27,164.75,159.25,164.37,33164.075
2025-11-04T15:00:00+00:00,164.41,165.27,161.31,161.47,26870.394
2025-11-04T16:00:00+00:00,161.49,162.35,158.14,158.2,31001.02
2025-11-04T17:00:00+00:00,158.2,158.24,153.06,156.21,53956.70899642
2025-11-04T18:00:00+00:00,156.2,156.56,152.27,156.43,42984.69305703
2025-11-04T19:00:00+00:00,156.42,157.42,154.2,154.64,30547.67
2025-11-04T20:00:00+00:00,154.62,155.07,148.32,153.4,55425.66332049
2025-11-04T21:00:00+00:00,153.41,154.08,145.85,151.18,58593.96797491
2025-11-04T22:00:00+00:00,151.15,155.58,150.48,155.22,35908.052
2025-11-04T23:00:00+00:00,155.22,155.89,153.93,155.04,23942.921
2025-11-05T00:00:00+00:00,155.04,155.62,152.5,153.33,19203.613
2025-11-05T01:00:00+00:00,153.35,153.52,147.28,152.67,29796.569
2025-11-05T02:00:00+00:00,152.61,156.21,152.61,156.12,26384.854
2025-11-05T03:00:00+00:00,156.11,157.38,155.07,156.94,18861.022
2025-11-05T04:00:00+00:00,156.93,157.94,155.66,157.05,16205.658
2025-11-05T05:00:00+00:00,157.05,158.54,156.83,157.53,15884.811
2025-11-05T06:00:00+00:00,157.53,158.15,156.61,158.03,16386.351
2025-11-05T07:00:00+00:00,158.03,158.1,155.96,156.46,16180.633
2025-11-05T08:00:00+00:00,156.47,156.47,153.68,155.71,23690.7549386
2025-11-05T09:00:00+00:00,155.7,157.32,155.59,157.04,16010.13888263
2025-11-05T10:00:00+00:00,157.03,157.08,154.7,154.87,13931.8
2025-11-05T11:00:00+00:00,154.9,157.7,154.87,157.53,15360.315
2025-11-05T12:00:00+00:00,157.5,158.71,156.79,158.3,17152.212
2025-11-05T13:00:00+00:00,158.29,159.95,157.64,159.48,21585.819
2025-11-05T14:00:00+00:00,159.47,159.65,156.98,158.73,20418.50899936
2025-11-05T15:00:00+00:00,158.75,160.53,157.92,160.49,23257.21150357
2025-11-05T16:00:00+00:00,160.5,162.07,158.58,161.83,20049.99009047
2025-11-05T17:00:00+00:00,161.84,162.68,160.94,162.08,44335.35770542
2025-11-05T18:00:00+00:00,162.02,163.95,161.72,163.16,17588.449
2025-11-05T19:00:00+00:00,163.13,163.4,162.2,162.56,15265.67999938
2025-11-05T20:00:00+00:00,162.56,163.98,162.39,162.57,17428.24995049
2025-11-05T21:00:00+00:00,162.56,162.56,161.12,161.86,13998.99784461
2025-11-05T22:00:00+00:00,161.86,162.95,161.32,162.83,10598.964
2025-11-05T23:00:00+00:00,162.83,163.07,162.15,162.37,9450.167
2025-11-06T00:00:00+00:00,162.37,162.37,160.48,161.42,12362.033
2025-11-06T01:00:00+00:00,161.39,161.67,159.72,160.81,14147.019
2025-11-06T02:00:00+00:00,160.8,162.31,160.13,161.76,14170.67
2025-11-06T03:00:00+00:00,161.76,162.91,161.61,162.44,11930.573
2025-11-06T04:00:00+00:00,162.45,162.74,161.75,162.14,9703.266
2025-11-06T05:00:00+00:00,162.14,162.14,158.84,159.3,35281.974
2025-11-06T06:00:00+00:00,159.31,159.99,158.8,158.8,11918.32997387
2025-11-06T07:00:00+00:00,158.81,159.98,158.26,158.85,13300.896
2025-11-06T08:00:00+00:00,158.85,159.57,158.51,159.34,13485.594
2025-11-06T09:00:00+00:00,159.34,159.88,158.81,158.81,11916.18
2025-11-06T10:00:00+00:00,158.81,159.75,157.68,159.05,15083.6327445
2025-11-06T11:00:00+00:00,159.05,159.39,158.2,158.87,11786.615
2025-11-06T12:00:00+00:00,158.85,159.42,157.11,157.51,15694.21294628
2025-11-06T13:00:00+00:00,157.5,161.31,157.5,160.65,20593.827
2025-11-06T14:00:00+00:00,160.66,161.51,157.36,157.77,20685.982
2025-11-06T15:00:00+00:00,157.79,158.97,155.41,155.91,23333.88099461
2025-11-06T16:00:00+00:00,155.91,156.97,153.82,155.41,29538.98199968
2025-11-06T17:00:00+00:00,155.4,157.63,154.85,157.26,15058.62899871
2025-11-06T18:00:00+00:00,157.25,158.66,155.46,157.5,14880.10399903
2025-11-06T19:00:00+00:00,157.47,157.83,156.14,156.88,17352.09699872
2025-11-06T20:00:00+00:00,156.88,157.8,154.63,155.29,15161.92499936
2025-11-06T21:00:00+00:00,155.3,156.92,154.66,156.49,12300.73
2025-11-06T22:00:00+00:00,156.5,156.79,154.29,155.58,10584.686
2025-11-06T23:00:00+00:00,155.57,155.57,153.47,155.28,12708.93
2025-11-07T00:00:00+00:00,155.28,157.13,154.9,156.75,17911.72787199
2025-11-07T01:00:00+00:00,156.79,157.24,154.24,157.07,19907.678
2025-11-07T02:00:00+00:00,157.02,158.1,156.18,158.0,15653.375
2025-11-07T03:00:00+00:00,158.0,158.58,156.82,156.86,13266.824
2025-11-07T04:00:00+00:00,156.87,157.07,155.28,156.17,10890.717
2025-11-07T05:00:00+00:00,156.18,158.22,156.16,158.08,12260.71
2025-11-07T06:00:00+00:00,158.11,158.27,156.82,156.82,8280.351
2025-11-07T07:00:00+00:00,156.82,157.85,156.36,157.79,10237.11497932
2025-11-07T08:00:00+00:00,157.79,158.19,156.88,157.33,11029.5
2025-11-07T09:00:00+00:00,157.31,157.32,154.13,154.74,15813.484
2025-11-07T10:00:00+00:00,154.72,155.74,153.63,154.27,16484.555
2025-11-07T11:00:00+00:00,154.25,154.25,151.6,153.86,22369.89699479
2025-11-07T12:00:00+00:00,153.86,154.15,150.94,151.64,21328.4439994
2025-11-07T13:00:00+00:00,151.63,153.18,151.02,152.34,19261.118
2025-11-07T14:00:00+00:00,152.29,155.13,149.83,154.72,27347.71285782
2025-11-07T15:00:00+00:00,154.72,156.26,153.31,155.4,22424.33999938
2025-11-07T16:00:00+00:00,155.41,158.13,154.4,157.3,23254.16
2025-11-07T17:00:00+00:00,157.28,161.53,156.53,161.17,28282.016
2025-11-07T18:00:00+00:00,161.17,162.99,160.92,162.12,22783.94791153
2025-11-07T19:00:00+00:00,162.12,164.46,161.49,164.18,18032.923
2025-11-07T20:00:00+00:00,164.17,164.4,162.11,163.38,21690.41481001
2025-11-07T21:00:00+00:00,163.36,163.81,162.7,163.5,14863.60789746
2025-11-07T22:00:00+00:00,163.51,163.91,162.74,163.23,12496.48629998
2025-11-07T23:00:00+00:00,163.23,163.27,161.6,161.79,11223.8639303
2025-11-08T00:00:00+00:00,161.79,162.59,160.58,160.87,14790.803
2025-11-08T01:00:00+00:00,160.87,162.47,160.83,162.02,13705.12
2025-11-08T02:00:00+00:00,162.04,164.44,161.94,163.42,16297.959
2025-11-08T03:00:00+00:00,163.42,164.89,162.5,162.56,14413.379
2025-11-08T04:00:00+00:00,162.53,163.66,162.52,162.74,12416.957
2025-11-08T05:00:00+00:00,162.72,163.06,161.03,161.35,12458.536
2025-11-08T06:00:00+00:00,161.39,161.95,160.17,161.12,13850.84
2025-11-08T07:00:00+00:00,161.13,161.17,159.64,161.03,8740.325
2025-11-08T08:00:00+00:00,161.03,162.05,160.31,161.55,10645.558
2025-11-08T09:00:00+00:00,161.56,162.34,161.0,161.14,11483.36702906
2025-11-08T10:00:00+00:00,161.14,161.22,160.54,160.83,11163.235
2025-11-08T11:00:00+00:00,160.82,161.18,159.14,159.37,11521.69299971
2025-11-08T12:00:00+00:00,159.38,159.71,158.79,159.44,10475.202
2025-11-08T13:00:00+00:00,159.44,159.46,158.13,158.22,13408.159
2025-11-08T14:00:00+00:00,158.22,158.53,156.82,157.67,16712.75199909
2025-11-08T15:00:00+00:00,157.68,157.83,155.93,156.65,14123.214
2025-11-08T16:00:00+00:00,156.67,157.38,155.82,156.74,16165.67298768
2025-11-08T17:00:00+00:00,156.77,157.66,156.05,157.58,13366.677
2025-11-08T18:00:00+00:00,157.6,158.17,156.95,157.96,8107.05329183
2025-11-08T19:00:00+00:00,157.95,158.03,156.26,157.38,9145.893
2025-11-08T20:00:00+00:00,157.37,158.26,157.22,157.7,8247.644
2025-11-08T21:00:00+00:00,157.69,158.26,157.61,158.04,5594.655
2025-11-08T22:00:00+00:00,158.04,158.4,157.63,158.03,5376.85298478
2025-11-08T23:00:00+00:00,158.02,158.43,157.86,158.02,6197.894
2025-11-09T00:00:00+00:00,158.02,158.02,156.58,156.86,9625.834
2025-11-09T01:00:00+00:00,156.85,158.3,156.79,158.21,11050.637
2025-11-09T02:00:00+00:00,158.18,158.18,155.73,156.02,14009.777
2025-11-09T03:00:00+00:00,156.05,156.49,155.12,155.86,12411.2787986
2025-11-09T04:00:00+00:00,155.89,157.49,155.87,157.25,14203.29
2025-11-09T05:00:00+00:00,157.24,158.35,157.13,158.15,8460.116
2025-11-09T06:00:00+00:00,158.13,159.1,157.87,158.26,5468.312
2025-11-09T07:00:00+00:00,158.25,159.55,157.85,159.28,11408.493
2025-11-09T08:00:00+00:00,159.28,159.68,158.76,159.4,9168.641
2025-11-09T09:00:00+00:00,159.45,159.91,158.19,158.27,13864.279
2025-11-09T10:00:00+00:00,158.27,158.43,157.29,158.43,9075.243
2025-11-09T11:00:00+00:00,158.45,159.47,158.45,159.01,20192.93899397
2025-11-09T12:00:00+00:00,159.06,159.85,158.59,159.1,11998.097
2025-11-09T13:00:00+00:00,159.11,160.5,159.01,160.07,13198.472
2025-11-09T14:00:00+00:00,160.03,163.12,159.26,160.18,31630.29371752
2025-11-09T15:00:00+00:00,160.17,163.95,159.82,162.53,19364.829
2025-11-09T16:00:00+00:00,162.53,163.2,161.81,162.94,11554.2
2025-11-09T17:00:00+00:00,162.94,163.06,161.28,161.81,11789.18584534
2025-11-09T18:00:00+00:00,161.82,164.08,161.38,163.99,10231.93
2025-11-09T19:00:00+00:00,163.99,166.29,163.33,166.22,17958.61285912
2025-11-09T20:00:00+00:00,166.18,166.36,165.05,165.36,10041.385
2025-11-09T21:00:00+00:00,165.36,165.8,164.4,165.23,11463.58256241
2025-11-09T22:00:00+00:00,165.24,165.67,164.13,165.44,8761.73031059
2025-11-09T23:00:00+00:00,165.46,166.6,163.95,164.54,13896.19394063
2025-11-10T00:00:00+00:00,164.53,168.35,163.45,167.47,22599.08504466
2025-11-10T01:00:00+00:00,167.48,168.28,166.33,167.08,18652.94998041
2025-11-10T02:00:00+00:00,167.1,167.98,166.42,167.79,11342.61
2025-11-10T03:00:00+00:00,167.76,168.75,167.19,168.12,12248.598
2025-11-10T04:00:00+00:00,168.13,168.92,166.68,168.04,12135.176
2025-11-10T05:00:00+00:00,168.05,168.58,166.94,167.6,10826.571
2025-11-10T06:00:00+00:00,167.59,167.74,166.41,166.93,11887.10914552
2025-11-10T07:00:00+00:00,166.94,168.19,166.81,167.4,8963.189
2025-11-10T08:00:00+00:00,167.38,167.44,166.0,166.65,11271.262
2025-11-10T09:00:00+00:00,166.66,169.76,166.36,169.47,14500.929
2025-11-10T10:00:00+00:00,169.48,169.64,167.95,168.35,11683.469
2025-11-10T11:00:00+00:00,168.35,168.81,168.04,168.34,9095.978
2025-11-10T12:00:00+00:00,168.33,168.52,166.95,168.14,15010.216
2025-11-10T13:00:00+00:00,168.14,170.47,168.0,169.74,17783.714
2025-11-10T14:00:00+00:00,169.73,169.73,165.32,166.14,23269.446
2025-11-10T15:00:00+00:00,166.16,167.26,165.2,166.21,18807.86394799
2025-11-10T16:00:00+00:00,166.27,167.06,165.25,166.19,15613.828
2025-11-10T17:00:00+00:00,166.12,168.48,165.96,167.85,15231.514
2025-11-10T18:00:00+00:00,167.84,168.11,165.69,165.69,14773.54
2025-11-10T19:00:00+00:00,165.68,167.69,165.61,167.19,14338.902
2025-11-10T20:00:00+00:00,167.19,168.41,166.86,167.86,11445.90285756
2025-11-10T21:00:00+00:00,167.86,167.89,164.79,165.52,14305.094
2025-11-10T22:00:00+00:00,165.5,167.79,165.17,167.61,10854.044
2025-11-10T23:00:00+00:00,167.68,168.09,167.21,167.31,9527.54
2025-11-11T00:00:00+00:00,167.33,167.65,166.0,167.5,13793.52
2025-11-11T01:00:00+00:00,167.49,171.0,166.62,167.36,20073.635
2025-11-11T02:00:00+00:00,167.41,170.98,166.25,170.27,19210.504
2025-11-11T03:00:00+00:00,170.28,171.93,169.5,169.99,16497.34593092
2025-11-11T04:00:00+00:00,169.95,170.1,166.56,166.89,15164.047
2025-11-11T05:00:00+00:00,166.93,166.93,165.03,165.16,15138.279
2025-11-11T06:00:00+00:00,165.16,165.29,163.63,164.95,14321.109
2025-11-11T07:00:00+00:00,164.96,165.22,163.89,163.98,12183.32077323
2025-11-11T08:00:00+00:00,164.0,164.87,163.64,164.02,9945.21101022
2025-11-11T09:00:00+00:00,164.01,164.98,163.13,164.01,11023.208
2025-11-11T10:00:00+00:00,164.02,164.37,162.72,163.76,13527.866
2025-11-11T11:00:00+00:00,163.78,164.57,163.01,163.69,10343.725
2025-11-11T12:00:00+00:00,163.69,164.35,162.58,163.33,12980.195
2025-11-11T13:00:00+00:00,163.33,163.92,162.44,162.8,13088.216
2025-11-11T14:00:00+00:00,162.81,163.23,161.14,162.96,22347.892
2025-11-11T15:00:00+00:00,162.96,162.96,160.05,160.88,23676.86
2025-11-11T16:00:00+00:00,160.88,161.24,159.69,160.63,21156.083
2025-11-11T17:00:00+00:00,160.65,161.03,158.28,159.46,17694.219
2025-11-11T18:00:00+00:00,159.5,159.8,158.37,158.95,13356.616
2025-11-11T19:00:00+00:00,158.95,158.95,157.44,157.6,12284.987
2025-11-11T20:00:00+00:00,157.59,157.86,156.29,156.75,16492.925
2025-11-11T21:00:00+00:00,156.77,157.4,155.66,156.09,15115.718
2025-11-11T22:00:00+00:00,156.06,157.28,155.52,156.72,13763.1
2025-11-11T23:00:00+00:00,156.7,156.86,153.91,154.59,18840.638
2025-11-12T00:00:00+00:00,154.59,155.29,153.59,153.82,16388.69698263
2025-11-12T01:00:00+00:00,153.84,155.5,153.71,155.43,15937.36355437
2025-11-12T02:00:00+00:00,155.43,155.59,153.78,154.3,15162.857
2025-11-12T03:00:00+00:00,154.32,154.98,153.97,154.59,10888.252
2025-11-12T04:00:00+00:00,154.59,155.04,154.22,154.94,8084.803
2025-11-12T05:00:00+00:00,154.95,156.09,154.92,155.48,11575.93583027
2025-11-12T06:00:00+00:00,155.48,156.5,155.35,155.92,9982.42
2025-11-12T07:00:00+00:00,155.91,156.54,154.85,155.02,9887.934
2025-11-12T08:00:00+00:00,155.03,158.09,155.02,158.01,17370.161
2025-11-12T09:00:00+00:00,158.0,158.91,157.79,158.09,14449.61680482
2025-11-12T10:00:00+00:00,158.09,160.48,158.01,160.3,14893.535
2025-11-12T11:00:00+00:00,160.28,161.14,159.54,160.03,16807.882
2025-11-12T12:00:00+00:00,160.03,160.76,159.11,159.87,13547.068
2025-11-12T13:00:00+00:00,159.84,161.02,158.89,160.55,14451.881
2025-11-12T14:00:00+00:00,160.56,161.03,157.14,158.57,22563.02102787
2025-11-12T15:00:00+00:00,158.57,159.55,155.19,155.72,28676.013
2025-11-12T16:00:00+00:00,155.73,156.18,152.18,152.77,34440.75363522
2025-11-12T17:00:00+00:00,152.82,154.84,152.38,153.33,20440.214
2025-11-12T18:00:00+00:00,153.33,154.2,152.78,152.78,16400.512
2025-11-12T19:00:00+00:00,152.77,153.76,151.21,153.04,22478.042
2025-11-12T20:00:00+00:00,153.03,154.66,152.54,153.77,17876.521
2025-11-12T21:00:00+00:00,153.78,154.3,153.37,154.12,15005.526
2025-11-12T22:00:00+00:00,154.14,154.15,152.76,153.89,10927.275
2025-11-12T23:00:00+00:00,153.87,153.89,152.86,153.39,10015.363
2025-11-13T00:00:00+00:00,153.42,154.4,152.42,153.01,12946.582
2025-11-13T01:00:00+00:00,153.01,154.43,152.29,152.75,16621.967
2025-11-13T02:00:00+00:00,152.76,153.39,152.4,152.89,10530.863
2025-11-13T03:00:00+00:00,152.9,155.76,150.44,154.34,21749.663
2025-11-13T04:00:00+00:00,154.34,154.92,153.41,154.32,15031.288
2025-11-13T05:00:00+00:00,154.31,156.91,153.79,156.15,15106.787
2025-11-13T06:00:00+00:00,156.16,157.12,155.72,156.74,12523.64851949
2025-11-13T07:00:00+00:00,156.74,157.22,154.88,155.31,13413.398
2025-11-13T08:00:00+00:00,155.32,156.56,154.96,155.94,8584.986
2025-11-13T09:00:00+00:00,155.94,156.04,153.87,154.99,10841.003
2025-11-13T10:00:00+00:00,155.01,156.16,154.86,155.42,7884.887
2025-11-13T11:00:00+00:00,155.42,156.49,155.4,156.28,8392.845
2025-11-13T12:00:00+00:00,156.29,156.96,155.8,156.42,10233.184
2025-11-13T13:00:00+00:00,156.42,156.52,153.68,153.84,18464.69809679
2025-11-13T14:00:00+00:00,153.84,156.68,152.22,155.29,24790.669
2025-11-13T15:00:00+00:00,155.3,155.81,152.52,153.11,21333.844
2025-11-13T16:00:00+00:00,153.11,153.37,150.75,151.09,30543.119
2025-11-13T17:00:00+00:00,151.13,151.26,146.78,147.09,33445.58813625
2025-11-13T18:00:00+00:00,147.09,147.76,144.55,145.45,30931.962
2025-11-13T19:00:00+00:00,145.44,146.3,142.03,142.73,28820.488
2025-11-13T20:00:00+00:00,142.72,143.27,141.05,142.75,26377.03092472
2025-11-13T21:00:00+00:00,142.75,143.76,141.29,142.1,18646.577
2025-11-13T22:00:00+00:00,142.09,144.84,141.74,144.61,16953.507
2025-11-13T23:00:00+00:00,144.63,146.26,143.95,144.77,21855.41298771
2025-11-14T00:00:00+00:00,144.77,145.29,142.95,143.32,18719.479
2025-11-14T01:00:00+00:00,143.32,144.55,142.8,143.67,15371.679
2025-11-14T02:00:00+00:00,143.68,145.67,143.66,145.31,16066.834
2025-11-14T03:00:00+00:00,145.31,145.57,143.69,144.28,15763.64646801
2025-11-14T04:00:00+00:00,144.3,144.37,138.7,141.88,41995.195
2025-11-14T05:00:00+00:00,141.92,143.65,141.41,143.14,19057.181
2025-11-14T06:00:00+00:00,143.17,144.09,140.01,143.94,23467.89
2025-11-14T07:00:00+00:00,143.93,144.45,142.4,142.85,20596.499
2025-11-14T08:00:00+00:00,142.85,142.95,141.41,142.46,20459.2246
2025-11-14T09:00:00+00:00,142.46,143.17,140.51,140.92,17326.142
2025-11-14T10:00:00+00:00,140.92,142.89,140.84,141.96,13812.536
2025-11-14T11:00:00+00:00,141.95,142.21,139.82,140.77,21102.686
2025-11-14T12:00:00+00:00,140.73,140.73,135.76,138.72,55771.10693009
2025-11-14T13:00:00+00:00,138.73,139.74,135.94,138.96,38235.861
2025-11-14T14:00:00+00:00,138.95,142.85,137.56,142.2,32617.438
2025-11-14T15:00:00+00:00,142.21,143.75,140.23,142.2,22563.768
2025-11-14T16:00:00+00:00,142.26,144.2,141.58,143.41,20578.685
2025-11-14T17:00:00+00:00,143.43,143.94,140.61,141.44,16541.43701498
2025-11-14T18:00:00+00:00,141.42,142.9,140.7,141.3,15876.61792545
2025-11-14T19:00:00+00:00,141.28,143.6,140.97,143.13,13784.038
2025-11-14T20:00:00+00:00,143.14,143.23,139.27,139.61,19262.673
2025-11-14T21:00:00+00:00,139.63,141.2,139.09,140.67,15791.832
2025-11-14T22:00:00+00:00,140.67,141.78,139.65,140.32,13449.809
2025-11-14T23:00:00+00:00,140.33,140.33,137.25,138.93,16274.09468455
2025-11-15T00:00:00+00:00,138.93,141.29,138.74,141.09,14398.961
2025-11-15T01:00:00+00:00,141.1,142.33,140.28,142.03,17777.471
2025-11-15T02:00:00+00:00,142.03,143.17,141.61,143.1,13703.743
2025-11-15T03:00:00+00:00,143.08,143.34,142.45,142.52,11788.105
2025-11-15T04:00:00+00:00,142.53,143.11,141.82,142.39,7890.726
2025-11-15T05:00:00+00:00,142.4,143.18,142.35,142.83,8035.651
2025-11-15T06:00:00+00:00,142.84,143.58,142.38,142.69,10071.968
2025-11-15T07:00:00+00:00,142.69,143.36,142.34,142.75,9471.779
2025-11-15T08:00:00+00:00,142.75,142.83,140.51,140.8,10884.41097815
2025-11-15T09:00:00+00:00,140.78,141.71,140.53,140.97,10896.711
2025-11-15T10:00:00+00:00,140.97,141.4,140.61,141.23,9822.486
2025-11-15T11:00:00+00:00,141.23,141.38,139.98,140.21,8640.88496908
2025-11-15T12:00:00+00:00,140.21,141.01,139.99,140.9,10671.63897988
2025-11-15T13:00:00+00:00,140.9,141.95,140.65,141.68,15365.985
2025-11-15T14:00:00+00:00,141.68,141.74,140.77,141.49,9886.96699841
2025-11-15T15:00:00+00:00,141.5,142.24,141.26,141.72,10081.55
2025-11-15T16:00:00+00:00,141.71,142.82,140.84,142.78,12155.87198713
2025-11-15T17:00:00+00:00,142.78,144.66,142.53,143.44,18046.321
2025-11-15T18:00:00+00:00,143.44,143.45,142.2,142.49,9876.751
2025-11-15T19:00:00+00:00,142.53,142.92,141.69,141.78,7436.33904069
2025-11-15T20:00:00+00:00,141.78,141.96,140.11,140.4,12587.072
2025-11-15T21:00:00+00:00,140.42,140.82,138.57,138.99,13453.008
2025-11-15T22:00:00+00:00,138.98,139.99,138.63,139.87,15082.432
2025-11-15T23:00:00+00:00,139.84,140.18,139.47,139.59,10626.178
2025-11-16T00:00:00+00:00,139.61,139.77,138.62,139.24,17548.55795738
2025-11-16T01:00:00+00:00,139.23,139.51,137.39,138.79,15646.11498557
2025-11-16T02:00:00+00:00,138.78,140.83,138.41,140.83,15100.894
2025-11-16T03:00:00+00:00,140.84,141.48,140.31,141.43,10441.181
2025-11-16T04:00:00+00:00,141.42,141.62,140.73,141.34,8321.73997223
2025-11-16T05:00:00+00:00,141.35,142.2,141.27,141.43,10930.427
2025-11-16T06:00:00+00:00,141.46,142.17,141.34,141.68,8584.45955861
2025-11-16T07:00:00+00:00,141.69,142.48,141.24,142.31,9479.851
2025-11-16T08:00:00+00:00,142.31,142.61,141.64,142.19,11518.208
2025-11-16T09:00:00+00:00,142.2,143.38,141.37,143.3,15003.857
2025-11-16T10:00:00+00:00,143.29,143.32,142.72,142.93,11169.188
2025-11-16T11:00:00+00:00,142.93,143.11,139.55,139.93,19189.12
2025-11-16T12:00:00+00:00,139.93,140.66,139.12,140.06,14471.258
2025-11-16T13:00:00+00:00,140.05,140.59,138.84,139.47,15330.73333013
2025-11-16T14:00:00+00:00,139.47,140.83,139.46,140.43,11578.066
2025-11-16T15:00:00+00:00,140.43,140.46,137.16,137.48,17607.885
2025-11-16T16:00:00+00:00,137.48,138.25,135.36,135.73,23824.42583895
2025-11-16T17:00:00+00:00,135.72,136.42,134.43,135.82,25209.852
2025-11-16T18:00:00+00:00,135.82,138.5,135.27,135.84,21466.746
2025-11-16T19:00:00+00:00,135.84,138.04,135.75,136.84,18650.66170678
2025-11-16T20:00:00+00:00,136.84,138.14,136.64,136.64,10852.739
2025-11-16T21:00:00+00:00,136.66,136.77,135.45,136.44,12899.69
2025-11-16T22:00:00+00:00,136.44,137.95,135.1,137.31,14308.102
2025-11-16T23:00:00+00:00,137.33,138.12,134.92,137.16,21204.39696629
2025-11-17T00:00:00+00:00,137.17,139.49,136.1,139.18,20895.501
2025-11-17T01:00:00+00:00,139.18,139.46,138.12,138.26,17437.785989
2025-11-17T02:00:00+00:00,138.27,139.33,138.0,138.87,13484.919
2025-11-17T03:00:00+00:00,138.88,140.62,138.86,140.26,10549.324
2025-11-17T04:00:00+00:00,140.26,140.79,139.67,140.35,9444.524
2025-11-17T05:00:00+00:00,140.35,140.81,139.86,140.58,8396.63
2025-11-17T06:00:00+00:00,140.59,141.56,140.13,141.41,9210.109
2025-11-17T07:00:00+00:00,141.41,141.82,141.08,141.34,12560.587
2025-11-17T08:00:00+00:00,141.33,141.77,141.02,141.36,12956.276
2025-11-17T09:00:00+00:00,141.36,142.6,140.96,142.0,12038.765
2025-11-17T10:00:00+00:00,142.0,142.52,141.81,142.27,7435.467
2025-11-17T11:00:00+00:00,142.27,142.79,141.73,141.88,8425.18699142
2025-11-17T12:00:00+00:00,141.88,142.64,141.59,141.8,10888.02
2025-11-17T13:00:00+00:00,141.81,141.96,137.17,138.07,24202.342
2025-11-17T14:00:00+00:00,138.01,143.25,136.81,140.14,37092.35672315
2025-11-17T15:00:00+00:00,140.15,140.78,136.86,137.15,23933.439
2025-11-17T16:00:00+00:00,137.15,137.2,133.31,135.88,32439.74567449
2025-11-17T17:00:00+00:00,135.87,135.94,131.77,132.02,21360.5479922
2025-11-17T18:00:00+00:00,132.03,133.14,130.43,130.53,24615.04688729
2025-11-17T19:00:00+00:00,130.52,131.35,129.38,129.65,28104.84549259
2025-11-17T20:00:00+00:00,129.62,130.87,128.81,130.3,24217.05680017
2025-11-17T21:00:00+00:00,130.32,130.97,129.86,130.7,16875.394
2025-11-17T22:00:00+00:00,130.7,131.94,130.31,131.31,16407.28097065
2025-11-17T23:00:00+00:00,131.31,131.77,130.27,130.99,17689.539
2025-11-18T00:00:00+00:00,131.0,131.53,129.02,131.3,20555.67399992
2025-11-18T01:00:00+00:00,131.3,132.39,130.97,131.97,21480.463
2025-11-18T02:00:00+00:00,131.96,134.67,130.48,132.37,33218.0499715
2025-11-18T03:00:00+00:00,132.38,135.22,131.44,134.51,28424.27870462
2025-11-18T04:00:00+00:00,134.52,136.13,132.53,135.52,23888.687
2025-11-18T05:00:00+00:00,135.54,136.72,134.94,135.94,16485.13179921
2025-11-18T06:00:00+00:00,135.94,137.07,135.04,135.71,28541.507
2025-11-18T07:00:00+00:00,135.7,137.8,135.03,136.96,26206.03883224
2025-11-18T08:00:00+00:00,136.95,138.26,136.95,137.76,20566.425
2025-11-18T09:00:00+00:00,137.74,138.17,136.48,137.86,21282.69844377
2025-11-18T10:00:00+00:00,137.85,139.11,137.62,137.99,15224.94
2025-11-18T11:00:00+00:00,137.99,138.2,137.3,137.87,11893.307
2025-11-18T12:00:00+00:00,137.88,138.58,137.01,138.23,17556.807
2025-11-18T13:00:00+00:00,138.23,138.39,136.85,138.29,16341.438
2025-11-18T14:00:00+00:00,138.29,139.87,137.51,137.51,20752.903
2025-11-18T15:00:00+00:00,137.5,142.09,137.2,139.69,35856.4492449
2025-11-18T16:00:00+00:00,139.71,141.95,138.77,141.08,32335.547
2025-11-18T17:00:00+00:00,141.09,141.18,139.33,140.05,18236.65
2025-11-18T18:00:00+00:00,140.09,141.81,140.01,141.47,16542.337
2025-11-18T19:00:00+00:00,141.48,142.12,140.93,141.44,13612.585
2025-11-18T20:00:00+00:00,141.45,142.1,141.14,141.14,11815.732
2025-11-18T21:00:00+00:00,141.15,141.56,139.68,139.76,15559.35523903
2025-11-18T22:00:00+00:00,139.76,141.84,139.73,141.44,14250.77063387
2025-11-18T23:00:00+00:00,141.46,141.61,140.5,140.72,8805.443
2025-11-19T00:00:00+00:00,140.7,141.63,139.3,141.15,14603.412
2025-11-19T01:00:00+00:00,141.17,141.81,139.84,140.36,15543.53697061
2025-11-19T02:00:00+00:00,140.38,142.82,140.05,142.2,15065.674
2025-11-19T03:00:00+00:00,142.2,142.44,139.45,139.85,15857.1
2025-11-19T04:00:00+00:00,139.8,140.25,138.45,138.68,15536.673
2025-11-19T05:00:00+00:00,138.69,139.12,137.14,138.0,23239.749
2025-11-19T06:00:00+00:00,138.02,139.33,137.59,139.07,12785.072
2025-11-19T07:00:00+00:00,139.05,141.11,138.98,140.58,13848.414
2025-11-19T08:00:00+00:00,140.57,141.0,139.8,140.2,11195.446
2025-11-19T09:00:00+00:00,140.18,140.23,139.01,139.71,13677.288
2025-11-19T10:00:00+00:00,139.7,140.32,139.26,139.58,9700.3
2025-11-19T11:00:00+00:00,139.59,139.84,138.4,138.62,8546.194
2025-11-19T12:00:00+00:00,138.59,139.21,138.21,138.94,10908.96
2025-11-19T13:00:00+00:00,138.95,138.96,136.7,136.74,14162.65394804
2025-11-19T14:00:00+00:00,136.75,137.85,136.0,137.21,26777.75234452
2025-11-19T15:00:00+00:00,137.22,139.07,134.43,134.62,35653.83634219
2025-11-19T16:00:00+00:00,134.62,135.44,132.87,133.38,28914.89308494
2025-11-19T17:00:00+00:00,133.37,133.81,131.35,132.21,21334.26899639
2025-11-19T18:00:00+00:00,132.19,132.5,130.53,131.48,21384.4795
2025-11-19T19:00:00+00:00,131.48,132.11,130.84,131.74,13501.663
2025-11-19T20:00:00+00:00,131.74,133.57,131.37,133.21,17427.531
2025-11-19T21:00:00+00:00,133.21,136.0,132.75,135.46,28721.82189275
2025-11-19T22:00:00+00:00,135.43,135.7,134.22,135.56,15409.109
2025-11-19T23:00:00+00:00,135.57,137.09,135.43,137.07,15766.41380936
2025-11-20T00:00:00+00:00,137.07,138.13,136.39,137.72,14196.299
2025-11-20T01:00:00+00:00,137.72,139.81,137.48,139.68,16234.764
2025-11-20T02:00:00+00:00,139.68,144.21,139.39,143.68,34431.13397232
2025-11-20T03:00:00+00:00,143.68,144.44,142.95,143.17,12737.78599435
2025-11-20T04:00:00+00:00,143.18,144.71,142.42,144.66,14920.84098296
2025-11-20T05:00:00+00:00,144.65,144.78,143.62,144.1,11970.986
2025-11-20T06:00:00+00:00,144.11,144.33,142.22,142.83,11014.237
2025-11-20T07:00:00+00:00,142.83,143.88,142.72,143.79,14021.59
2025-11-20T08:00:00+00:00,143.79,143.95,142.96,143.36,23834.46
2025-11-20T09:00:00+00:00,143.38,143.41,141.39,142.03,18223.926
2025-11-20T10:00:00+00:00,142.05,142.41,141.11,142.26,11079.667
2025-11-20T11:00:00+00:00,142.27,142.47,141.55,142.11,10065.622
2025-11-20T12:00:00+00:00,142.12,142.36,141.37,142.02,21596.052
2025-11-20T13:00:00+00:00,142.03,143.38,140.52,140.7,26317.136
2025-11-20T14:00:00+00:00,140.72,141.53,138.98,140.98,28277.72054977
2025-11-20T15:00:00+00:00,140.95,141.08,138.34,138.56,23482.89
2025-11-20T16:00:00+00:00,138.56,138.74,131.6,132.66,64063.13705154
2025-11-20T17:00:00+00:00,132.66,133.19,131.17,132.83,33698.102
2025-11-20T18:00:00+00:00,132.82,134.6,132.02,132.59,32424.01227807
2025-11-20T19:00:00+00:00,132.57,134.44,131.68,133.9,30143.029
2025-11-20T20:00:00+00:00,133.91,134.66,132.68,133.71,25801.59495994
2025-11-20T21:00:00+00:00,133.71,135.29,133.59,134.14,17815.091
2025-11-20T22:00:00+00:00,134.12,136.67,133.98,136.43,14759.13790923
2025-11-20T23:00:00+00:00,136.45,136.55,133.33,133.63,18321.11189066
2025-11-21T00:00:00+00:00,133.67,135.06,133.64,134.22,15368.57376985
2025-11-21T01:00:00+00:00,134.21,135.03,133.65,134.26,16874.587
2025-11-21T02:00:00+00:00,134.24,134.65,131.07,131.39,28291.496
2025-11-21T03:00:00+00:00,131.38,133.63,131.38,132.64,25702.403
2025-11-21T04:00:00+00:00,132.61,133.04,130.49,132.64,22191.246
2025-11-21T05:00:00+00:00,132.63,133.1,131.58,132.09,15356.367
2025-11-21T06:00:00+00:00,132.11,132.35,130.56,130.86,16844.66049718
2025-11-21T07:00:00+00:00,130.87,131.37,121.55,127.55,79601.8059
2025-11-21T08:00:00+00:00,127.55,129.43,126.86,128.09,28380.0669618
2025-11-21T09:00:00+00:00,128.09,128.92,125.47,125.47,34226.35261535
2025-11-21T10:00:00+00:00,125.5,126.59,124.84,125.12,30998.039
2025-11-21T11:00:00+00:00,125.12,126.38,123.81,124.34,22115.41456523
2025-11-21T12:00:00+00:00,124.34,127.25,121.65,126.25,51400.186
2025-11-21T13:00:00+00:00,126.23,128.31,125.57,127.22,27691.63447051
2025-11-21T14:00:00+00:00,127.24,129.6,126.22,128.62,28028.43172093
2025-11-21T15:00:00+00:00,128.62,129.0,124.78,125.38,32543.60671549
2025-11-21T16:00:00+00:00,125.4,128.82,123.58,128.65,31550.00689104
2025-11-21T17:00:00+00:00,128.65,130.61,128.37,129.21,25557.40279445
2025-11-21T18:00:00+00:00,129.23,130.37,126.55,129.54,24872.35327699
2025-11-21T19:00:00+00:00,129.53,129.87,127.57,128.13,16890.923
2025-11-21T20:00:00+00:00,128.12,128.39,125.97,127.16,33181.4985366
2025-11-21T21:00:00+00:00,127.16,129.29,126.68,128.86,23473.588
2025-11-21T22:00:00+00:00,128.86,129.34,125.46,125.49,16898.47240011
2025-11-21T23:00:00+00:00,125.49,128.86,125.11,128.68,17882.15181553
2025-11-22T00:00:00+00:00,128.69,129.44,128.0,128.45,16272.23798915
2025-11-22T01:00:00+00:00,128.46,129.93,128.39,129.48,16439.016
2025-11-22T02:00:00+00:00,129.49,129.62,127.28,128.03,14990.92487981
2025-11-22T03:00:00+00:00,128.06,128.42,126.84,127.15,12928.23599476
2025-11-22T04:00:00+00:00,127.14,127.41,125.67,126.99,17189.644
2025-11-22T05:00:00+00:00,126.99,127.28,125.37,126.23,16695.747
2025-11-22T06:00:00+00:00,126.25,128.3,125.34,128.07,16148.5830409
2025-11-22T07:00:00+00:00,128.08,128.35,127.37,127.74,11844.537
2025-11-22T08:00:00+00:00,127.74,127.74,125.52,125.94,15490.96
2025-11-22T09:00:00+00:00,125.94,127.54,125.7,126.46,12323.63057484
2025-11-22T10:00:00+00:00,126.47,127.2,125.57,125.92,12595.373
2025-11-22T11:00:00+00:00,125.93,127.49,125.36,126.7,11744.80798974
2025-11-22T12:00:00+00:00,126.7,126.72,125.22,125.81,16059.404
2025-11-22T13:00:00+00:00,125.82,126.42,125.11,125.61,14317.675
2025-11-22T14:00:00+00:00,125.63,127.48,125.55,127.12,15887.25
2025-11-22T15:00:00+00:00,127.12,127.76,126.16,127.14,15982.304
2025-11-22T16:00:00+00:00,127.14,128.59,126.89,128.19,14146.224
2025-11-22T17:00:00+00:00,128.2,128.43,127.3,127.6,17148.14975314
2025-11-22T18:00:00+00:00,127.6,128.06,127.4,127.78,8663.608
2025-11-22T19:00:00+00:00,127.79,128.08,126.81,127.19,11261.271
2025-11-22T20:00:00+00:00,127.2,127.63,126.12,126.46,12622.97698974
2025-11-22T21:00:00+00:00,126.45,126.84,126.13,126.63,9820.11
2025-11-22T22:00:00+00:00,126.65,128.92,126.21,128.25,14095.58713218
2025-11-22T23:00:00+00:00,128.23,128.46,127.31,127.59,11784.63
2025-11-23T00:00:00+00:00,127.6,128.64,127.56,128.02,11191.275
2025-11-23T01:00:00+00:00,128.03,129.85,127.9,129.47,17463.586
2025-11-23T02:00:00+00:00,129.47,130.8,129.12,130.03,18357.446
2025-11-23T03:00:00+00:00,130.04,130.41,129.39,129.95,12861.08398298
2025-11-23T04:00:00+00:00,129.96,131.91,129.95,130.76,18970.31
2025-11-23T05:00:00+00:00,130.74,130.94,130.21,130.53,14276.015
2025-11-23T06:00:00+00:00,130.54,130.91,129.18,129.36,12572.168
2025-11-23T07:00:00+00:00,129.36,129.42,128.13,128.86,14809.249
2025-11-23T08:00:00+00:00,128.85,129.77,128.83,129.68,13137.085
2025-11-23T09:00:00+00:00,129.68,131.28,129.46,130.09,18316.235
2025-11-23T10:00:00+00:00,130.08,130.19,129.43,129.96,10840.154
2025-11-23T11:00:00+00:00,129.97,129.98,129.02,129.75,10722.768
2025-11-23T12:00:00+00:00,129.76,131.7,129.66,130.88,21089.535
2025-11-23T13:00:00+00:00,130.88,131.71,130.36,131.58,13639.77231121
2025-11-23T14:00:00+00:00,131.58,132.72,130.5,130.76,20158.01
2025-11-23T15:00:00+00:00,130.76,133.22,130.45,132.88,19509.27191339
2025-11-23T16:00:00+00:00,132.88,133.44,131.76,131.77,17464.106
2025-11-23T17:00:00+00:00,131.78,131.89,130.84,131.4,15168.927
2025-11-23T18:00:00+00:00,131.39,132.92,131.37,132.2,14354.67394802
2025-11-23T19:00:00+00:00,132.2,133.1,131.99,132.39,16451.22423717
2025-11-23T20:00:00+00:00,132.39,132.85,132.09,132.66,11329.82199908
2025-11-23T21:00:00+00:00,132.66,133.54,131.52,133.16,10735.32214298
2025-11-23T22:00:00+00:00,133.16,133.34,132.28,132.65,12101.382
2025-11-23T23:00:00+00:00,132.7,132.85,130.53,130.58,16019.898
2025-11-24T00:00:00+00:00,130.58,132.1,129.33,130.82,20504.44797623
2025-11-24T01:00:00+00:00,130.81,131.76,130.01,131.49,16754.384
2025-11-24T02:00:00+00:00,131.51,134.4,131.43,133.39,20119.90063535
2025-11-24T03:00:00+00:00,133.4,134.4,132.85,133.44,14561.402
2025-11-24T04:00:00+00:00,133.43,133.53,130.62,131.41,16549.74098957
2025-11-24T05:00:00+00:00,131.39,133.91,131.24,132.96,14215.991
2025-11-24T06:00:00+00:00,132.95,133.01,130.69,131.18,17650.26
2025-11-24T07:00:00+00:00,131.17,131.42,130.21,130.34,13604.851
2025-11-24T08:00:00+00:00,130.33,130.74,129.63,130.58,16814.357
2025-11-24T09:00:00+00:00,130.58,130.67,128.45,128.88,15264.12727246
2025-11-24T10:00:00+00:00,128.9,129.46,128.77,129.23,11331.686
2025-11-24T11:00:00+00:00,129.23,129.91,128.79,129.64,9745.004
2025-11-24T12:00:00+00:00,129.62,130.0,129.0,129.53,14012.12
2025-11-24T13:00:00+00:00,129.54,130.58,129.4,129.74,15711.585
2025-11-24T14:00:00+00:00,129.74,131.59,128.56,130.76,26087.73601734
2025-11-24T15:00:00+00:00,130.77,132.6,130.05,131.94,21592.18906639
2025-11-24T16:00:00+00:00,131.96,134.4,131.82,133.7,21570.41328829
2025-11-24T17:00:00+00:00,133.7,137.18,133.59,136.91,29860.05940561
2025-11-24T18:00:00+00:00,136.92,137.99,136.51,137.41,20833.355
2025-11-24T19:00:00+00:00,137.38,137.83,136.7,137.24,18828.02920969
2025-11-24T20:00:00+00:00,137.25,139.34,137.25,139.02,27636.21496035
2025-11-24T21:00:00+00:00,139.0,139.17,138.05,139.01,15378.044
2025-11-24T22:00:00+00:00,138.98,139.85,138.46,139.07,13499.45299022
2025-11-24T23:00:00+00:00,139.04,139.21,138.22,138.52,9277.631
2025-11-25T00:00:00+00:00,138.45,138.97,137.65,138.42,13224.289
2025-11-25T01:00:00+00:00,138.44,138.97,137.78,137.86,11174.739
2025-11-25T02:00:00+00:00,137.83,138.39,137.27,138.17,13213.884
2025-11-25T03:00:00+00:00,138.17,138.67,137.3,137.81,9602.846
2025-11-25T04:00:00+00:00,137.81,138.95,137.74,138.55,11013.647
2025-11-25T05:00:00+00:00,138.56,138.8,137.88,138.58,10404.02342277
2025-11-25T06:00:00+00:00,138.59,138.63,137.43,138.16,8820.522
2025-11-25T07:00:00+00:00,138.17,138.19,136.33,136.34,12188.366
2025-11-25T08:00:00+00:00,136.34,136.69,135.1,135.45,17992.76580924
2025-11-25T09:00:00+00:00,135.45,136.33,134.76,136.31,16826.75956422
2025-11-25T10:00:00+00:00,136.3,136.86,135.89,136.63,11726.798
2025-11-25T11:00:00+00:00,136.63,136.73,135.93,136.3,10968.729
2025-11-25T12:00:00+00:00,136.31,136.98,135.67,136.32,13982.808
2025-11-25T13:00:00+00:00,136.32,136.97,135.2,135.46,17406.696
2025-11-25T14:00:00+00:00,135.47,136.21,133.14,134.68,27965.598
2025-11-25T15:00:00+00:00,134.68,135.5,133.48,134.88,18981.97219277
2025-11-25T16:00:00+00:00,134.81,137.07,134.55,136.08,16435.994
2025-11-25T17:00:00+00:00,136.06,138.01,135.75,136.91,15028.277
2025-11-25T18:00:00+00:00,136.91,137.68,136.31,136.35,14094.6343131
2025-11-25T19:00:00+00:00,136.35,136.74,134.24,136.72,15549.295
2025-11-25T20:00:00+00:00,136.72,138.05,136.29,137.78,17329.95981132
2025-11-25T21:00:00+00:00,137.76,138.16,137.0,137.18,10537.141
2025-11-25T22:00:00+00:00,137.17,139.57,135.99,138.99,15091.58602791
2025-11-25T23:00:00+00:00,138.98,140.49,138.51,138.96,13305.271
2025-11-26T00:00:00+00:00,138.96,139.85,138.83,139.05,10974.648
2025-11-26T01:00:00+00:00,139.05,140.67,138.59,140.03,11902.54998741
2025-11-26T02:00:00+00:00,140.03,140.21,139.07,139.26,10592.17987206
2025-11-26T03:00:00+00:00,139.27,139.77,137.93,138.15,10337.882
2025-11-26T04:00:00+00:00,138.16,138.52,137.74,138.03,11173.14
2025-11-26T05:00:00+00:00,138.03,139.28,137.98,139.0,8589.352
2025-11-26T06:00:00+00:00,139.0,139.78,138.44,139.58,13993.154
2025-11-26T07:00:00+00:00,139.57,139.98,139.13,139.89,8844.279
2025-11-26T08:00:00+00:00,139.89,139.91,137.93,137.93,11539.259
2025-11-26T09:00:00+00:00,137.94,138.12,136.22,136.73,20732.009
2025-11-26T10:00:00+00:00,136.73,137.54,136.64,137.28,11369.839
2025-11-26T11:00:00+00:00,137.28,137.38,136.61,136.89,8255.172
2025-11-26T12:00:00+00:00,136.87,137.11,135.59,135.65,16301.265
2025-11-26T13:00:00+00:00,135.64,136.94,135.53,136.72,15794.688
2025-11-26T14:00:00+00:00,136.73,138.28,135.71,136.35,28436.16830754
2025-11-26T15:00:00+00:00,136.27,137.45,135.79,136.65,25284.985
2025-11-26T16:00:00+00:00,136.68,138.09,136.47,137.04,16682.501
2025-11-26T17:00:00+00:00,137.07,141.03,136.76,140.75,25918.302
2025-11-26T18:00:00+00:00,140.76,144.69,140.71,144.62,41026.87388849
2025-11-26T19:00:00+00:00,144.63,144.71,143.67,143.98,15312.17392227
2025-11-26T20:00:00+00:00,143.98,143.99,142.54,142.93,13900.095
2025-11-26T21:00:00+00:00,142.9,144.22,142.86,143.54,13819.336
2025-11-26T22:00:00+00:00,143.54,144.15,142.81,143.06,14040.426
2025-11-26T23:00:00+00:00,143.06,143.44,142.54,143.04,10019.99898513
2025-11-27T00:00:00+00:00,143.03,143.81,142.24,142.84,14698.855
2025-11-27T01:00:00+00:00,142.85,143.69,142.1,143.32,14847.072
2025-11-27T02:00:00+00:00,143.3,144.12,142.79,143.02,15775.79599543
2025-11-27T03:00:00+00:00,143.0,143.71,142.36,142.53,12718.168
2025-11-27T04:00:00+00:00,142.53,143.03,142.34,142.89,9566.686
2025-11-27T05:00:00+00:00,142.87,143.48,142.58,142.78,10996.22470205
2025-11-27T06:00:00+00:00,142.78,144.14,142.77,143.97,11986.616
2025-11-27T07:00:00+00:00,143.97,144.27,143.61,143.77,9488.375
2025-11-27T08:00:00+00:00,143.76,143.89,142.13,142.58,12381.69508639
2025-11-27T09:00:00+00:00,142.59,143.05,141.66,141.75,10834.111
2025-11-27T10:00:00+00:00,141.74,142.34,141.51,142.34,15521.923
2025-11-27T11:00:00+00:00,142.35,142.35,141.7,142.1,12976.681
2025-11-27T12:00:00+00:00,142.1,142.19,141.01,141.13,12642.065
2025-11-27T13:00:00+00:00,141.12,141.52,140.67,141.25,12299.81312436
2025-11-27T14:00:00+00:00,141.26,141.79,140.87,141.27,10627.96
2025-11-27T15:00:00+00:00,141.26,142.54,141.09,142.16,11259.757
2025-11-27T16:00:00+00:00,142.14,142.44,141.61,142.2,14638.496
2025-11-27T17:00:00+00:00,142.2,142.27,141.44,141.61,11847.85
2025-11-27T18:00:00+00:00,141.61,143.15,141.51,142.95,16144.521
2025-11-27T19:00:00+00:00,142.94,142.94,142.26,142.72,8629.151
2025-11-27T20:00:00+00:00,142.72,142.89,142.44,142.48,7515.245
2025-11-27T21:00:00+00:00,142.48,142.52,141.8,141.92,8375.412
2025-11-27T22:00:00+00:00,141.92,142.06,140.51,140.82,10238.07
2025-11-27T23:00:00+00:00,140.81,141.45,140.48,140.85,9154.27728405
2025-11-28T00:00:00+00:00,140.85,141.44,140.53,140.99,8867.359
2025-11-28T01:00:00+00:00,141.0,141.03,138.85,139.06,14703.994
2025-11-28T02:00:00+00:00,139.07,139.61,138.6,139.49,11756.375
2025-11-28T03:00:00+00:00,139.49,139.75,139.17,139.68,10442.816
2025-11-28T04:00:00+00:00,139.68,140.25,139.56,140.07,7672.522
2025-11-28T05:00:00+00:00,140.08,140.54,139.87,140.37,10912.778
2025-11-28T06:00:00+00:00,140.37,140.37,139.23,139.48,7197.174
2025-11-28T07:00:00+00:00,139.47,140.02,138.97,138.97,8210.861
2025-11-28T08:00:00+00:00,138.98,141.6,138.95,141.44,11887.04
2025-11-28T09:00:00+00:00,141.46,142.63,141.04,141.7,19785.87992204
2025-11-28T10:00:00+00:00,141.7,142.35,141.58,142.07,9750.707
2025-11-28T11:00:00+00:00,142.07,142.07,139.95,140.99,11130.74646107
2025-11-28T12:00:00+00:00,140.99,141.54,140.79,140.8,12072.36781906
2025-11-28T13:00:00+00:00,140.8,143.41,140.43,142.52,17137.25798283
2025-11-28T14:00:00+00:00,142.51,143.53,141.76,142.58,24648.1236293
2025-11-28T15:00:00+00:00,142.59,143.6,141.28,141.59,24919.823
2025-11-28T16:00:00+00:00,141.62,141.64,138.77,138.79,21775.15099853
2025-11-28T17:00:00+00:00,138.8,138.83,136.76,137.19,35920.723
2025-11-28T18:00:00+00:00,137.18,137.58,136.02,137.21,20973.20199957
2025-11-28T19:00:00+00:00,137.19,137.98,137.06,137.55,12526.08599979
2025-11-28T20:00:00+00:00,137.54,137.99,136.95,137.92,11696.515
2025-11-28T21:00:00+00:00,137.91,138.05,137.33,137.41,13641.662
2025-11-28T22:00:00+00:00,137.41,137.88,136.64,137.81,12805.952
2025-11-28T23:00:00+00:00,137.82,138.29,137.29,137.36,9787.574
2025-11-29T00:00:00+00:00,137.35,137.89,137.17,137.66,8081.606
2025-11-29T01:00:00+00:00,137.65,137.83,137.26,137.45,8303.721
2025-11-29T02:00:00+00:00,137.44,137.71,136.91,137.21,7788.96
2025-11-29T03:00:00+00:00,137.22,137.4,136.78,136.85,6301.464
2025-11-29T04:00:00+00:00,136.85,137.72,136.84,137.65,5367.736
2025-11-29T05:00:00+00:00,137.66,137.66,137.15,137.22,4861.801
2025-11-29T06:00:00+00:00,137.22,137.6,136.3,137.1,11379.898
2025-11-29T07:00:00+00:00,137.11,137.55,136.95,137.28,6488.497
2025-11-29T08:00:00+00:00,137.28,137.48,136.71,136.98,8169.965
2025-11-29T09:00:00+00:00,136.98,137.13,136.61,136.66,7864.603
2025-11-29T10:00:00+00:00,136.67,137.0,136.41,136.81,7583.823
2025-11-29T11:00:00+00:00,136.82,137.37,136.67,137.33,6114.772
2025-11-29T12:00:00+00:00,137.33,137.46,136.87,136.95,7147.72
2025-11-29T13:00:00+00:00,136.95,137.06,136.68,136.91,6467.024
2025-11-29T14:00:00+00:00,136.91,136.91,136.51,136.53,7000.219
2025-11-29T15:00:00+00:00,136.54,137.65,136.54,137.56,9295.306
2025-11-29T16:00:00+00:00,137.58,137.83,137.03,137.66,8656.096
2025-11-29T17:00:00+00:00,137.68,138.06,136.15,136.2,11874.883
2025-11-29T18:00:00+00:00,136.21,136.34,134.83,135.66,21314.302
2025-11-29T19:00:00+00:00,135.69,136.26,135.43,135.68,9959.753
2025-11-29T20:00:00+00:00,135.69,136.33,135.35,136.23,9769.61
2025-11-29T21:00:00+00:00,136.24,136.52,135.76,136.47,7061.11
2025-11-29T22:00:00+00:00,136.46,136.47,135.42,135.82,7501.05
2025-11-29T23:00:00+00:00,135.82,136.18,135.52,135.91,9171.96997123
2025-11-30T00:00:00+00:00,135.91,136.42,135.74,135.94,9850.057
2025-11-30T01:00:00+00:00,135.94,136.61,135.86,136.31,8274.622
2025-11-30T02:00:00+00:00,136.31,136.78,135.86,135.93,7385.497
2025-11-30T03:00:00+00:00,135.93,136.48,135.27,136.4,9169.388
2025-11-30T04:00:00+00:00,136.4,136.93,136.19,136.35,11609.487
2025-11-30T05:00:00+00:00,136.34,136.34,135.55,135.75,8259.9207141
2025-11-30T06:00:00+00:00,135.75,136.5,135.5,136.32,11068.242
2025-11-30T07:00:00+00:00,136.32,136.69,136.19,136.53,5353.473
2025-11-30T08:00:00+00:00,136.53,137.07,136.15,136.8,10976.031
2025-11-30T09:00:00+00:00,136.8,137.08,136.45,136.82,10634.516
2025-11-30T10:00:00+00:00,136.82,136.93,136.53,136.67,9299.507
2025-11-30T11:00:00+00:00,136.68,136.89,136.25,136.42,6784.274
2025-11-30T12:00:00+00:00,136.43,137.71,136.21,137.57,10113.933
2025-11-30T13:00:00+00:00,137.58,140.16,137.34,139.25,22639.74926178
2025-11-30T14:00:00+00:00,139.27,139.47,138.17,138.51,13518.487
2025-11-30T15:00:00+00:00,138.5,138.54,137.49,138.34,10455.558
2025-11-30T16:00:00+00:00,138.35,139.81,138.3,139.53,11473.796
2025-11-30T17:00:00+00:00,139.52,139.52,138.35,138.46,12362.664
2025-11-30T18:00:00+00:00,138.47,138.64,137.87,138.61,9691.278
2025-11-30T19:00:00+00:00,138.62,138.68,137.41,137.63,9706.433
2025-11-30T20:00:00+00:00,137.63,137.94,136.89,137.3,7003.204
2025-11-30T21:00:00+00:00,137.28,137.39,136.61,137.04,11677.433
2025-11-30T22:00:00+00:00,137.04,137.86,137.0,137.73,7630.91598014
2025-11-30T23:00:00+00:00,137.72,137.78,133.28,133.49,17970.3179393
