timestamp,open,high,low,close,volume
2025-04-29T17:30:00+00:00,552.6458740234375,555.440673828125,552.5399780273438,554.9099731445312,6471812.0
2025-04-29T18:30:00+00:00,554.9000244140625,555.27001953125,554.1199951171875,554.5999755859375,5260271.0
2025-04-29T19:30:00+00:00,554.6300048828125,555.4500122070312,553.8200073242188,554.1400146484375,7761198.0
2025-04-30T13:30:00+00:00,547.5700073242188,547.5800170898438,541.52001953125,546.3099975585938,17806645.0
2025-04-30T14:30:00+00:00,546.3099975585938,549.7449951171875,545.3099975585938,549.010009765625,8289839.0
2025-04-30T15:30:00+00:00,549.0050048828125,550.239990234375,547.780029296875,548.0900268554688,6305108.0
2025-04-30T16:30:00+00:00,548.0900268554688,550.1500244140625,547.1400146484375,550.030029296875,4347912.0
2025-04-30T17:30:00+00:00,550.0,553.0999755859375,549.75,550.47998046875,7780712.0
2025-04-30T18:30:00+00:00,550.6099853515625,551.1099853515625,549.1099853515625,549.7899780273438,7643665.0
2025-04-30T19:30:00+00:00,549.8200073242188,556.52001953125,549.3800048828125,554.3499755859375,23351483.0
2025-05-01T13:30:00+00:00,560.3200073242188,562.2100219726562,558.6500244140625,562.0317993164062,14801452.0
2025-05-01T14:30:00+00:00,562.0499877929688,564.0698852539062,561.1701049804688,563.260009765625,8500612.0
2025-05-01T15:30:00+00:00,563.260009765625,563.4400024414062,559.0599975585938,560.3099975585938,6560534.0
2025-05-01T16:30:00+00:00,560.3099975585938,561.9462280273438,559.2000122070312,561.3400268554688,4561612.0
2025-05-01T17:30:00+00:00,561.3499755859375,562.3499755859375,559.8931884765625,561.8900146484375,3919570.0
2025-05-01T18:30:00+00:00,561.9000244140625,562.6900024414062,560.85498046875,562.030029296875,5567524.0
2025-05-01T19:30:00+00:00,562.02001953125,562.489990234375,557.8599853515625,558.4600219726562,9892493.0
2025-05-02T13:30:00+00:00,564.739990234375,566.3200073242188,562.5900268554688,566.2999877929688,14715839.0
2025-05-02T14:30:00+00:00,566.2999877929688,566.3099975585938,564.510009765625,564.6500244140625,5370961.0
2025-05-02T15:30:00+00:00,564.6699829101562,567.9400024414062,564.4600219726562,567.1799926757812,6821035.0
2025-05-02T16:30:00+00:00,567.2000122070312,568.07958984375,566.3599853515625,566.780029296875,4182630.0
2025-05-02T17:30:00+00:00,566.780029296875,567.9588012695312,566.5,567.6500244140625,3377235.0
2025-05-02T18:30:00+00:00,567.8150024414062,568.3800048828125,566.1500244140625,567.6699829101562,7343588.0
2025-05-02T19:30:00+00:00,567.6400146484375,567.8300170898438,566.02001953125,566.6199951171875,10188304.0
2025-05-05T13:30:00+00:00,562.5700073242188,564.2891235351562,561.7000122070312,563.6900024414062,8989771.0
2025-05-05T14:30:00+00:00,563.6900024414062,565.3099975585938,562.9199829101562,564.8048706054688,5761443.0
2025-05-05T15:30:00+00:00,564.8090209960938,565.89990234375,563.8400268554688,565.7100219726562,3571280.0
2025-05-05T16:30:00+00:00,565.7000122070312,565.9598999023438,564.8400268554688,565.1599731445312,2985650.0
2025-05-05T17:30:00+00:00,565.1500244140625,566.3800048828125,565.0800170898438,566.1500244140625,2558293.0
2025-05-05T18:30:00+00:00,566.1300048828125,566.6500244140625,564.5599975585938,564.77001953125,5293379.0
2025-05-05T19:30:00+00:00,564.760009765625,565.3699951171875,563.0900268554688,563.530029296875,5955041.0
2025-05-06T13:30:00+00:00,557.9299926757812,560.9000244140625,556.9749755859375,560.6199951171875,9887290.0
2025-05-06T14:30:00+00:00,560.5900268554688,561.8200073242188,560.3397827148438,561.6500244140625,4261624.0
2025-05-06T15:30:00+00:00,561.4151000976562,563.3475952148438,560.1400146484375,560.589599609375,6042282.0
2025-05-06T16:30:00+00:00,560.5499877929688,561.4600219726562,559.1204223632812,559.719970703125,3714651.0
2025-05-06T17:30:00+00:00,559.6798706054688,560.510009765625,558.3200073242188,560.489990234375,4315157.0
2025-05-06T18:30:00+00:00,560.4614868164062,561.119873046875,559.8701171875,560.7849731445312,4940177.0
2025-05-06T19:30:00+00:00,560.7999877929688,561.4000244140625,558.719970703125,558.7999877929688,8578253.0
2025-05-07T13:30:00+00:00,559.6799926757812,561.9600219726562,559.5202026367188,561.8200073242188,7390135.0
2025-05-07T14:30:00+00:00,561.8049926757812,561.97998046875,558.3800048828125,559.1608276367188,5241625.0
2025-05-07T15:30:00+00:00,559.0999755859375,560.4000244140625,558.5999755859375,559.1799926757812,3991307.0
2025-05-07T16:30:00+00:00,559.1900024414062,561.8499755859375,559.0700073242188,561.243408203125,2352959.0
2025-05-07T17:30:00+00:00,561.25,561.412109375,556.0399780273438,557.97998046875,7360993.0
2025-05-07T18:30:00+00:00,557.9500122070312,562.6400146484375,557.3101196289062,557.8699951171875,8213874.0
2025-05-07T19:30:00+00:00,557.8599853515625,563.8200073242188,557.52001953125,561.219970703125,12055361.0
2025-05-08T13:30:00+00:00,565.239990234375,565.6400146484375,562.3005981445312,564.4299926757812,9829233.0
2025-05-08T14:30:00+00:00,564.4652709960938,566.719970703125,561.7000122070312,566.2000122070312,9288012.0
2025-05-08T15:30:00+00:00,566.22998046875,569.7100219726562,565.4299926757812,568.79931640625,9913524.0
2025-05-08T16:30:00+00:00,568.7999877929688,570.3099975585938,568.7100219726562,569.2000122070312,4731360.0
2025-05-08T17:30:00+00:00,569.2000122070312,569.3900146484375,567.4199829101562,568.030029296875,4592518.0
2025-05-08T18:30:00+00:00,568.030029296875,569.3699951171875,567.6300048828125,569.02001953125,8249840.0
2025-05-08T19:30:00+00:00,569.030029296875,569.1300048828125,564.5399780273438,564.9099731445312,11037567.0
2025-05-09T13:30:00+00:00,566.47998046875,567.5,563.8300170898438,564.469970703125,7453267.0
2025-05-09T14:30:00+00:00,564.4699096679688,565.280029296875,562.763671875,564.5499877929688,6007536.0
2025-05-09T15:30:00+00:00,564.5399780273438,565.6353149414062,563.4401245117188,563.8800048828125,3405028.0
2025-05-09T16:30:00+00:00,564.1099853515625,564.52001953125,562.8699951171875,563.9600219726562,3575990.0
2025-05-09T17:30:00+00:00,563.9600219726562,565.35498046875,563.530029296875,564.2999877929688,2776528.0
2025-05-09T18:30:00+00:00,564.3001098632812,565.8900146484375,564.2449951171875,564.9500122070312,4280933.0
2025-05-09T19:30:00+00:00,564.9600219726562,565.1699829101562,564.0999755859375,564.280029296875,5969653.0
2025-05-12T13:30:00+00:00,581.469970703125,581.72998046875,577.8900146484375,578.260009765625,20192543.0
2025-05-12T14:30:00+00:00,578.27001953125,580.1799926757812,577.0399780273438,578.8499755859375,10340279.0
2025-05-12T15:30:00+00:00,578.8699951171875,579.8300170898438,577.9774780273438,579.2999877929688,6642432.0
2025-05-12T16:30:00+00:00,579.27001953125,582.4299926757812,579.2349853515625,581.3198852539062,7166886.0
2025-05-12T17:30:00+00:00,581.2899780273438,582.1798706054688,581.1599731445312,581.9500122070312,4405927.0
2025-05-12T18:30:00+00:00,581.97998046875,582.510009765625,581.1403198242188,581.52001953125,7454454.0
2025-05-12T19:30:00+00:00,581.510009765625,583.0,580.7999877929688,582.8300170898438,13240163.0
2025-05-13T13:30:00+00:00,583.4099731445312,587.9000244140625,582.8400268554688,586.8200073242188,14905940.0
2025-05-13T14:30:00+00:00,586.8400268554688,588.0900268554688,586.1099853515625,587.7000122070312,7815170.0
2025-05-13T15:30:00+00:00,587.6900024414062,588.4400024414062,586.9600219726562,587.6917114257812,8810868.0
2025-05-13T16:30:00+00:00,587.6599731445312,588.3900146484375,587.2899780273438,588.3300170898438,5181652.0
2025-05-13T17:30:00+00:00,588.3350219726562,589.0698852539062,587.4600219726562,587.8900146484375,7405702.0
2025-05-13T18:30:00+00:00,587.9199829101562,588.9600219726562,587.4899291992188,588.4500122070312,6511291.0
2025-05-13T19:30:00+00:00,588.4400024414062,589.0800170898438,586.72998046875,586.8300170898438,9972272.0
2025-05-14T13:30:00+00:00,587.8099975585938,588.97998046875,586.3900146484375,587.52001953125,12225116.0
2025-05-14T14:30:00+00:00,587.489990234375,588.0650024414062,585.7999877929688,587.8599853515625,7225800.0
2025-05-14T15:30:00+00:00,587.8599243164062,588.5449829101562,587.6900024414062,587.9149780273438,4932545.0
2025-05-14T16:30:00+00:00,587.9299926757812,588.5651245117188,585.5349731445312,586.3300170898438,6426228.0
2025-05-14T17:30:00+00:00,586.3200073242188,587.6950073242188,586.22998046875,586.8599853515625,5034721.0
2025-05-14T18:30:00+00:00,586.8699951171875,588.219970703125,586.47021484375,587.0050048828125,7316231.0
2025-05-14T19:30:00+00:00,587.0,588.1400146484375,586.3900146484375,587.5499877929688,13249757.0
2025-05-15T13:30:00+00:00,585.5599975585938,587.1300048828125,585.096923828125,585.8900146484375,12838541.0
2025-05-15T14:30:00+00:00,585.8699951171875,588.9099731445312,585.3099975585938,588.3499755859375,10295385.0
2025-05-15T15:30:00+00:00,588.3699951171875,590.0999755859375,588.0648803710938,589.1699829101562,8985981.0
2025-05-15T16:30:00+00:00,589.1599731445312,590.969970703125,588.8300170898438,590.6849975585938,6042278.0
2025-05-15T17:30:00+00:00,590.6799926757812,590.6900024414062,588.6900024414062,589.5098876953125,6607011.0
2025-05-15T18:30:00+00:00,589.5,590.3300170898438,588.3049926757812,588.77001953125,7729197.0
2025-05-15T19:30:00+00:00,588.75,590.4400024414062,588.739990234375,590.4000244140625,11694962.0
2025-05-16T13:30:00+00:00,591.25,591.6300048828125,590.010009765625,590.8900146484375,12294904.0
2025-05-16T14:30:00+00:00,590.8900146484375,591.0800170898438,589.280029296875,590.9000244140625,11485692.0
2025-05-16T15:30:00+00:00,590.8900146484375,592.280029296875,590.8800048828125,592.0599975585938,6578894.0
2025-05-16T16:30:00+00:00,592.0700073242188,593.2899780273438,591.7799072265625,593.0900268554688,6501256.0
2025-05-16T17:30:00+00:00,593.0999755859375,593.47998046875,592.5800170898438,593.260009765625,6071507.0
2025-05-16T18:30:00+00:00,593.260009765625,594.3493041992188,593.0507202148438,593.85498046875,7621600.0
2025-05-16T19:30:00+00:00,593.8499755859375,594.5,593.1900024414062,594.2999877929688,10461275.0
2025-05-19T13:30:00+00:00,589.0,593.2999877929688,588.469970703125,592.25,17358545.0
2025-05-19T14:30:00+00:00,591.8300170898438,592.9099731445312,591.6099853515625,592.3565063476562,6361965.0
2025-05-19T15:30:00+00:00,592.3499755859375,594.1400146484375,588.510009765625,593.9622192382812,5228334.0
2025-05-19T16:30:00+00:00,593.97998046875,595.5399780273438,593.5700073242188,595.1099853515625,9582528.0
2025-05-19T17:30:00+00:00,595.1099853515625,595.4766235351562,588.5499877929688,593.75,6559021.0
2025-05-19T18:30:00+00:00,593.7899780273438,594.6599731445312,593.1599731445312,593.5449829101562,7597408.0
2025-05-19T19:30:00+00:00,593.5599975585938,595.25,593.5150146484375,594.9400024414062,9470635.0
2025-05-20T13:30:00+00:00,593.0900268554688,593.6300048828125,592.0399780273438,592.9000244140625,9716938.0
2025-05-20T14:30:00+00:00,592.8800048828125,594.0499877929688,592.489990234375,593.4400024414062,5311163.0
2025-05-20T15:30:00+00:00,593.4400024414062,593.5399780273438,592.2349853515625,592.6799926757812,4567232.0
2025-05-20T16:30:00+00:00,592.6900024414062,593.7999877929688,592.6300048828125,593.4600219726562,5071793.0
2025-05-20T17:30:00+00:00,593.4500122070312,593.530029296875,590.6201171875,590.8099975585938,7325785.0
2025-05-20T18:30:00+00:00,590.8099975585938,591.6500244140625,589.6599731445312,591.3200073242188,11976634.0
2025-05-20T19:30:00+00:00,591.3200073242188,592.9650268554688,591.3200073242188,592.8300170898438,9607626.0
2025-05-21T13:30:00+00:00,588.4400024414062,591.4199829101562,588.4199829101562,589.6199951171875,14010305.0
2025-05-21T14:30:00+00:00,589.6300048828125,592.239990234375,588.8699951171875,591.7899780273438,8605492.0
2025-05-21T15:30:00+00:00,591.77001953125,592.2949829101562,591.25,591.7896728515625,5629600.0
2025-05-21T16:30:00+00:00,591.7999877929688,592.5800170898438,584.5499877929688,584.6900024414062,13406451.0
2025-05-21T17:30:00+00:00,584.260009765625,587.760009765625,584.1500244140625,585.260009765625,15629094.0
2025-05-21T18:30:00+00:00,585.280029296875,586.280029296875,581.8200073242188,582.25,13870481.0
2025-05-21T19:30:00+00:00,582.5250244140625,584.6199951171875,582.260009765625,582.969970703125,14454245.0
2025-05-22T13:30:00+00:00,582.7999877929688,585.1699829101562,581.405029296875,582.8400268554688,15316618.0
2025-05-22T14:30:00+00:00,582.8400268554688,583.8400268554688,581.510009765625,582.5499877929688,8877645.0
2025-05-22T15:30:00+00:00,582.5399780273438,585.6099853515625,582.4199829101562,584.3250122070312,7103770.0
2025-05-22T16:30:00+00:00,584.3200073242188,584.8699951171875,582.6300048828125,584.6699829101562,6282663.0
2025-05-22T17:30:00+00:00,584.6799926757812,586.0,584.3099975585938,585.5700073242188,7282587.0
2025-05-22T18:30:00+00:00,585.5800170898438,586.6199951171875,584.8900146484375,586.510009765625,8345299.0
2025-05-22T19:30:00+00:00,586.5,586.5665283203125,582.5800170898438,583.030029296875,13429428.0
2025-05-23T13:30:00+00:00,576.3300170898438,578.8699951171875,575.5999755859375,577.719970703125,24533949.0
2025-05-23T14:30:00+00:00,577.7100219726562,578.9498901367188,576.8093872070312,578.47998046875,7673773.0
2025-05-23T15:30:00+00:00,578.489990234375,579.72998046875,577.52001953125,578.6599731445312,6690933.0
2025-05-23T16:30:00+00:00,578.6500244140625,581.1599731445312,577.9508056640625,581.0900268554688,6415373.0
2025-05-23T17:30:00+00:00,581.0700073242188,581.8101196289062,579.989990234375,580.7650146484375,6718603.0
2025-05-23T18:30:00+00:00,580.739990234375,581.530029296875,579.3800048828125,579.9000244140625,7048290.0
2025-05-23T19:30:00+00:00,579.8800048828125,581.030029296875,578.489990234375,579.1699829101562,10593820.0
2025-05-27T13:30:00+00:00,586.0700073242188,588.25,584.3699951171875,587.8699951171875,18223546.0
2025-05-27T14:30:00+00:00,587.8699951171875,589.010009765625,587.625,588.8099975585938,8361786.0
2025-05-27T15:30:00+00:00,588.7999877929688,589.6199951171875,588.4749755859375,589.3699951171875,6836693.0
2025-05-27T16:30:00+00:00,589.469970703125,590.6699829101562,578.4299926757812,590.1701049804688,6681452.0
2025-05-27T17:30:00+00:00,590.1799926757812,591.3099975585938,590.0,590.6699829101562,6364063.0
2025-05-27T18:30:00+00:00,590.6699829101562,590.9393920898438,590.1749877929688,590.2949829101562,8632814.0
2025-05-27T19:30:00+00:00,590.219970703125,591.0599975585938,589.8800048828125,591.0499877929688,12579225.0
2025-05-28T13:30:00+00:00,591.5599975585938,592.768798828125,589.9500122070312,590.219970703125,12679997.0
2025-05-28T14:30:00+00:00,590.22998046875,590.3300170898438,589.1300048828125,589.4000244140625,7356410.0
2025-05-28T15:30:00+00:00,589.3900146484375,589.97998046875,588.969970703125,589.875,5233224.0
2025-05-28T16:30:00+00:00,589.8599853515625,590.614990234375,589.635009765625,590.2899169921875,4625163.0
2025-05-28T17:30:00+00:00,590.27001953125,590.4400024414062,589.4299926757812,590.114990234375,4911145.0
2025-05-28T18:30:00+00:00,590.219970703125,590.7899780273438,587.9199829101562,589.5150146484375,11231806.0
2025-05-28T19:30:00+00:00,589.510009765625,589.64501953125,586.9849853515625,587.7100219726562,12622870.0
2025-05-29T13:30:00+00:00,593.0599975585938,593.2000122070312,588.5,590.0999755859375,17336183.0
2025-05-29T14:30:00+00:00,589.969970703125,591.0900268554688,589.2899780273438,590.719970703125,6635719.0
2025-05-29T15:30:00+00:00,590.7100219726562,590.8049926757812,586.0700073242188,588.989990234375,9834735.0
2025-05-29T16:30:00+00:00,588.989990234375,590.4500122070312,588.9000854492188,589.3200073242188,5342792.0
2025-05-29T17:30:00+00:00,589.3300170898438,589.8099975585938,587.6099853515625,588.030029296875,6437664.0
2025-05-29T18:30:00+00:00,588.010009765625,589.72998046875,588.010009765625,588.8900146484375,8098920.0
2025-05-29T19:30:00+00:00,588.8900146484375,590.6649780273438,588.8800048828125,589.989990234375,10398928.0
2025-05-30T13:30:00+00:00,588.9299926757812,589.8599853515625,586.4000244140625,589.5999755859375,13366690.0
2025-05-30T14:30:00+00:00,589.5900268554688,589.9199829101562,588.0399780273438,589.1254272460938,5424046.0
2025-05-30T15:30:00+00:00,589.1300048828125,589.3699951171875,584.6799926757812,585.0999755859375,9174432.0
2025-05-30T16:30:00+00:00,585.0850219726562,586.0599975585938,583.2349853515625,585.89501953125,13762180.0
2025-05-30T17:30:00+00:00,585.8900146484375,588.719970703125,585.5399780273438,588.260009765625,9393426.0
2025-05-30T18:30:00+00:00,588.27001953125,590.9500122070312,587.760009765625,590.6400146484375,8100110.0
2025-05-30T19:30:00+00:00,590.6500244140625,591.1298828125,589.239990234375,589.4600219726562,20325887.0
2025-06-02T13:30:00+00:00,587.760009765625,589.739990234375,585.0599975585938,588.5900268554688,16379196.0
2025-06-02T14:30:00+00:00,588.5800170898438,589.6799926757812,588.1199951171875,588.5399780273438,8079729.0
2025-06-02T15:30:00+00:00,588.5700073242188,590.0599975585938,588.1300048828125,589.4099731445312,4547941.0
2025-06-02T16:30:00+00:00,589.3699951171875,590.6099853515625,589.0399780273438,589.8599853515625,3847517.0
2025-06-02T17:30:00+00:00,590.1599731445312,591.7000122070312,589.5,591.5050048828125,5499621.0
2025-06-02T18:30:00+00:00,591.5,592.719970703125,591.1749877929688,592.4000244140625,7791123.0
2025-06-02T19:30:00+00:00,592.3900146484375,592.7899780273438,591.6500244140625,592.6199951171875,9570359.0
2025-06-03T13:30:00+00:00,592.3400268554688,593.9000244140625,591.8499755859375,593.89501953125,11007769.0
2025-06-03T14:30:00+00:00,593.8900146484375,595.1599731445312,593.1699829101562,594.969970703125,7257062.0
2025-06-03T15:30:00+00:00,594.9600219726562,596.2501220703125,594.8300170898438,596.0750122070312,7305868.0
2025-06-03T16:30:00+00:00,596.0800170898438,597.0800170898438,596.02001953125,596.75,6207966.0
2025-06-03T17:30:00+00:00,596.77001953125,596.969970703125,594.8001098632812,596.1500244140625,8620498.0
2025-06-03T18:30:00+00:00,596.3200073242188,596.510009765625,595.780029296875,596.260009765625,7465413.0
2025-06-03T19:30:00+00:00,596.2550048828125,596.5,595.22998046875,596.1099853515625,10050862.0
2025-06-04T13:30:00+00:00,596.9600219726562,597.9500122070312,595.489990234375,597.5850219726562,14168810.0
2025-06-04T14:30:00+00:00,597.5800170898438,597.875,596.7100219726562,596.989990234375,6692843.0
2025-06-04T15:30:00+00:00,596.989990234375,597.4099731445312,595.7908935546875,595.9249877929688,6308546.0
2025-06-04T16:30:00+00:00,595.9099731445312,597.4299926757812,595.8699951171875,597.3150024414062,4931733.0
2025-06-04T17:30:00+00:00,597.3099975585938,597.9299926757812,597.0499877929688,597.5900268554688,4968161.0
2025-06-04T18:30:00+00:00,597.5900268554688,597.6799926757812,596.7100219726562,597.030029296875,6026430.0
2025-06-04T19:30:00+00:00,597.030029296875,597.2449951171875,595.8900146484375,595.8900146484375,10216803.0
2025-06-05T13:30:00+00:00,597.6300048828125,597.905029296875,593.9099731445312,596.1649780273438,14363183.0
2025-06-05T14:30:00+00:00,596.1599731445312,598.7349853515625,594.3200073242188,598.6600952148438,14635224.0
2025-06-05T15:30:00+00:00,598.6500244140625,599.0,597.030029296875,597.8900146484375,6798369.0
2025-06-05T16:30:00+00:00,597.9000244140625,598.02001953125,594.260009765625,596.469970703125,9975644.0
2025-06-05T17:30:00+00:00,596.4500122070312,596.9796752929688,593.0599975585938,595.219970703125,8970315.0
2025-06-05T18:30:00+00:00,595.3200073242188,596.1199951171875,591.0499877929688,592.4600219726562,14635948.0
2025-06-05T19:30:00+00:00,592.469970703125,594.77001953125,592.2000122070312,593.0,14761203.0
2025-06-06T13:30:00+00:00,598.469970703125,600.8300170898438,598.4099731445312,599.1799926757812,16926975.0
2025-06-06T14:30:00+00:00,599.1599731445312,600.3599853515625,597.25,598.510009765625,9169230.0
2025-06-06T15:30:00+00:00,598.47998046875,599.3900146484375,597.9699096679688,598.5900268554688,5243412.0
2025-06-06T16:30:00+00:00,598.5800170898438,598.8900146484375,596.8599853515625,598.1900024414062,7491490.0
2025-06-06T17:30:00+00:00,598.2000122070312,600.1300048828125,598.2000122070312,599.5800170898438,6229814.0
2025-06-06T18:30:00+00:00,599.5900268554688,600.6400146484375,599.1799926757812,599.3499755859375,7033030.0
2025-06-06T19:30:00+00:00,599.3400268554688,599.8499755859375,598.9099731445312,599.0399780273438,9340611.0
2025-06-09T13:30:00+00:00,599.719970703125,599.989990234375,598.5,599.7100219726562,10457164.0
2025-06-09T14:30:00+00:00,599.7100219726562,600.4000244140625,599.030029296875,599.2150268554688,6704932.0
2025-06-09T15:30:00+00:00,599.219970703125,600.010009765625,599.1900024414062,599.7899780273438,4409926.0
2025-06-09T16:30:00+00:00,599.8499755859375,601.1300048828125,599.780029296875,600.8300170898438,5118838.0
2025-06-09T17:30:00+00:00,600.8300170898438,601.25,600.5599975585938,601.0499877929688,3924411.0
2025-06-09T18:30:00+00:00,601.02001953125,601.219970703125,600.3300170898438,600.5399780273438,6602124.0
2025-06-09T19:30:00+00:00,600.4199829101562,600.739990234375,599.4199829101562,599.5700073242188,10817021.0
2025-06-10T13:30:00+00:00,600.219970703125,601.2698974609375,600.1599731445312,601.1900024414062,9148305.0
2025-06-10T14:30:00+00:00,601.2000122070312,601.6199951171875,600.8800048828125,601.1749877929688,6353043.0
2025-06-10T15:30:00+00:00,601.1599731445312,601.97998046875,599.0900268554688,601.8790893554688,8746728.0
2025-06-10T16:30:00+00:00,601.8800048828125,602.5900268554688,601.719970703125,601.9099731445312,5359264.0
2025-06-10T17:30:00+00:00,601.8350219726562,602.0087280273438,600.1199951171875,600.9249877929688,7582386.0
2025-06-10T18:30:00+00:00,600.9199829101562,603.469970703125,600.8499755859375,602.6320190429688,9707123.0
2025-06-10T19:30:00+00:00,602.6300048828125,603.22998046875,601.6099853515625,603.030029296875,9853401.0
2025-06-11T13:30:00+00:00,604.1900024414062,604.885009765625,602.25,604.7349853515625,14035912.0
2025-06-11T14:30:00+00:00,604.739990234375,605.0599975585938,604.0999755859375,604.219970703125,6570940.0
2025-06-11T15:30:00+00:00,604.2100219726562,604.4400024414062,601.9600219726562,603.219970703125,8740495.0
2025-06-11T16:30:00+00:00,603.2100219726562,604.4299926757812,602.739990234375,604.3499755859375,6113938.0
2025-06-11T17:30:00+00:00,604.3499755859375,604.4450073242188,599.27001953125,600.7100219726562,12850785.0
2025-06-11T18:30:00+00:00,600.72998046875,602.1599731445312,599.8599853515625,600.47998046875,10808731.0
2025-06-11T19:30:00+00:00,600.469970703125,601.5900268554688,599.72998046875,601.4099731445312,10428465.0
2025-06-12T13:30:00+00:00,600.010009765625,602.6400146484375,599.52001953125,602.47998046875,12825573.0
2025-06-12T14:30:00+00:00,602.489990234375,603.6199951171875,601.5399780273438,602.4500122070312,10733664.0
2025-06-12T15:30:00+00:00,602.5800170898438,603.3200073242188,601.739990234375,603.0045776367188,7522959.0
2025-06-12T16:30:00+00:00,602.989990234375,603.4199829101562,602.1500244140625,602.97998046875,6264092.0
2025-06-12T17:30:00+00:00,603.25,603.5604248046875,602.4199829101562,602.8099975585938,5371261.0
2025-06-12T18:30:00+00:00,602.8400268554688,603.5700073242188,602.4600219726562,603.2946166992188,6710873.0
2025-06-12T19:30:00+00:00,603.280029296875,603.719970703125,602.3900146484375,603.6799926757812,9047936.0
2025-06-13T13:30:00+00:00,598.5,600.3699951171875,596.6300048828125,596.77001953125,17134140.0
2025-06-13T14:30:00+00:00,596.8699951171875,600.6699829101562,596.6500244140625,600.5800170898438,9646295.0
2025-06-13T15:30:00+00:00,600.5700073242188,601.8499755859375,600.2919921875,600.8800048828125,7046697.0
2025-06-13T16:30:00+00:00,600.8900146484375,601.489990234375,599.1699829101562,599.530029296875,6777015.0
2025-06-13T17:30:00+00:00,599.52001953125,600.2899780273438,597.0,597.1099853515625,10577993.0
2025-06-13T18:30:00+00:00,597.0999755859375,597.6849975585938,595.5900268554688,596.2692260742188,15561117.0
2025-06-13T19:30:00+00:00,596.280029296875,597.25,595.47998046875,596.9400024414062,15491115.0
2025-06-16T13:30:00+00:00,600.9600219726562,604.1799926757812,600.9600219726562,604.0700073242188,18161139.0
2025-06-16T14:30:00+00:00,604.0700073242188,604.4500122070312,603.27001953125,603.3779907226562,9410613.0
2025-06-16T15:30:00+00:00,603.3800048828125,603.8400268554688,602.77001953125,603.02001953125,6296835.0
2025-06-16T16:30:00+00:00,603.02001953125,603.4901123046875,602.330078125,603.3800048828125,6573254.0
2025-06-16T17:30:00+00:00,603.3900146484375,603.7100219726562,602.1300048828125,602.5599975585938,6399842.0
2025-06-16T18:30:00+00:00,602.5700073242188,602.77001953125,601.6400146484375,602.0499877929688,10621710.0
2025-06-16T19:30:00+00:00,602.0399780273438,602.7999877929688,601.7899780273438,602.7000122070312,11076904.0
2025-06-17T13:30:00+00:00,600.530029296875,601.6400146484375,599.1799926757812,601.1699829101562,13493297.0
2025-06-17T14:30:00+00:00,601.260009765625,601.75,600.3699951171875,600.469970703125,6974688.0
2025-06-17T15:30:00+00:00,600.469970703125,601.580078125,600.219970703125,601.1500244140625,6035893.0
2025-06-17T16:30:00+00:00,601.1500244140625,601.5900268554688,598.989990234375,599.0,9437998.0
2025-06-17T17:30:00+00:00,598.989990234375,599.869873046875,596.9600219726562,597.3900146484375,12679985.0
2025-06-17T18:30:00+00:00,597.4000244140625,598.3699951171875,596.760009765625,598.25,10031103.0
2025-06-17T19:30:00+00:00,598.239990234375,598.6099853515625,597.2899780273438,597.5700073242188,11137012.0
2025-06-18T13:30:00+00:00,598.4400024414062,600.989990234375,597.3599853515625,600.7708129882812,12163026.0
2025-06-18T14:30:00+00:00,600.780029296875,601.219970703125,599.89501953125,600.0399780273438,5848686.0
2025-06-18T15:30:00+00:00,600.219970703125,600.52001953125,599.4000244140625,599.4949951171875,5546133.0
2025-06-18T16:30:00+00:00,599.489990234375,600.1099853515625,598.8200073242188,598.875,4167451.0
2025-06-18T17:30:00+00:00,598.8800048828125,601.0,598.0399780273438,599.3400268554688,8582573.0
2025-06-18T18:30:00+00:00,599.3499755859375,600.8699951171875,596.469970703125,596.9199829101562,18699598.0
2025-06-18T19:30:00+00:00,596.8900146484375,598.7949829101562,596.6300048828125,597.4600219726562,10025874.0
2025-06-20T13:30:00+00:00,598.3800048828125,599.4600219726562,595.3112182617188,596.1500244140625,17658206.0
2025-06-20T14:30:00+00:00,596.1599731445312,596.6099853515625,593.5999755859375,595.280029296875,11568481.0
2025-06-20T15:30:00+00:00,595.4500122070312,596.3699951171875,594.2249755859375,594.9299926757812,15406731.0
2025-06-20T16:30:00+00:00,594.9199829101562,595.969970703125,593.5399780273438,593.5549926757812,7724499.0
2025-06-20T17:30:00+00:00,593.5449829101562,595.3499755859375,592.8599853515625,594.8800048828125,7372133.0
2025-06-20T18:30:00+00:00,594.8800048828125,595.2249755859375,593.239990234375,593.469970703125,7776628.0
2025-06-20T19:30:00+00:00,593.4600219726562,594.969970703125,593.25,594.219970703125,13400342.0
2025-06-23T13:30:00+00:00,595.0399780273438,598.2899780273438,593.5999755859375,597.5399780273438,14787014.0
2025-06-23T14:30:00+00:00,597.5499877929688,597.77001953125,596.52001953125,596.5800170898438,7855612.0
2025-06-23T15:30:00+00:00,596.3200073242188,596.7100219726562,594.1599731445312,594.3099975585938,7243441.0
2025-06-23T16:30:00+00:00,594.280029296875,598.0,591.8900146484375,597.7100219726562,19485426.0
2025-06-23T17:30:00+00:00,597.75,599.3400268554688,597.7150268554688,598.3599853515625,10588259.0
2025-06-23T18:30:00+00:00,598.3699951171875,599.4400024414062,597.989990234375,599.239990234375,8572167.0
2025-06-23T19:30:00+00:00,599.2349853515625,600.5399780273438,598.9199829101562,600.1199951171875,10778374.0
2025-06-24T13:30:00+00:00,604.3300170898438,605.4500122070312,603.4099731445312,604.5999145507812,15433265.0
2025-06-24T14:30:00+00:00,604.5999755859375,605.760009765625,604.530029296875,605.7550048828125,7409081.0
2025-06-24T15:30:00+00:00,605.760009765625,606.594970703125,605.655029296875,606.4920043945312,5196714.0
2025-06-24T16:30:00+00:00,606.5,607.1749877929688,606.2999877929688,606.3300170898438,6483373.0
2025-06-24T17:30:00+00:00,606.3400268554688,607.4550170898438,606.3300170898438,607.0,5559384.0
2025-06-24T18:30:00+00:00,607.02001953125,607.6900024414062,606.8699951171875,607.5050048828125,8221594.0
2025-06-24T19:30:00+00:00,607.510009765625,607.8499145507812,606.75,606.760009765625,12175990.0
2025-06-25T13:30:00+00:00,607.9099731445312,608.6099853515625,607.3400268554688,607.6900024414062,13588724.0
2025-06-25T14:30:00+00:00,607.7000122070312,608.4099731445312,606.8599853515625,607.1799926757812,8334837.0
2025-06-25T15:30:00+00:00,607.0399780273438,607.27001953125,606.6400146484375,606.9749755859375,6027020.0
2025-06-25T16:30:00+00:00,606.97998046875,607.1400146484375,606.260009765625,607.02001953125,5397529.0
2025-06-25T17:30:00+00:00,607.0150146484375,607.0800170898438,605.5399780273438,606.3798828125,8154106.0
2025-06-25T18:30:00+00:00,606.3800048828125,607.3699951171875,606.0599975585938,606.9948120117188,5456964.0
2025-06-25T19:30:00+00:00,606.989990234375,607.2000122070312,606.3699951171875,607.0800170898438,9705497.0
2025-06-26T13:30:00+00:00,608.989990234375,609.97998046875,608.3699951171875,609.9450073242188,15432350.0
2025-06-26T14:30:00+00:00,609.9299926757812,610.864990234375,609.9199829101562,610.0900268554688,8261383.0
2025-06-26T15:30:00+00:00,610.0700073242188,611.1282958984375,609.8300170898438,610.8800048828125,6549698.0
2025-06-26T16:30:00+00:00,610.9000244140625,611.280029296875,610.6400146484375,611.1900024414062,6565293.0
2025-06-26T17:30:00+00:00,611.2000122070312,612.1199951171875,611.1500244140625,611.719970703125,9265463.0
2025-06-26T18:30:00+00:00,611.72998046875,611.9149780273438,611.094970703125,611.6400146484375,8019970.0
2025-06-26T19:30:00+00:00,611.6300048828125,612.3099975585938,611.22998046875,611.8800048828125,15250890.0
2025-06-27T13:30:00+00:00,612.8800048828125,615.5,612.7000122070312,614.905029296875,12936118.0
2025-06-27T14:30:00+00:00,614.9099731445312,615.5499877929688,614.5999755859375,615.3400268554688,8663080.0
2025-06-27T15:30:00+00:00,615.3400268554688,616.3499755859375,615.3001098632812,616.3150024414062,8271641.0
2025-06-27T16:30:00+00:00,616.3150024414062,616.3900146484375,615.260009765625,615.3900146484375,5308807.0
2025-06-27T17:30:00+00:00,615.4000244140625,615.5800170898438,612.3300170898438,612.3300170898438,11506024.0
2025-06-27T18:30:00+00:00,612.3400268554688,612.7100219726562,610.8300170898438,612.385009765625,16683605.0
2025-06-27T19:30:00+00:00,612.3800048828125,615.1400146484375,612.3800048828125,614.8499755859375,16225741.0
2025-06-30T13:30:00+00:00,617.3800048828125,617.489990234375,615.9299926757812,616.7000122070312,13320297.0
2025-06-30T14:30:00+00:00,616.7000122070312,616.7750244140625,615.68798828125,616.2050170898438,9673361.0
2025-06-30T15:30:00+00:00,616.2100219726562,616.9199829101562,616.0999755859375,616.255126953125,5551534.0
2025-06-30T16:30:00+00:00,616.239990234375,617.1300048828125,616.1950073242188,616.5150146484375,6222938.0
2025-06-30T17:30:00+00:00,616.5150146484375,616.6400146484375,615.0399780273438,616.0449829101562,9444840.0
2025-06-30T18:30:00+00:00,615.9299926757812,618.25,615.3200073242188,617.9000244140625,13571883.0
2025-06-30T19:30:00+00:00,617.9000244140625,619.219970703125,617.4000244140625,617.9000244140625,21415473.0
2025-07-01T13:30:00+00:00,616.3599853515625,618.0650024414062,616.2550048828125,617.1199951171875,12323158.0
2025-07-01T14:30:00+00:00,617.0999755859375,617.6099853515625,615.52001953125,617.280029296875,11591729.0
2025-07-01T15:30:00+00:00,617.27001953125,618.0999755859375,616.0800170898438,617.3200073242188,7723008.0
2025-07-01T16:30:00+00:00,617.3200073242188,618.2100219726562,617.0,618.0750122070312,6132062.0
2025-07-01T17:30:00+00:00,618.0800170898438,618.8300170898438,617.760009765625,618.010009765625,6367716.0
2025-07-01T18:30:00+00:00,618.010009765625,618.510009765625,616.7000122070312,618.364990234375,9843151.0
2025-07-01T19:30:00+00:00,618.364990234375,618.719970703125,617.4299926757812,617.5599975585938,10313522.0
2025-07-02T13:30:00+00:00,617.239990234375,618.719970703125,616.6099853515625,618.5999755859375,11824245.0
2025-07-02T14:30:00+00:00,618.5999755859375,619.1649780273438,618.2000122070312,618.7899780273438,8718458.0
2025-07-02T15:30:00+00:00,618.7899780273438,619.4550170898438,618.739990234375,619.155029296875,5896295.0
2025-07-02T16:30:00+00:00,619.1599731445312,619.6749877929688,619.0,619.47998046875,7640261.0
2025-07-02T17:30:00+00:00,619.469970703125,619.719970703125,619.22998046875,619.5900268554688,6646497.0
2025-07-02T18:30:00+00:00,619.5800170898438,620.1699829101562,619.5750122070312,619.760009765625,7702106.0
2025-07-02T19:30:00+00:00,619.75,620.47998046875,619.6099853515625,620.3699951171875,10199323.0
2025-07-03T13:30:00+00:00,622.4500122070312,625.1099853515625,622.4299926757812,625.0,16305435.0
2025-07-03T14:30:00+00:00,625.0,625.7849731445312,624.7899780273438,625.4199829101562,9078995.0
2025-07-03T15:30:00+00:00,625.5349731445312,626.0800170898438,625.3599853515625,625.7349853515625,9030686.0
2025-07-03T17:00:00+00:00,625.72998046875,626.280029296875,620.515625,624.989990234375,0
2025-07-07T13:30:00+00:00,623.3599853515625,624.030029296875,622.530029296875,623.0399780273438,9405919.0
2025-07-07T14:30:00+00:00,622.8599853515625,623.10498046875,621.5599975585938,622.0700073242188,6848812.0
2025-07-07T15:30:00+00:00,622.0599975585938,622.2899780273438,619.2410278320312,620.5750122070312,11523043.0
2025-07-07T16:30:00+00:00,620.72998046875,621.2349853515625,619.47998046875,620.1900024414062,7769168.0
2025-07-07T17:30:00+00:00,620.1599731445312,621.4099731445312,617.8800048828125,617.989990234375,10860567.0
2025-07-07T18:30:00+00:00,617.989990234375,620.3900146484375,617.8699951171875,619.4600219726562,9725327.0
2025-07-07T19:30:00+00:00,619.469970703125,621.0,619.3900146484375,620.780029296875,12109392.0
2025-07-08T13:30:00+00:00,621.0800170898438,621.6649780273438,619.6420288085938,620.010009765625,9714780.0
2025-07-08T14:30:00+00:00,620.0250244140625,621.4949951171875,619.52001953125,619.9639892578125,9045204.0
2025-07-08T15:30:00+00:00,619.97998046875,622.1099853515625,619.97998046875,621.875,7132153.0
2025-07-08T16:30:00+00:00,621.8900146484375,622.0499877929688,619.8400268554688,620.8350219726562,8696528.0
2025-07-08T17:30:00+00:00,620.8300170898438,621.3099975585938,620.2000122070312,620.6500244140625,5414201.0
2025-07-08T18:30:00+00:00,620.6599731445312,620.9249877929688,620.0900268554688,620.510009765625,6119689.0
2025-07-08T19:30:00+00:00,620.510009765625,620.8099975585938,620.0399780273438,620.3099975585938,9674035.0
2025-07-09T13:30:00+00:00,622.77001953125,624.719970703125,622.6500244140625,623.3699951171875,11507049.0
2025-07-09T14:30:00+00:00,623.3800048828125,623.3800048828125,620.9105224609375,622.10498046875,12238638.0
2025-07-09T15:30:00+00:00,622.0999755859375,622.5399780273438,621.5499877929688,621.7899780273438,6843515.0
2025-07-09T16:30:00+00:00,621.7999877929688,622.6749877929688,621.6199951171875,622.322021484375,5325341.0
2025-07-09T17:30:00+00:00,622.3200073242188,623.3090209960938,622.0599975585938,622.8499755859375,6764656.0
2025-07-09T18:30:00+00:00,622.9099731445312,623.77001953125,622.8200073242188,623.5999755859375,7703630.0
2025-07-09T19:30:00+00:00,623.5900268554688,624.2100219726562,623.4099731445312,623.989990234375,9243138.0
2025-07-10T13:30:00+00:00,624.260009765625,624.280029296875,623.010009765625,623.7348022460938,12432517.0
2025-07-10T14:30:00+00:00,623.77001953125,625.5750122070312,623.7448120117188,625.52001953125,8535858.0
2025-07-10T15:30:00+00:00,625.52001953125,625.7849731445312,625.0250244140625,625.5700073242188,5226207.0
2025-07-10T16:30:00+00:00,625.5700073242188,626.22998046875,625.239990234375,626.0999755859375,4585228.0
2025-07-10T17:30:00+00:00,626.0900268554688,626.8701171875,626.0800170898438,626.5900268554688,5790984.0
2025-07-10T18:30:00+00:00,626.5900268554688,626.6699829101562,626.0900268554688,626.2050170898438,6646470.0
2025-07-10T19:30:00+00:00,626.2000122070312,626.6749877929688,625.2100219726562,625.8300170898438,9553611.0
2025-07-11T13:30:00+00:00,622.739990234375,624.260009765625,621.530029296875,624.0050048828125,11912865.0
2025-07-11T14:30:00+00:00,624.0,624.3699951171875,622.7100219726562,623.3900146484375,7390720.0
2025-07-11T15:30:00+00:00,623.4000244140625,624.6400146484375,623.1500244140625,623.9450073242188,8419054.0
2025-07-11T16:30:00+00:00,623.9500122070312,624.5800170898438,623.5599975585938,624.4500122070312,5136029.0
2025-07-11T17:30:00+00:00,624.4500122070312,624.7000122070312,623.75,624.2650146484375,6143243.0
2025-07-11T18:30:00+00:00,624.2750244140625,624.8599853515625,623.1300048828125,624.4450073242188,9627611.0
2025-07-11T19:30:00+00:00,624.4500122070312,624.5800170898438,623.469970703125,623.6099853515625,10303202.0
2025-07-14T13:30:00+00:00,622.9400024414062,623.7100219726562,621.7999267578125,622.6915283203125,12127867.0
2025-07-14T14:30:00+00:00,622.6799926757812,624.1400146484375,622.3699951171875,624.1300048828125,7416000.0
2025-07-14T15:30:00+00:00,624.1300048828125,624.3900146484375,623.77001953125,623.885009765625,5156203.0
2025-07-14T16:30:00+00:00,623.8699951171875,624.969970703125,623.6300048828125,624.7000122070312,4813082.0
2025-07-14T17:30:00+00:00,624.7100219726562,625.0,624.4249877929688,624.9500122070312,4168700.0
2025-07-14T18:30:00+00:00,624.9600219726562,625.1580810546875,624.4600219726562,624.72998046875,6118559.0
2025-07-14T19:30:00+00:00,624.72998046875,624.989990234375,624.2999877929688,624.719970703125,8076747.0
2025-07-15T13:30:00+00:00,627.52001953125,627.8599853515625,625.260009765625,625.47998046875,13736533.0
2025-07-15T14:30:00+00:00,625.489990234375,625.5800170898438,623.7999877929688,625.1007080078125,11730373.0
2025-07-15T15:30:00+00:00,625.1199951171875,625.3900146484375,624.010009765625,624.2747802734375,6900639.0
2025-07-15T16:30:00+00:00,624.27001953125,624.5750122070312,622.9500122070312,623.8599853515625,8131280.0
2025-07-15T17:30:00+00:00,623.8499755859375,624.8699951171875,623.8499755859375,624.5999755859375,6158806.0
2025-07-15T18:30:00+00:00,624.5999755859375,624.8300170898438,623.0150146484375,623.2899780273438,10091716.0
2025-07-15T19:30:00+00:00,623.3099975585938,623.7999877929688,622.0800170898438,622.1099853515625,11156036.0
2025-07-16T13:30:00+00:00,623.739990234375,624.1199951171875,621.6799926757812,622.489990234375,11966558.0
2025-07-16T14:30:00+00:00,622.489990234375,623.3699951171875,619.4600219726562,621.3150024414062,22967144.0
2025-07-16T15:30:00+00:00,621.3499755859375,622.5399780273438,618.0499877929688,621.6699829101562,22578860.0
2025-07-16T16:30:00+00:00,621.6749877929688,623.7899780273438,621.1400146484375,623.0999755859375,6693618.0
2025-07-16T17:30:00+00:00,623.0999755859375,623.4600830078125,622.719970703125,623.3499755859375,4760317.0
2025-07-16T18:30:00+00:00,623.344970703125,624.52001953125,623.344970703125,624.1400756835938,7135465.0
2025-07-16T19:30:00+00:00,624.1400146484375,624.72998046875,623.885009765625,624.1799926757812,8101270.0
2025-07-17T13:30:00+00:00,624.4000244140625,626.22998046875,624.1799926757812,625.4600219726562,11472330.0
2025-07-17T14:30:00+00:00,625.4600219726562,626.719970703125,625.010009765625,626.6699829101562,8427546.0
2025-07-17T15:30:00+00:00,626.6712036132812,627.510009765625,626.5599975585938,626.8499755859375,6685673.0
2025-07-17T16:30:00+00:00,626.8400268554688,627.0980224609375,626.5250244140625,627.0250244140625,6103443.0
2025-07-17T17:30:00+00:00,627.0650024414062,627.8800048828125,627.0,627.8322143554688,6810284.0
2025-07-17T18:30:00+00:00,627.8934936523438,628.40478515625,627.64501953125,627.97998046875,7216990.0
2025-07-17T19:30:00+00:00,627.969970703125,628.3200073242188,627.6500244140625,627.97998046875,14598908.0
2025-07-18T13:30:00+00:00,629.2999877929688,629.469970703125,627.239990234375,627.3699951171875,14355767.0
2025-07-18T14:30:00+00:00,627.3499755859375,627.9099731445312,626.9099731445312,627.60498046875,11133429.0
2025-07-18T15:30:00+00:00,627.6199951171875,628.1699829101562,626.5399780273438,626.9600219726562,7045686.0
2025-07-18T16:30:00+00:00,626.97998046875,627.385009765625,626.4600219726562,626.9400024414062,5704897.0
2025-07-18T17:30:00+00:00,626.9400024414062,627.530029296875,626.6599731445312,627.114990234375,4183073.0
2025-07-18T18:30:00+00:00,627.1099853515625,627.5999755859375,627.02001953125,627.3900146484375,5054812.0
2025-07-18T19:30:00+00:00,627.375,627.760009765625,627.010009765625,627.5900268554688,7725900.0
2025-07-21T13:30:00+00:00,628.77001953125,631.3300170898438,628.6799926757812,631.25,11940189.0
2025-07-21T14:30:00+00:00,631.25,631.3900146484375,630.6400146484375,631.268798828125,6696004.0
2025-07-21T15:30:00+00:00,631.27001953125,631.5399780273438,630.5349731445312,630.77001953125,5926978.0
2025-07-21T16:30:00+00:00,630.7752075195312,631.489990234375,630.7249755859375,631.39501953125,4180603.0
2025-07-21T17:30:00+00:00,631.3900146484375,631.52001953125,631.0399780273438,631.1917724609375,4545996.0
2025-07-21T18:30:00+00:00,631.2000122070312,631.2000122070312,629.1099853515625,629.4500122070312,10841234.0
2025-07-21T19:30:00+00:00,629.4500122070312,629.6799926757812,628.3400268554688,628.72998046875,12654906.0
2025-07-22T13:30:00+00:00,629.0999755859375,629.1900024414062,626.1900024414062,627.0900268554688,14434422.0
2025-07-22T14:30:00+00:00,627.0800170898438,628.114990234375,626.9721069335938,627.6400146484375,6721517.0
2025-07-22T15:30:00+00:00,627.6400146484375,628.125,627.0399780273438,627.239990234375,5933245.0
2025-07-22T16:30:00+00:00,627.25,629.219970703125,627.0700073242188,629.0499877929688,5321387.0
2025-07-22T17:30:00+00:00,629.0499877929688,629.1799926757812,627.52001953125,628.4249877929688,6421876.0
2025-07-22T18:30:00+00:00,628.4199829101562,629.530029296875,628.3699951171875,629.2000122070312,7458920.0
2025-07-22T19:30:00+00:00,629.1900024414062,629.72998046875,628.75,628.8300170898438,8957431.0
2025-07-23T13:30:00+00:00,630.9949951171875,631.4650268554688,629.72998046875,630.73876953125,11930032.0
2025-07-23T14:30:00+00:00,630.7352294921875,630.9249877929688,630.0900268554688,630.8250122070312,6193455.0
2025-07-23T15:30:00+00:00,630.8200073242188,632.7899780273438,630.469970703125,631.6900024414062,9429235.0
2025-07-23T16:30:00+00:00,631.6799926757812,632.1950073242188,631.3494873046875,632.0999755859375,8404152.0
2025-07-23T17:30:00+00:00,632.1099853515625,633.6500244140625,631.7899780273438,633.2349853515625,9748596.0
2025-07-23T18:30:00+00:00,633.2349853515625,633.47998046875,632.9550170898438,633.3599853515625,7431353.0
2025-07-23T19:30:00+00:00,633.3599853515625,634.1599731445312,632.9400024414062,634.1599731445312,10283392.0
2025-07-24T13:30:00+00:00,634.5999755859375,635.3900146484375,633.989990234375,634.8200073242188,12862862.0
2025-07-24T14:30:00+00:00,634.8200073242188,635.8900146484375,634.72998046875,635.5250244140625,7091351.0
2025-07-24T15:30:00+00:00,635.5250244140625,635.72998046875,634.280029296875,634.5650024414062,6659179.0
2025-07-24T16:30:00+00:00,634.5700073242188,635.97998046875,634.4500122070312,635.3800048828125,6391273.0
2025-07-24T17:30:00+00:00,635.3800048828125,636.1500244140625,635.125,635.780029296875,8024878.0
2025-07-24T18:30:00+00:00,635.7849731445312,635.9299926757812,634.6900024414062,635.4718017578125,8969049.0
2025-07-24T19:30:00+00:00,635.4749755859375,635.5750122070312,634.25,634.4500122070312,15010238.0
2025-07-25T13:30:00+00:00,635.0900268554688,635.6099853515625,634.8400268554688,635.469970703125,9407069.0
2025-07-25T14:30:00+00:00,635.469970703125,636.1300048828125,635.2899780273438,636.02001953125,5993959.0
2025-07-25T15:30:00+00:00,636.02001953125,636.9299926757812,635.6099853515625,636.760009765625,6686141.0
2025-07-25T16:30:00+00:00,636.760009765625,637.1300048828125,636.5999755859375,637.0452270507812,6436824.0
2025-07-25T17:30:00+00:00,637.0499877929688,637.530029296875,636.969970703125,637.3300170898438,5122697.0
2025-07-25T18:30:00+00:00,637.3300170898438,637.5798950195312,637.1749877929688,637.3400268554688,5294461.0
2025-07-25T19:30:00+00:00,637.3300170898438,637.489990234375,636.625,637.030029296875,11606754.0
2025-07-28T13:30:00+00:00,637.47998046875,638.0399780273438,637.0800170898438,637.7349853515625,12608320.0
2025-07-28T14:30:00+00:00,637.739990234375,637.89990234375,636.3300170898438,637.0700073242188,7029218.0
2025-07-28T15:30:00+00:00,637.0700073242188,637.6500244140625,636.97998046875,637.4000244140625,3958235.0
2025-07-28T16:30:00+00:00,637.39501953125,637.4099731445312,636.1599731445312,636.3200073242188,4788861.0
2025-07-28T17:30:00+00:00,636.3099975585938,636.760009765625,635.5399780273438,636.030029296875,6173527.0
2025-07-28T18:30:00+00:00,636.0399780273438,636.2899780273438,635.6900024414062,636.0399780273438,6089625.0
2025-07-28T19:30:00+00:00,636.0499877929688,637.02001953125,635.8200073242188,636.8900146484375,9077255.0
2025-07-29T13:30:00+00:00,638.3499755859375,638.6699829101562,637.239990234375,637.760009765625,10175675.0
2025-07-29T14:30:00+00:00,637.760009765625,637.8599853515625,635.1799926757812,635.2899780273438,8973013.0
2025-07-29T15:30:00+00:00,635.2899780273438,636.2100219726562,634.6900024414062,635.6599731445312,7394149.0
2025-07-29T16:30:00+00:00,635.6619873046875,636.5599975585938,635.0999755859375,636.1799926757812,5465489.0
2025-07-29T17:30:00+00:00,636.1749877929688,636.3900146484375,634.9400024414062,635.3200073242188,6248279.0
2025-07-29T18:30:00+00:00,635.3150024414062,635.8599853515625,635.030029296875,635.0599975585938,6204643.0
2025-07-29T19:30:00+00:00,635.0700073242188,635.4000244140625,634.3350219726562,635.219970703125,11693522.0
2025-07-30T13:30:00+00:00,635.9199829101562,636.6649780273438,635.2899780273438,636.3300170898438,9553683.0
2025-07-30T14:30:00+00:00,636.3200073242188,636.8200073242188,635.0,635.3150024414062,6908666.0
2025-07-30T15:30:00+00:00,635.3200073242188,636.719970703125,635.0900268554688,636.5700073242188,5028064.0
2025-07-30T16:30:00+00:00,636.5800170898438,636.6599731445312,636.14501953125,636.2100219726562,3361418.0
2025-07-30T17:30:00+00:00,636.219970703125,637.1099853515625,636.010009765625,636.77001953125,6602865.0
2025-07-30T18:30:00+00:00,636.77001953125,637.6799926757812,631.5399780273438,632.0892944335938,23765491.0
2025-07-30T19:30:00+00:00,632.0900268554688,634.635009765625,631.6099853515625,634.5,14767858.0
2025-07-31T13:30:00+00:00,639.4550170898438,639.8499755859375,637.6900024414062,638.8200073242188,18845004.0
2025-07-31T14:30:00+00:00,638.8099975585938,639.1400146484375,635.0599975585938,636.1900024414062,11944043.0
2025-07-31T15:30:00+00:00,636.1900024414062,638.22998046875,636.1099853515625,638.0800170898438,6674444.0
2025-07-31T16:30:00+00:00,638.085205078125,638.3099975585938,634.4099731445312,634.8400268554688,8104819.0
2025-07-31T17:30:00+00:00,634.8599853515625,635.655029296875,631.4299926757812,634.2100219726562,14674708.0
2025-07-31T18:30:00+00:00,634.2000122070312,635.125,632.6199951171875,632.780029296875,10842862.0
2025-07-31T19:30:00+00:00,632.7949829101562,633.6799926757812,630.7650146484375,631.969970703125,19680307.0
2025-08-01T13:30:00+00:00,626.2999877929688,626.3400268554688,619.6500244140625,623.2000122070312,30644019.0
2025-08-01T14:30:00+00:00,623.4299926757812,624.0700073242188,621.3900146484375,621.510009765625,17357341.0
2025-08-01T15:30:00+00:00,621.510009765625,624.9650268554688,621.3800048828125,624.2100219726562,13619112.0
2025-08-01T16:30:00+00:00,624.2100219726562,624.4600219726562,620.3350219726562,620.5700073242188,16693904.0
2025-08-01T17:30:00+00:00,620.5700073242188,621.8099975585938,619.2899780273438,621.6248168945312,14851233.0
2025-08-01T18:30:00+00:00,621.6300048828125,623.1099853515625,620.9500122070312,621.7899780273438,18461979.0
2025-08-01T19:30:00+00:00,621.780029296875,623.2999877929688,620.8400268554688,621.7100219726562,18083927.0
2025-08-04T13:30:00+00:00,625.6699829101562,629.530029296875,625.5800170898438,629.4000244140625,16466923.0
2025-08-04T14:30:00+00:00,629.4099731445312,629.7000122070312,628.4600219726562,629.0,9646390.0
2025-08-04T15:30:00+00:00,628.989990234375,630.1699829101562,628.5900268554688,629.719970703125,7217114.0
2025-08-04T16:30:00+00:00,629.7100219726562,630.52001953125,629.6799926757812,630.2899780273438,5339004.0
2025-08-04T17:30:00+00:00,630.2999877929688,630.489990234375,629.3900146484375,629.989990234375,8154850.0
2025-08-04T18:30:00+00:00,629.989990234375,630.75,629.739990234375,630.2650146484375,7614826.0
2025-08-04T19:30:00+00:00,630.2650146484375,631.2150268554688,629.9208984375,631.0599975585938,10505323.0
2025-08-05T13:30:00+00:00,631.7899780273438,632.605224609375,629.1900024414062,629.8590087890625,14016837.0
2025-08-05T14:30:00+00:00,629.864990234375,629.864990234375,627.0399780273438,628.010009765625,13408969.0
2025-08-05T15:30:00+00:00,627.97998046875,629.1851196289062,627.1599731445312,629.0499877929688,7261146.0
2025-08-05T16:30:00+00:00,629.030029296875,629.8250122070312,627.7999877929688,629.6950073242188,5970871.0
2025-08-05T17:30:00+00:00,629.7047729492188,630.3200073242188,628.5999755859375,628.7100219726562,7485879.0
2025-08-05T18:30:00+00:00,628.7100219726562,629.1099853515625,627.8699951171875,628.9799194335938,7193278.0
2025-08-05T19:30:00+00:00,628.97998046875,629.0399780273438,627.8099975585938,628.02001953125,7915493.0
2025-08-06T13:30:00+00:00,628.6099853515625,630.6099853515625,628.1300048828125,628.7949829101562,12728488.0
2025-08-06T14:30:00+00:00,628.7949829101562,632.0499877929688,628.3800048828125,631.927001953125,9151768.0
2025-08-06T15:30:00+00:00,631.9099731445312,632.910400390625,631.1599731445312,632.3699951171875,8711655.0
2025-08-06T16:30:00+00:00,632.389892578125,632.9799194335938,631.8499755859375,632.2899780273438,5420591.0
2025-08-06T17:30:00+00:00,632.3099975585938,633.1099853515625,632.0,632.9199829101562,6427914.0
2025-08-06T18:30:00+00:00,632.9199829101562,633.1900024414062,632.489990234375,633.02001953125,5869995.0
2025-08-06T19:30:00+00:00,633.010009765625,633.4400024414062,632.3900146484375,632.6699829101562,10341224.0
2025-08-07T13:30:00+00:00,636.239990234375,636.97998046875,633.1199951171875,633.8200073242188,16380397.0
2025-08-07T14:30:00+00:00,633.8099975585938,634.2349853515625,631.760009765625,631.9699096679688,10818281.0
2025-08-07T15:30:00+00:00,631.969970703125,632.5999755859375,631.131591796875,632.2449951171875,7663849.0
2025-08-07T16:30:00+00:00,632.25,632.6099853515625,630.0,630.030029296875,8937240.0
2025-08-07T17:30:00+00:00,630.0,631.0800170898438,629.1099853515625,629.9199829101562,8176633.0
2025-08-07T18:30:00+00:00,629.9199829101562,630.8699951171875,629.4600219726562,630.27001953125,7002249.0
2025-08-07T19:30:00+00:00,630.280029296875,632.3599853515625,630.260009765625,632.2899780273438,9156545.0
2025-08-08T13:30:00+00:00,634.0599975585938,636.780029296875,633.739990234375,636.4400024414062,13589880.0
2025-08-08T14:30:00+00:00,636.4299926757812,637.0399780273438,635.5700073242188,636.010009765625,8356893.0
2025-08-08T15:30:00+00:00,636.0,637.3599853515625,634.8599853515625,636.875,6940639.0
2025-08-08T16:30:00+00:00,636.8800048828125,637.1199951171875,636.125,636.39501953125,5454296.0
2025-08-08T17:30:00+00:00,636.3912963867188,637.64501953125,636.3800048828125,637.219970703125,4767395.0
2025-08-08T18:30:00+00:00,637.219970703125,637.625,637.0399780273438,637.260009765625,6916473.0
2025-08-08T19:30:00+00:00,637.25,637.27001953125,636.0499877929688,637.1199951171875,10353519.0
2025-08-11T13:30:00+00:00,637.4600219726562,637.969970703125,636.8809814453125,637.2501220703125,10010287.0
2025-08-11T14:30:00+00:00,637.2418823242188,637.4299926757812,636.530029296875,637.0900268554688,6845811.0
2025-08-11T15:30:00+00:00,637.094970703125,638.9500122070312,636.7899169921875,638.5499877929688,6962281.0
2025-08-11T16:30:00+00:00,638.5399780273438,638.6099853515625,636.9099731445312,637.1849975585938,5191797.0
2025-08-11T17:30:00+00:00,637.1799926757812,637.4199829101562,636.280029296875,636.489990234375,6799051.0
2025-08-11T18:30:00+00:00,636.5,636.8798828125,635.5599975585938,636.2620239257812,5281810.0
2025-08-11T19:30:00+00:00,636.25,636.3800048828125,634.6599731445312,635.8200073242188,12886949.0
2025-08-12T13:30:00+00:00,638.2899780273438,639.8701171875,636.7899780273438,639.2899780273438,19075690.0
2025-08-12T14:30:00+00:00,639.2899780273438,641.030029296875,638.8599853515625,640.47998046875,9176908.0
2025-08-12T15:30:00+00:00,640.469970703125,641.5,640.3099975585938,641.3792724609375,5834719.0
2025-08-12T16:30:00+00:00,641.3900146484375,641.989990234375,641.3699951171875,641.5399780273438,4914317.0
2025-08-12T17:30:00+00:00,641.5399780273438,642.614990234375,641.4249877929688,642.219970703125,4664604.0
2025-08-12T18:30:00+00:00,642.22998046875,642.4299926757812,641.9749755859375,642.3200073242188,5331434.0
2025-08-12T19:30:00+00:00,642.3150024414062,642.8499755859375,641.97998046875,642.6300048828125,9756619.0
2025-08-13T13:30:00+00:00,644.9099731445312,646.1900024414062,643.989990234375,644.239990234375,13378184.0
2025-08-13T14:30:00+00:00,644.2449951171875,644.405029296875,643.0700073242188,643.6699829101562,9260044.0
2025-08-13T15:30:00+00:00,643.6699829101562,644.2550048828125,643.22998046875,643.27001953125,7026688.0
2025-08-13T16:30:00+00:00,643.260009765625,643.7000122070312,642.6799926757812,643.6408081054688,5106260.0
2025-08-13T17:30:00+00:00,643.6400146484375,644.2000122070312,642.7750244140625,643.8900146484375,4590614.0
2025-08-13T18:30:00+00:00,643.9099731445312,644.72998046875,643.239990234375,644.2899780273438,6159836.0
2025-08-13T19:30:00+00:00,644.2949829101562,645.0999755859375,643.9099731445312,644.8800048828125,9296664.0
2025-08-14T13:30:00+00:00,642.5800170898438,644.614990234375,642.3400268554688,644.239990234375,13825627.0
2025-08-14T14:30:00+00:00,644.25,645.5449829101562,642.9600219726562,643.3350219726562,7503723.0
2025-08-14T15:30:00+00:00,643.3400268554688,644.219970703125,642.6649780273438,643.0900268554688,5881748.0
2025-08-14T16:30:00+00:00,643.0900268554688,645.0499877929688,642.9849853515625,645.0006713867188,4114991.0
2025-08-14T17:30:00+00:00,645.010009765625,645.0599975585938,643.9099731445312,644.0850219726562,5216067.0
2025-08-14T18:30:00+00:00,644.0700073242188,645.489990234375,643.9500122070312,645.030029296875,7742378.0
2025-08-14T19:30:00+00:00,645.030029296875,645.6199951171875,644.8400268554688,644.9400024414062,8472709.0
2025-08-15T13:30:00+00:00,645.989990234375,646.0900268554688,643.2100219726562,644.2100219726562,12162781.0
2025-08-15T14:30:00+00:00,644.2000122070312,644.3300170898438,643.260009765625,643.47802734375,9248270.0
2025-08-15T15:30:00+00:00,643.469970703125,644.1400146484375,642.52001953125,643.2899780273438,7747193.0
2025-08-15T16:30:00+00:00,643.2949829101562,644.2957153320312,643.2949829101562,644.1654052734375,4942524.0
2025-08-15T17:30:00+00:00,644.1599731445312,644.8800048828125,643.97998046875,644.530029296875,8862040.0
2025-08-15T18:30:00+00:00,644.52001953125,644.6400146484375,643.3200073242188,643.7999877929688,8106691.0
2025-08-15T19:30:00+00:00,643.7999877929688,644.1300048828125,643.1300048828125,643.4600219726562,8532061.0
2025-08-18T13:30:00+00:00,642.8599853515625,643.9349975585938,642.530029296875,643.0,9848536.0
2025-08-18T14:30:00+00:00,642.989990234375,643.4400024414062,642.2999877929688,642.72998046875,5856330.0
2025-08-18T15:30:00+00:00,642.72998046875,643.280029296875,642.5,643.1199951171875,3443159.0
2025-08-18T16:30:00+00:00,643.1234741210938,643.3599853515625,642.1799926757812,643.1690063476562,3400901.0
2025-08-18T17:30:00+00:00,643.1649780273438,643.8150024414062,642.4400024414062,642.7600708007812,4506136.0
2025-08-18T18:30:00+00:00,642.7849731445312,643.5599975585938,642.780029296875,643.2550048828125,5589096.0
2025-08-18T19:30:00+00:00,643.25,644.0,643.14501953125,643.280029296875,8151214.0
2025-08-19T13:30:00+00:00,642.989990234375,644.10498046875,642.030029296875,643.030029296875,12478851.0
2025-08-19T14:30:00+00:00,643.0399780273438,643.5399780273438,640.469970703125,641.6099853515625,10924405.0
2025-08-19T15:30:00+00:00,641.6099853515625,641.9099731445312,640.1699829101562,640.3499755859375,6187042.0
2025-08-19T16:30:00+00:00,640.3599853515625,640.625,638.8049926757812,639.719970703125,7507554.0
2025-08-19T17:30:00+00:00,639.7100219726562,640.1099853515625,638.8200073242188,639.094970703125,5519143.0
2025-08-19T18:30:00+00:00,639.094970703125,639.280029296875,638.47998046875,639.2050170898438,7754379.0
2025-08-19T19:30:00+00:00,639.2100219726562,639.9099731445312,638.7150268554688,639.75,10468558.0
2025-08-20T13:30:00+00:00,639.0,639.1199951171875,633.6699829101562,633.9199829101562,24685560.0
2025-08-20T14:30:00+00:00,633.9400024414062,636.4299926757812,632.9500122070312,636.375,12562982.0
2025-08-20T15:30:00+00:00,636.3499755859375,637.475830078125,634.719970703125,637.4207153320312,8669208.0
2025-08-20T16:30:00+00:00,637.4249877929688,637.4500122070312,635.9299926757812,636.5599975585938,5940364.0
2025-08-20T17:30:00+00:00,636.5599975585938,637.9600219726562,635.2100219726562,635.8300170898438,7667251.0
2025-08-20T18:30:00+00:00,635.8316040039062,638.869873046875,635.75,638.3300170898438,9126921.0
2025-08-20T19:30:00+00:00,638.3150024414062,639.0599975585938,637.8049926757812,638.0399780273438,9710612.0
2025-08-21T13:30:00+00:00,636.280029296875,637.969970703125,634.3099975585938,637.8900146484375,12416961.0
2025-08-21T14:30:00+00:00,637.8900146484375,637.9000244140625,635.2999877929688,636.6900024414062,5577717.0
2025-08-21T15:30:00+00:00,636.7000122070312,637.5900268554688,634.9600219726562,635.25,5937020.0
2025-08-21T16:30:00+00:00,635.25,636.0,633.8099975585938,634.4349975585938,5224065.0
2025-08-21T17:30:00+00:00,634.4299926757812,636.2000122070312,634.3399047851562,635.5,5364166.0
2025-08-21T18:30:00+00:00,635.510009765625,636.52001953125,635.0900268554688,635.9400024414062,5218516.0
2025-08-21T19:30:00+00:00,635.9500122070312,635.97998046875,635.0800170898438,635.5900268554688,8004140.0
2025-08-22T13:30:00+00:00,637.760009765625,645.5499877929688,637.25,644.1099853515625,25591899.0
2025-08-22T14:30:00+00:00,644.1337890625,646.27001953125,644.1300048828125,646.0,12117378.0
2025-08-22T15:30:00+00:00,646.010009765625,646.5,644.6950073242188,644.780029296875,7643159.0
2025-08-22T16:30:00+00:00,644.780029296875,646.260009765625,644.2949829101562,646.1500244140625,5628178.0
2025-08-22T17:30:00+00:00,646.1500244140625,646.4000244140625,645.2849731445312,645.385009765625,5609252.0
2025-08-22T18:30:00+00:00,645.4400024414062,645.8599853515625,645.052001953125,645.0800170898438,7527169.0
2025-08-22T19:30:00+00:00,645.0700073242188,645.4550170898438,644.2949829101562,645.239990234375,13845518.0
2025-08-25T13:30:00+00:00,644.02001953125,644.6699829101562,643.4099731445312,644.1500244140625,11937754.0
2025-08-25T14:30:00+00:00,644.1500244140625,645.0499877929688,643.739990234375,644.9099731445312,5727479.0
2025-08-25T15:30:00+00:00,644.9099731445312,645.14501953125,644.5050048828125,644.9400024414062,4212366.0
2025-08-25T16:30:00+00:00,644.9400024414062,645.2899780273438,644.4099731445312,644.6699829101562,3794881.0
2025-08-25T17:30:00+00:00,644.6599731445312,644.8200073242188,643.9400024414062,644.1699829101562,4950572.0
2025-08-25T18:30:00+00:00,644.1649780273438,644.280029296875,643.6199951171875,643.6900024414062,7546538.0
2025-08-25T19:30:00+00:00,643.6900024414062,643.8400268554688,642.3499755859375,642.489990234375,8471951.0
2025-08-26T13:30:00+00:00,642.2000122070312,643.27001953125,641.5700073242188,643.0800170898438,9832377.0
2025-08-26T14:30:00+00:00,643.0650024414062,643.1799926757812,642.2949829101562,642.4400024414062,4709146.0
2025-08-26T15:30:00+00:00,642.4099731445312,643.5499877929688,642.2913818359375,643.3300170898438,4191091.0
2025-08-26T16:30:00+00:00,643.3300170898438,643.5900268554688,642.8900146484375,643.510009765625,2955455.0
2025-08-26T17:30:00+00:00,643.5,643.5809936523438,642.4349975585938,643.510009765625,5431256.0
2025-08-26T18:30:00+00:00,643.52001953125,644.7100830078125,643.510009765625,644.5599975585938,8137023.0
2025-08-26T19:30:00+00:00,644.5499877929688,645.510009765625,643.9199829101562,645.1300048828125,10252303.0
2025-08-27T13:30:00+00:00,644.489990234375,646.3400268554688,644.4199829101562,646.1171264648438,9908632.0
2025-08-27T14:30:00+00:00,646.1099853515625,646.5399780273438,645.75,646.2999877929688,4474725.0
2025-08-27T15:30:00+00:00,646.2999877929688,646.6900024414062,645.47998046875,645.9600219726562,4510996.0
2025-08-27T16:30:00+00:00,645.9600219726562,646.5499877929688,645.3800048828125,646.4450073242188,4911037.0
2025-08-27T17:30:00+00:00,646.4500122070312,647.35498046875,646.4400024414062,647.260009765625,4281351.0
2025-08-27T18:30:00+00:00,647.25,647.3099975585938,645.8200073242188,646.655029296875,5967107.0
2025-08-27T19:30:00+00:00,646.6500244140625,647.3699951171875,646.5999755859375,646.5999755859375,6828910.0
2025-08-28T13:30:00+00:00,647.239990234375,648.0900268554688,645.3400268554688,645.9550170898438,15334704.0
2025-08-28T14:30:00+00:00,645.97998046875,647.6558227539062,645.9400024414062,646.25,7218273.0
2025-08-28T15:30:00+00:00,646.2750244140625,648.4199829101562,646.239990234375,648.1500244140625,5870785.0
2025-08-28T16:30:00+00:00,648.1500244140625,648.364990234375,647.4500122070312,648.125,4583085.0
2025-08-28T17:30:00+00:00,648.1300048828125,648.6799926757812,648.0750122070312,648.64501953125,5164886.0
2025-08-28T18:30:00+00:00,648.6500244140625,649.25,648.6300048828125,648.9600219726562,6567008.0
2025-08-28T19:30:00+00:00,648.9500122070312,649.47998046875,648.72998046875,648.8599853515625,11559349.0
2025-08-29T13:30:00+00:00,647.489990234375,647.7581176757812,643.6300048828125,644.6688232421875,18056576.0
2025-08-29T14:30:00+00:00,644.6699829101562,645.1099853515625,643.1400146484375,644.4099731445312,8072315.0
2025-08-29T15:30:00+00:00,644.1599731445312,644.760009765625,643.7100219726562,644.1699829101562,4995959.0
2025-08-29T16:30:00+00:00,644.1799926757812,645.0399169921875,643.4600219726562,644.0,5000969.0
2025-08-29T17:30:00+00:00,644.0,645.0142211914062,643.8400268554688,644.2650146484375,5645077.0
2025-08-29T18:30:00+00:00,644.2650146484375,644.989990234375,644.172119140625,644.5800170898438,6544206.0
2025-08-29T19:30:00+00:00,644.5800170898438,645.1400146484375,643.760009765625,644.989990234375,16478161.0
2025-09-02T13:30:00+00:00,637.5,640.1400146484375,636.0499877929688,639.469970703125,19841239.0
2025-09-02T14:30:00+00:00,639.4500122070312,639.6300048828125,636.1699829101562,636.5599975585938,8713902.0
2025-09-02T15:30:00+00:00,636.5499877929688,636.5679931640625,634.9199829101562,635.6099853515625,8002126.0
2025-09-02T16:30:00+00:00,635.6099853515625,637.8499755859375,635.6099853515625,637.6400146484375,6081795.0
2025-09-02T17:30:00+00:00,637.6300048828125,639.0349731445312,637.6300048828125,637.7265014648438,6123570.0
2025-09-02T18:30:00+00:00,637.719970703125,639.3099975585938,637.3200073242188,639.1400146484375,6789582.0
2025-09-02T19:30:00+00:00,639.1300048828125,640.489990234375,639.0399780273438,640.3300170898438,13815065.0
2025-09-03T13:30:00+00:00,642.6099853515625,643.22998046875,641.5900268554688,642.3612060546875,15509152.0
2025-09-03T14:30:00+00:00,642.3599853515625,644.2100219726562,642.2899780273438,642.4299926757812,8968128.0
2025-09-03T15:30:00+00:00,642.4600219726562,643.125,641.9949951171875,642.4299926757812,6244990.0
2025-09-03T16:30:00+00:00,642.4400024414062,642.8499755859375,641.4299926757812,642.27001953125,6400908.0
2025-09-03T17:30:00+00:00,642.260009765625,642.4299926757812,640.5399780273438,641.1300048828125,7115928.0
2025-09-03T18:30:00+00:00,641.1099853515625,641.280029296875,640.4600219726562,641.02001953125,6094783.0
2025-09-03T19:30:00+00:00,641.0399780273438,643.72998046875,641.010009765625,643.6400146484375,13684347.0
2025-09-04T13:30:00+00:00,644.4199829101562,645.2999877929688,643.510009765625,644.8800048828125,13047742.0
2025-09-04T14:30:00+00:00,644.8699951171875,646.4349975585938,644.8400268554688,646.2108154296875,8492829.0
2025-09-04T15:30:00+00:00,646.219970703125,646.5900268554688,645.8200073242188,645.9500122070312,5301109.0
2025-09-04T16:30:00+00:00,645.9400024414062,646.969970703125,645.8099975585938,646.8593139648438,4754315.0
2025-09-04T17:30:00+00:00,646.8400268554688,647.6099853515625,646.5900268554688,647.22998046875,5264094.0
2025-09-04T18:30:00+00:00,647.22998046875,648.25,647.0800170898438,647.9149780273438,6397166.0
2025-09-04T19:30:00+00:00,647.9099731445312,649.1500244140625,647.8099975585938,648.989990234375,12484167.0
2025-09-05T13:30:00+00:00,651.6099853515625,652.2100219726562,646.0499877929688,646.5599975585938,22495703.0
2025-09-05T14:30:00+00:00,646.52001953125,646.6599731445312,643.3300170898438,646.2050170898438,15432029.0
2025-09-05T15:30:00+00:00,646.2100219726562,646.9000244140625,645.2899780273438,645.7249755859375,9218240.0
2025-09-05T16:30:00+00:00,645.739990234375,646.5499877929688,645.3300170898438,645.8499755859375,6516124.0
2025-09-05T17:30:00+00:00,645.8699951171875,646.0599975585938,644.6099853515625,645.7098999023438,6841807.0
2025-09-05T18:30:00+00:00,645.6900024414062,647.4099731445312,645.6900024414062,647.1099853515625,7957841.0
2025-09-05T19:30:00+00:00,647.1199951171875,647.27001953125,646.1500244140625,647.219970703125,10760405.0
2025-09-08T13:30:00+00:00,648.6199951171875,649.0599975585938,647.75,648.77001953125,13481096.0
2025-09-08T14:30:00+00:00,648.7550048828125,649.8099975585938,648.6599731445312,649.7999877929688,7135597.0
2025-09-08T15:30:00+00:00,649.7899780273438,649.8400268554688,648.3800048828125,648.6300048828125,6038479.0
2025-09-08T16:30:00+00:00,648.6300048828125,648.8049926757812,647.780029296875,648.47998046875,4756519.0
2025-09-08T17:30:00+00:00,648.4899291992188,648.6799926757812,647.22998046875,648.39501953125,5100378.0
2025-09-08T18:30:00+00:00,648.3900146484375,648.5800170898438,647.3350219726562,647.5800170898438,6386745.0
2025-09-08T19:30:00+00:00,647.5800170898438,648.8800048828125,647.469970703125,648.7999877929688,13039200.0
2025-09-09T13:30:00+00:00,648.9500122070312,649.72998046875,648.4299926757812,648.7550048828125,11801878.0
2025-09-09T14:30:00+00:00,648.739990234375,648.8350219726562,647.219970703125,648.77001953125,8956271.0
2025-09-09T15:30:00+00:00,648.760009765625,649.0599975585938,648.0399780273438,648.8599853515625,5762849.0
2025-09-09T16:30:00+00:00,648.85498046875,649.7999877929688,648.7650146484375,649.5650024414062,5588037.0
2025-09-09T17:30:00+00:00,649.5650024414062,649.989990234375,649.47998046875,649.8300170898438,5078696.0
2025-09-09T18:30:00+00:00,649.8400268554688,650.1400146484375,649.5499877929688,650.0650024414062,5862620.0
2025-09-09T19:30:00+00:00,650.0650024414062,650.8599853515625,649.6950073242188,650.3200073242188,8924328.0
2025-09-10T13:30:00+00:00,653.6199951171875,654.5499877929688,652.6799926757812,653.9400024414062,16823094.0
2025-09-10T14:30:00+00:00,653.9099731445312,654.030029296875,652.4600219726562,652.8200073242188,13613736.0
2025-09-10T15:30:00+00:00,652.8300170898438,653.6300048828125,652.340087890625,652.635009765625,6593820.0
2025-09-10T16:30:00+00:00,652.6400146484375,653.4600219726562,652.1099853515625,652.2899780273438,5272581.0
2025-09-10T17:30:00+00:00,652.2899780273438,652.719970703125,651.4000244140625,651.6900024414062,7186079.0
2025-09-10T18:30:00+00:00,651.6900024414062,652.139892578125,650.6300048828125,650.8400268554688,8818529.0
2025-09-10T19:30:00+00:00,650.9299926757812,652.7000122070312,650.6900024414062,652.2249755859375,10906819.0
2025-09-11T13:30:00+00:00,654.219970703125,656.25,653.5900268554688,655.9600219726562,16171940.0
2025-09-11T14:30:00+00:00,655.9550170898438,657.5900268554688,655.85498046875,657.4199829101562,9213273.0
2025-09-11T15:30:00+00:00,657.4199829101562,657.7999877929688,656.6400146484375,657.3499755859375,7414883.0
2025-09-11T16:30:00+00:00,657.3599853515625,657.5549926757812,656.85498046875,657.1199951171875,4417784.0
2025-09-11T17:30:00+00:00,657.114990234375,657.6599731445312,657.010009765625,657.3300170898438,6687601.0
2025-09-11T18:30:00+00:00,657.3300170898438,657.8300170898438,657.1599731445312,657.760009765625,7191749.0
2025-09-11T19:30:00+00:00,657.75,658.3300170898438,657.4650268554688,657.5900268554688,11803102.0
2025-09-12T13:30:00+00:00,657.5999755859375,658.2000122070312,657.14501953125,657.969970703125,12826070.0
2025-09-12T14:30:00+00:00,657.9600219726562,658.47998046875,657.6199951171875,657.6400146484375,6657943.0
2025-09-12T15:30:00+00:00,657.6400146484375,658.0599975585938,657.2100219726562,658.0499877929688,5222339.0
2025-09-12T16:30:00+00:00,658.0499877929688,658.280029296875,657.6500244140625,658.0999755859375,4933029.0
2025-09-12T17:30:00+00:00,658.0999755859375,658.5650024414062,657.9000244140625,658.5050048828125,5524799.0
2025-09-12T18:30:00+00:00,658.5050048828125,659.1099853515625,658.0700073242188,658.1699829101562,10941027.0
2025-09-12T19:30:00+00:00,658.1699829101562,658.3300170898438,656.9000244140625,657.4000244140625,17151968.0
2025-09-15T13:30:00+00:00,659.6400146484375,660.7349853515625,659.47998046875,660.6799926757812,13649223.0
2025-09-15T14:30:00+00:00,660.6599731445312,661.0399780273438,660.22998046875,660.3594970703125,8066227.0
2025-09-15T15:30:00+00:00,660.3499755859375,660.8900756835938,660.239990234375,660.6019897460938,5842420.0
2025-09-15T16:30:00+00:00,660.60498046875,660.8798828125,659.530029296875,659.75,6631436.0
2025-09-15T17:30:00+00:00,659.739990234375,660.6599731445312,659.7000122070312,659.9000244140625,6130503.0
2025-09-15T18:30:00+00:00,659.9000244140625,660.1599731445312,659.3400268554688,660.0700073242188,7749230.0
2025-09-15T19:30:00+00:00,660.0700073242188,660.9099731445312,659.760009765625,660.8499755859375,10465177.0
2025-09-16T13:30:00+00:00,661.469970703125,661.780029296875,659.6300048828125,659.9450073242188,15146686.0
2025-09-16T14:30:00+00:00,659.9400024414062,660.2999877929688,659.3900146484375,659.6300048828125,7296988.0
2025-09-16T15:30:00+00:00,659.6199951171875,659.9600219726562,659.2100219726562,659.905029296875,5532832.0
2025-09-16T16:30:00+00:00,659.9000244140625,660.4400024414062,659.47998046875,660.260009765625,4755497.0
2025-09-16T17:30:00+00:00,660.27001953125,660.405029296875,659.9266967773438,660.1900024414062,6623488.0
2025-09-16T18:30:00+00:00,660.2000122070312,660.739990234375,660.030029296875,660.14501953125,5749803.0
2025-09-16T19:30:00+00:00,660.1400146484375,660.6599731445312,659.6799926757812,659.9299926757812,10301559.0
2025-09-17T13:30:00+00:00,660.010009765625,660.655029296875,659.0900268554688,659.1599731445312,12506869.0
2025-09-17T14:30:00+00:00,659.1699829101562,659.6699829101562,658.864990234375,658.9400024414062,5950179.0
2025-09-17T15:30:00+00:00,658.9450073242188,659.3400268554688,658.72998046875,658.9299926757812,4063655.0
2025-09-17T16:30:00+00:00,658.9299926757812,658.9849853515625,658.1300048828125,658.64501953125,4722269.0
2025-09-17T17:30:00+00:00,658.6500244140625,661.719970703125,657.1300048828125,660.3499755859375,15840689.0
2025-09-17T18:30:00+00:00,660.3599853515625,660.6799926757812,654.2999877929688,660.1849975585938,27740819.0
2025-09-17T19:30:00+00:00,660.2000122070312,660.5700073242188,658.5,659.1799926757812,12745726.0
2025-09-18T13:30:00+00:00,661.8900146484375,664.489990234375,660.27001953125,664.4000244140625,24244720.0
2025-09-18T14:30:00+00:00,664.3800048828125,664.8900146484375,662.5999755859375,663.3250122070312,12625429.0
2025-09-18T15:30:00+00:00,663.3099975585938,663.9400024414062,662.1751098632812,663.4600219726562,7237612.0
2025-09-18T16:30:00+00:00,663.4600219726562,664.22998046875,663.2650146484375,663.3200073242188,8317397.0
2025-09-18T17:30:00+00:00,663.3200073242188,663.4500122070312,662.52001953125,662.7750244140625,6144700.0
2025-09-18T18:30:00+00:00,662.780029296875,663.510009765625,662.3400268554688,662.7100219726562,10496656.0
2025-09-18T19:30:00+00:00,662.7000122070312,663.0399780273438,661.9550170898438,662.2899780273438,14777202.0
2025-09-19T13:30:00+00:00,662.3300170898438,662.7000122070312,661.3200073242188,661.9199829101562,17300683.0
2025-09-19T14:30:00+00:00,661.9000244140625,662.2100219726562,660.6300048828125,660.760009765625,17767234.0
2025-09-19T15:30:00+00:00,660.739990234375,662.6799926757812,660.3699951171875,662.489990234375,7518824.0
2025-09-19T16:30:00+00:00,662.47998046875,662.760009765625,662.1300048828125,662.47998046875,4839739.0
2025-09-19T17:30:00+00:00,662.47998046875,662.8900146484375,662.3250122070312,662.530029296875,6925276.0
2025-09-19T18:30:00+00:00,662.52001953125,664.0499267578125,662.4199829101562,663.7999877929688,12608861.0
2025-09-19T19:30:00+00:00,663.7899780273438,664.5499877929688,663.385009765625,663.6199951171875,14869578.0
2025-09-22T13:30:00+00:00,662.2000122070312,664.1400146484375,662.1699829101562,664.0800170898438,13884703.0
2025-09-22T14:30:00+00:00,664.0700073242188,665.3200073242188,663.89501953125,664.9400024414062,8130257.0
2025-09-22T15:30:00+00:00,664.9400024414062,665.9299926757812,664.47998046875,665.844970703125,9505466.0
2025-09-22T16:30:00+00:00,665.844970703125,666.530029296875,665.7899780273438,666.510009765625,6543543.0
2025-09-22T17:30:00+00:00,666.5050048828125,666.780029296875,666.030029296875,666.5650024414062,6971116.0
2025-09-22T18:30:00+00:00,666.5700073242188,667.239990234375,666.4600219726562,667.1420288085938,5743352.0
2025-09-22T19:30:00+00:00,667.1400146484375,667.2899780273438,666.7100219726562,666.780029296875,11300614.0
2025-09-23T13:30:00+00:00,666.719970703125,667.3400268554688,666.3599853515625,666.6199951171875,13063179.0
2025-09-23T14:30:00+00:00,666.6300048828125,666.760009765625,666.02001953125,666.1500244140625,6214358.0
2025-09-23T15:30:00+00:00,666.1500244140625,666.239990234375,664.969970703125,665.239990234375,9082129.0
2025-09-23T16:30:00+00:00,665.2349853515625,665.8400268554688,663.6900024414062,663.7080078125,8996590.0
2025-09-23T17:30:00+00:00,663.7000732421875,663.8499755859375,662.0349731445312,662.6749877929688,12461158.0
2025-09-23T18:30:00+00:00,662.6500244140625,663.3198852539062,661.97998046875,662.369873046875,8850450.0
2025-09-23T19:30:00+00:00,662.3699951171875,663.5399780273438,662.2899780273438,663.25,11972191.0
2025-09-24T13:30:00+00:00,664.510009765625,664.6099853515625,662.4199829101562,663.2100219726562,13639550.0
2025-09-24T14:30:00+00:00,663.1900024414062,663.655029296875,662.4000244140625,662.6599731445312,6498506.0
2025-09-24T15:30:00+00:00,662.6500244140625,662.6849975585938,659.6699829101562,660.9099731445312,12123896.0
2025-09-24T16:30:00+00:00,660.9199829101562,661.6799926757812,660.4000244140625,661.3699951171875,5690222.0
2025-09-24T17:30:00+00:00,661.3800048828125,661.7999877929688,659.9600219726562,660.385009765625,7757971.0
2025-09-24T18:30:00+00:00,660.3900146484375,661.1500244140625,660.260009765625,660.7949829101562,5940362.0
2025-09-24T19:30:00+00:00,660.8099975585938,661.3800048828125,660.4849853515625,661.030029296875,9069454.0
2025-09-25T13:30:00+00:00,657.9400024414062,659.1500244140625,655.0800170898438,658.47998046875,23644624.0
2025-09-25T14:30:00+00:00,658.47998046875,659.0999755859375,657.1900024414062,657.4600219726562,9814871.0
2025-09-25T15:30:00+00:00,657.4600219726562,659.4055786132812,657.4600219726562,658.010009765625,8274490.0
2025-09-25T16:30:00+00:00,658.030029296875,658.97998046875,656.5700073242188,657.2949829101562,10272939.0
2025-09-25T17:30:00+00:00,657.280029296875,657.4650268554688,654.405029296875,656.989990234375,12371948.0
2025-09-25T18:30:00+00:00,656.97998046875,658.155029296875,656.6599731445312,657.4500122070312,8568172.0
2025-09-25T19:30:00+00:00,657.4500122070312,658.260009765625,657.0399780273438,657.9500122070312,8707290.0
2025-09-26T13:30:00+00:00,659.510009765625,662.3699951171875,657.8800048828125,658.781005859375,20562031.0
2025-09-26T14:30:00+00:00,658.7899780273438,659.9600219726562,658.0499877929688,659.9299926757812,7551046.0
2025-09-26T15:30:00+00:00,659.9149780273438,660.760009765625,658.5,660.4534301757812,6363666.0
2025-09-26T16:30:00+00:00,660.4498901367188,661.739990234375,660.0700073242188,661.625,5508795.0
2025-09-26T17:30:00+00:00,661.6300048828125,662.02001953125,660.760009765625,661.7249755859375,6617197.0
2025-09-26T18:30:00+00:00,661.739990234375,662.1400146484375,661.2999877929688,661.5999755859375,5979841.0
2025-09-26T19:30:00+00:00,661.6019897460938,661.9500122070312,661.1500244140625,661.72998046875,7834233.0
2025-09-29T13:30:00+00:00,664.3599853515625,665.280029296875,663.7249755859375,664.760009765625,15104673.0
2025-09-29T14:30:00+00:00,664.760009765625,665.1699829101562,663.2100219726562,663.530029296875,8385751.0
2025-09-29T15:30:00+00:00,663.5399780273438,663.7999877929688,662.8400268554688,663.469970703125,8758148.0
2025-09-29T16:30:00+00:00,663.47998046875,663.7000122070312,662.4000244140625,662.5599975585938,6030863.0
2025-09-29T17:30:00+00:00,662.5700073242188,663.594970703125,662.1900024414062,663.4600219726562,6650786.0
2025-09-29T18:30:00+00:00,663.469970703125,663.5800170898438,661.8599853515625,662.64501953125,10539508.0
2025-09-29T19:30:00+00:00,662.6400146484375,663.760009765625,662.6099853515625,663.5999755859375,11788604.0
2025-09-30T13:30:00+00:00,662.9299926757812,663.5512084960938,661.9692993164062,662.8571166992188,13066169.0
2025-09-30T14:30:00+00:00,662.8499755859375,663.6300048828125,661.6099853515625,662.22998046875,8070430.0
2025-09-30T15:30:00+00:00,662.2249755859375,664.0526733398438,661.8900146484375,663.405029296875,6960740.0
2025-09-30T16:30:00+00:00,663.4099731445312,663.6649780273438,661.780029296875,662.1300048828125,5151325.0
2025-09-30T17:30:00+00:00,662.1199951171875,664.030029296875,661.81201171875,663.8800048828125,7590620.0
2025-09-30T18:30:00+00:00,663.8699951171875,665.510009765625,663.5999755859375,665.3699951171875,9881494.0
2025-09-30T19:30:00+00:00,665.3800048828125,666.6500244140625,664.8499755859375,666.0900268554688,18846226.0
2025-10-01T13:30:00+00:00,663.1699829101562,665.7100219726562,663.0599975585938,665.530029296875,18154671.0
2025-10-01T14:30:00+00:00,665.530029296875,666.4400024414062,665.260009765625,666.3099975585938,8646721.0
2025-10-01T15:30:00+00:00,666.3099975585938,667.1799926757812,666.3099975585938,666.9199829101562,7262678.0
2025-10-01T16:30:00+00:00,666.9199829101562,668.0900268554688,666.4299926757812,667.969970703125,6252656.0
2025-10-01T17:30:00+00:00,667.97998046875,668.9349975585938,667.60498046875,668.77001953125,6268760.0
2025-10-01T18:30:00+00:00,668.7750244140625,669.3699951171875,668.7249755859375,669.125,6834344.0
2025-10-01T19:30:00+00:00,669.1199951171875,669.260009765625,668.489990234375,668.5,10307010.0
2025-10-02T13:30:00+00:00,670.4500122070312,670.5650024414062,668.2899780273438,668.7113037109375,13815065.0
2025-10-02T14:30:00+00:00,668.719970703125,669.02001953125,667.02001953125,667.6699829101562,7791031.0
2025-10-02T15:30:00+00:00,667.6488037109375,668.4199829101562,666.780029296875,668.138916015625,4921293.0
2025-10-02T16:30:00+00:00,668.1300048828125,668.7100219726562,667.5499877929688,668.5098876953125,4611526.0
2025-10-02T17:30:00+00:00,668.510009765625,669.6699829101562,668.3319091796875,669.5800170898438,5242120.0
2025-10-02T18:30:00+00:00,669.5800170898438,669.72998046875,669.219970703125,669.4749755859375,5449532.0
2025-10-02T19:30:00+00:00,669.47998046875,669.489990234375,668.8200073242188,669.1500244140625,10026555.0
2025-10-03T13:30:00+00:00,669.989990234375,671.5700073242188,669.9299926757812,671.3831787109375,11865676.0
2025-10-03T14:30:00+00:00,671.39501953125,672.280029296875,671.3200073242188,671.7713012695312,6954102.0
2025-10-03T15:30:00+00:00,671.77001953125,672.6749877929688,671.3499755859375,672.4600219726562,5755756.0
2025-10-03T16:30:00+00:00,672.4500122070312,672.5449829101562,670.3200073242188,670.3300170898438,8819600.0
2025-10-03T17:30:00+00:00,670.3300170898438,670.9500122070312,668.1599731445312,670.52001953125,14522789.0
2025-10-03T18:30:00+00:00,670.5369873046875,670.6849975585938,669.280029296875,669.6199951171875,7959881.0
2025-10-03T19:30:00+00:00,669.6099853515625,670.239990234375,668.780029296875,669.2000122070312,8300782.0
2025-10-06T13:30:00+00:00,671.6199951171875,671.6500244140625,669.4550170898438,670.5150146484375,15655077.0
2025-10-06T14:30:00+00:00,670.5150146484375,671.375,670.14501953125,671.1500244140625,6383341.0
2025-10-06T15:30:00+00:00,671.1500244140625,671.9249877929688,671.0449829101562,671.8206787109375,5241048.0
2025-10-06T16:30:00+00:00,671.8300170898438,672.3200073242188,671.3300170898438,672.0599975585938,4672135.0
2025-10-06T17:30:00+00:00,672.0800170898438,672.469970703125,671.7899780273438,672.239990234375,5141450.0
2025-10-06T18:30:00+00:00,672.2484130859375,672.510009765625,671.6500244140625,671.7550048828125,5150909.0
2025-10-06T19:30:00+00:00,671.75,672.0900268554688,671.5399780273438,671.5800170898438,7648168.0
2025-10-07T13:30:00+00:00,672.5399780273438,672.989990234375,671.260009765625,671.27001953125,11873049.0
2025-10-07T14:30:00+00:00,671.2750244140625,671.6900024414062,668.8099975585938,669.2899780273438,16047849.0
2025-10-07T15:30:00+00:00,669.280029296875,669.4000244140625,667.6699829101562,668.4000244140625,14096923.0
2025-10-07T16:30:00+00:00,668.4000244140625,669.5399780273438,668.1300048828125,668.989990234375,6479381.0
2025-10-07T17:30:00+00:00,668.9199829101562,669.1900024414062,667.8099975585938,668.6295776367188,5017731.0
2025-10-07T18:30:00+00:00,668.625,669.1400146484375,668.530029296875,668.5700073242188,4651374.0
2025-10-07T19:30:00+00:00,668.5700073242188,669.4000244140625,668.5499877929688,669.1300048828125,7511055.0
2025-10-08T13:30:00+00:00,670.25,671.9600219726562,669.4199829101562,671.8900146484375,14327924.0
2025-10-08T14:30:00+00:00,671.885009765625,672.72998046875,671.3400268554688,672.5449829101562,8297307.0
2025-10-08T15:30:00+00:00,672.5399780273438,673.0985107421875,672.3599853515625,672.6400146484375,5306939.0
2025-10-08T16:30:00+00:00,672.6400146484375,673.030029296875,672.22998046875,672.89501953125,3676009.0
2025-10-08T17:30:00+00:00,672.89501953125,673.1400146484375,672.469970703125,672.7999877929688,6051176.0
2025-10-08T18:30:00+00:00,672.8099975585938,673.010009765625,672.1500244140625,672.89501953125,6435076.0
2025-10-08T19:30:00+00:00,672.8900146484375,673.2056274414062,672.6599731445312,673.0399780273438,8920441.0
2025-10-09T13:30:00+00:00,673.530029296875,673.9400024414062,671.1199951171875,671.2249755859375,15147011.0
2025-10-09T14:30:00+00:00,671.22998046875,671.8510131835938,669.969970703125,670.75,9564888.0
2025-10-09T15:30:00+00:00,670.75,671.5800170898438,669.989990234375,670.9650268554688,5923568.0
2025-10-09T16:30:00+00:00,670.969970703125,671.125,669.3400268554688,669.4688110351562,6897227.0
2025-10-09T17:30:00+00:00,669.4600219726562,670.3800048828125,669.2100219726562,669.8200073242188,5446757.0
2025-10-09T18:30:00+00:00,669.8099975585938,670.6699829101562,669.5184936523438,670.510009765625,6268770.0
2025-10-09T19:30:00+00:00,670.510009765625,671.260009765625,670.4400024414062,671.1900024414062,10149816.0
2025-10-10T13:30:00+00:00,672.1300048828125,673.9500122070312,671.7999877929688,672.5700073242188,13260158.0
2025-10-10T14:30:00+00:00,672.5900268554688,673.0650024414062,661.9299926757812,662.4400024414062,36483123.0
2025-10-10T15:30:00+00:00,662.4400024414062,664.0900268554688,659.469970703125,661.5700073242188,29203197.0
2025-10-10T16:30:00+00:00,661.5800170898438,662.755615234375,657.739990234375,659.780029296875,14381583.0
2025-10-10T17:30:00+00:00,659.77001953125,660.9299926757812,658.6400146484375,659.0999755859375,10836324.0
2025-10-10T18:30:00+00:00,659.0999755859375,659.510009765625,655.510009765625,655.989990234375,15751204.0
2025-10-10T19:30:00+00:00,656.010009765625,656.8099975585938,652.8400268554688,653.1099853515625,21676584.0
2025-10-13T13:30:00+00:00,660.6500244140625,663.22998046875,659.7999877929688,660.8499755859375,24424144.0
2025-10-13T14:30:00+00:00,660.8800048828125,662.8499755859375,659.7678833007812,662.719970703125,10043849.0
2025-10-13T15:30:00+00:00,662.719970703125,665.1300048828125,662.22998046875,663.489990234375,8366147.0
2025-10-13T16:30:00+00:00,663.4849853515625,664.6099853515625,662.9149780273438,663.1199951171875,6822830.0
2025-10-13T17:30:00+00:00,663.1300048828125,664.0499877929688,662.3699951171875,663.9400024414062,4946834.0
2025-10-13T18:30:00+00:00,663.9349975585938,664.27001953125,661.6799926757812,662.8192749023438,8823369.0
2025-10-13T19:30:00+00:00,662.7999877929688,663.6500244140625,662.6300048828125,663.0499877929688,9545246.0
2025-10-14T13:30:00+00:00,657.1699829101562,659.9099731445312,653.1699829101562,659.7899780273438,23138635.0
2025-10-14T14:30:00+00:00,659.780029296875,661.1099853515625,659.040771484375,659.6749877929688,9588837.0
2025-10-14T15:30:00+00:00,659.6799926757812,663.9600219726562,659.6400146484375,663.635009765625,9877089.0
2025-10-14T16:30:00+00:00,663.6400146484375,665.6400146484375,663.5700073242188,665.3499755859375,8813731.0
2025-10-14T17:30:00+00:00,665.3400268554688,665.8300170898438,664.3900146484375,665.1199951171875,5560954.0
2025-10-14T18:30:00+00:00,665.1099853515625,665.3599853515625,664.4520263671875,664.7899780273438,5388867.0
2025-10-14T19:30:00+00:00,664.7899780273438,664.7999877929688,660.280029296875,662.2000122070312,19606185.0
2025-10-15T13:30:00+00:00,666.8200073242188,670.22998046875,666.0499877929688,669.6099853515625,17433368.0
2025-10-15T14:30:00+00:00,669.6300048828125,669.89501953125,667.6500244140625,667.7100219726562,5999554.0
2025-10-15T15:30:00+00:00,667.6900024414062,667.8400268554688,663.9149780273438,665.5900268554688,11444331.0
2025-10-15T16:30:00+00:00,665.5800170898438,665.760009765625,658.9299926757812,660.8599853515625,12909879.0
2025-10-15T17:30:00+00:00,660.8900146484375,664.9099731445312,660.7000122070312,664.3109741210938,7507498.0
2025-10-15T18:30:00+00:00,664.3200073242188,665.8364868164062,664.1900024414062,665.3599853515625,6421466.0
2025-10-15T19:30:00+00:00,665.3699951171875,665.4600219726562,663.25,665.0800170898438,13960458.0
2025-10-16T13:30:00+00:00,666.8200073242188,668.0800170898438,665.4199829101562,666.9299926757812,16329797.0
2025-10-16T14:30:00+00:00,666.9500122070312,668.7100219726562,665.469970703125,665.8150024414062,10033189.0
2025-10-16T15:30:00+00:00,665.8099975585938,666.780029296875,662.2899780273438,662.469970703125,12944749.0
2025-10-16T16:30:00+00:00,662.47998046875,664.260009765625,659.3300170898438,663.5040283203125,19064371.0
2025-10-16T17:30:00+00:00,663.510009765625,664.0,657.4500122070312,658.385009765625,13512845.0
2025-10-16T18:30:00+00:00,658.3900146484375,660.9298706054688,657.1099853515625,658.9099731445312,14584616.0
2025-10-16T19:30:00+00:00,658.9199829101562,661.25,658.1400146484375,660.6699829101562,14019337.0
2025-10-17T13:30:00+00:00,659.5,663.7150268554688,658.22998046875,662.3099975585938,25472776.0
2025-10-17T14:30:00+00:00,662.3099975585938,662.4000244140625,658.510009765625,659.4199829101562,14665976.0
2025-10-17T15:30:00+00:00,659.4400024414062,663.3599853515625,658.1400146484375,663.1099853515625,10154976.0
2025-10-17T16:30:00+00:00,663.1300048828125,663.635009765625,660.5499877929688,661.1900024414062,6951317.0
2025-10-17T17:30:00+00:00,661.1599731445312,665.0399780273438,660.7100219726562,664.6300048828125,8819016.0
2025-10-17T18:30:00+00:00,664.6500244140625,665.7550048828125,664.030029296875,665.1300048828125,8491669.0
2025-10-17T19:30:00+00:00,665.1300048828125,665.1300048828125,664.030029296875,664.3200073242188,10296849.0
2025-10-20T13:30:00+00:00,667.3200073242188,670.3900146484375,667.27001953125,670.2650146484375,13682235.0
2025-10-20T14:30:00+00:00,670.260009765625,671.4600219726562,669.8099975585938,670.9199829101562,8249861.0
2025-10-20T15:30:00+00:00,670.9299926757812,671.3099975585938,670.1599731445312,670.8099975585938,7691863.0
2025-10-20T16:30:00+00:00,670.8049926757812,672.010009765625,670.2999877929688,671.6099243164062,4774133.0
2025-10-20T17:30:00+00:00,671.6099853515625,672.2100219726562,671.5449829101562,671.8413696289062,4078188.0
2025-10-20T18:30:00+00:00,671.8499755859375,672.030029296875,671.1749877929688,671.7100219726562,5444832.0
2025-10-20T19:30:00+00:00,671.719970703125,672.0999755859375,671.2000122070312,671.260009765625,8971962.0
2025-10-21T13:30:00+00:00,671.4400024414062,671.9000244140625,669.9810180664062,670.5999755859375,11806908.0
2025-10-21T14:30:00+00:00,670.5900268554688,672.7313232421875,670.260009765625,671.9000244140625,9463513.0
2025-10-21T15:30:00+00:00,671.9000244140625,672.6900024414062,671.4000244140625,672.6300048828125,5766149.0
2025-10-21T16:30:00+00:00,672.6500244140625,672.989990234375,670.760009765625,671.6099853515625,7703827.0
2025-10-21T17:30:00+00:00,671.625,672.52001953125,671.25,672.280029296875,4486077.0
2025-10-21T18:30:00+00:00,672.280029296875,672.4299926757812,671.6900024414062,671.905029296875,4864153.0
2025-10-21T19:30:00+00:00,671.9000244140625,672.4000244140625,671.1599731445312,671.25,6694212.0
2025-10-22T13:30:00+00:00,672.0,672.0,669.3250122070312,669.4299926757812,10333100.0
2025-10-22T14:30:00+00:00,669.4500122070312,670.4099731445312,667.5999755859375,667.8499755859375,11308219.0
2025-10-22T15:30:00+00:00,667.8599853515625,669.7650146484375,667.1500244140625,667.6199951171875,6656966.0
2025-10-22T16:30:00+00:00,667.5900268554688,668.219970703125,664.010009765625,665.4199829101562,15215927.0
2025-10-22T17:30:00+00:00,665.4099731445312,666.2000122070312,663.2999877929688,665.673095703125,9837181.0
2025-10-22T18:30:00+00:00,665.6599731445312,667.6400146484375,665.0499877929688,667.4299926757812,10281771.0
2025-10-22T19:30:00+00:00,667.4201049804688,668.3599853515625,667.2999877929688,667.8099975585938,10558184.0
2025-10-23T13:30:00+00:00,668.1199951171875,670.739990234375,667.7999877929688,669.4000244140625,13386251.0
2025-10-23T14:30:00+00:00,669.4000244140625,670.3900146484375,668.989990234375,670.0399780273438,6176978.0
2025-10-23T15:30:00+00:00,670.030029296875,671.0800170898438,668.72998046875,670.5399780273438,5485990.0
2025-10-23T16:30:00+00:00,670.5399780273438,671.6500244140625,670.4000244140625,671.010009765625,6176660.0
2025-10-23T17:30:00+00:00,671.0150146484375,672.5499877929688,670.9902954101562,672.489990234375,6679689.0
2025-10-23T18:30:00+00:00,672.4849853515625,672.7100830078125,672.27001953125,672.4509887695312,7558689.0
2025-10-23T19:30:00+00:00,672.4500122070312,672.4500122070312,671.2999877929688,671.6099853515625,11964817.0
2025-10-24T13:30:00+00:00,676.4600219726562,677.9400024414062,675.6500244140625,676.780029296875,15088350.0
2025-10-24T14:30:00+00:00,676.760009765625,678.3800048828125,675.9099731445312,678.1500244140625,9123041.0
2025-10-24T15:30:00+00:00,678.1900024414062,678.4600219726562,677.469970703125,677.885009765625,6316492.0
2025-10-24T16:30:00+00:00,677.8900146484375,678.2451782226562,677.2100219726562,678.0599975585938,4618665.0
2025-10-24T17:30:00+00:00,678.052001953125,678.4299926757812,677.8699951171875,678.1699829101562,3849094.0
2025-10-24T18:30:00+00:00,678.1599731445312,678.469970703125,677.75,678.2420043945312,5141529.0
2025-10-24T19:30:00+00:00,678.239990234375,678.27001953125,676.7650146484375,677.1099853515625,14980081.0
2025-10-27T13:30:00+00:00,682.72998046875,683.6099853515625,682.114990234375,683.030029296875,14388923.0
2025-10-27T14:30:00+00:00,683.030029296875,683.3699951171875,682.5499877929688,683.3599853515625,6305695.0
2025-10-27T15:30:00+00:00,683.3599853515625,683.780029296875,683.2000122070312,683.5,5122235.0
2025-10-27T16:30:00+00:00,683.510009765625,683.8800048828125,683.1699829101562,683.4398803710938,4548864.0
2025-10-27T17:30:00+00:00,683.4400024414062,683.989990234375,683.3150024414062,683.8499755859375,5052167.0
2025-10-27T18:30:00+00:00,683.85498046875,684.2899780273438,683.85498046875,684.22998046875,6131972.0
2025-10-27T19:30:00+00:00,684.22998046875,685.5399780273438,684.1849975585938,685.1900024414062,13299437.0
2025-10-28T13:30:00+00:00,687.0499877929688,687.2249755859375,685.1199951171875,686.1300048828125,11751742.0
2025-10-28T14:30:00+00:00,686.1199951171875,686.3699951171875,685.3699951171875,685.530029296875,6552327.0
2025-10-28T15:30:00+00:00,685.52001953125,686.2244873046875,684.8300170898438,686.1820068359375,4795708.0
2025-10-28T16:30:00+00:00,686.1799926757812,688.3200073242188,686.0599975585938,687.010009765625,6949015.0
2025-10-28T17:30:00+00:00,687.02001953125,688.4000244140625,686.875,688.051025390625,5511839.0
2025-10-28T18:30:00+00:00,688.0549926757812,688.905029296875,687.780029296875,688.6900024414062,7446727.0
2025-10-28T19:30:00+00:00,688.7000122070312,688.7100219726562,686.905029296875,686.97998046875,11437551.0
2025-10-29T13:30:00+00:00,688.719970703125,689.7000122070312,688.1500244140625,688.97998046875,13854605.0
2025-10-29T14:30:00+00:00,688.97998046875,689.110107421875,687.8099975585938,688.3099975585938,11165854.0
2025-10-29T15:30:00+00:00,688.3200073242188,688.530029296875,687.5900268554688,688.469970703125,7199840.0
2025-10-29T16:30:00+00:00,688.469970703125,688.8099975585938,687.739990234375,687.9299926757812,3626569.0
2025-10-29T17:30:00+00:00,687.8900146484375,688.9400024414062,687.3300170898438,688.010009765625,6768542.0
2025-10-29T18:30:00+00:00,688.0,688.719970703125,682.8699951171875,685.4299926757812,23454876.0
2025-10-29T19:30:00+00:00,685.3900146484375,687.3599853515625,684.0499877929688,687.2999877929688,11501712.0
2025-10-30T13:30:00+00:00,683.9000244140625,685.9400024414062,681.3900146484375,683.469970703125,18837297.0
2025-10-30T14:30:00+00:00,683.4600219726562,685.719970703125,683.4099731445312,684.7999877929688,6813187.0
2025-10-30T15:30:00+00:00,684.7999877929688,685.1500244140625,683.010009765625,684.9299926757812,6261673.0
2025-10-30T16:30:00+00:00,684.9500122070312,684.9500122070312,683.0700073242188,684.4000244140625,5035455.0
2025-10-30T17:30:00+00:00,684.4000244140625,684.6400146484375,682.5399780273438,682.9400024414062,6153682.0
2025-10-30T18:30:00+00:00,682.9299926757812,683.489990234375,680.3400268554688,681.280029296875,9536437.0
2025-10-30T19:30:00+00:00,681.2899780273438,681.9849853515625,679.8599853515625,679.969970703125,13490572.0
2025-10-31T13:30:00+00:00,685.0399780273438,685.0800170898438,682.2100219726562,683.25,14350210.0
2025-10-31T14:30:00+00:00,683.239990234375,684.75,683.0900268554688,683.739990234375,6749024.0
2025-10-31T15:30:00+00:00,683.75,684.1799926757812,680.510009765625,681.77001953125,11407525.0
2025-10-31T16:30:00+00:00,681.760009765625,682.4500122070312,679.239990234375,679.7899780273438,7940723.0
2025-10-31T17:30:00+00:00,679.7999877929688,682.4400024414062,679.4299926757812,682.3099975585938,7245133.0
2025-10-31T18:30:00+00:00,682.3200073242188,684.280029296875,681.72998046875,684.1099853515625,8229578.0
2025-10-31T19:30:00+00:00,684.0900268554688,684.7999877929688,681.9299926757812,681.9749755859375,19675444.0
2025-11-03T14:30:00+00:00,685.6699829101562,685.7999877929688,680.239990234375,680.4600219726562,15033447.0
2025-11-03T15:30:00+00:00,680.4500122070312,682.8599853515625,679.9400024414062,682.0501098632812,6734250.0
2025-11-03T16:30:00+00:00,682.0599975585938,683.9000244140625,681.9500122070312,682.7479858398438,4962814.0
2025-11-03T17:30:00+00:00,682.75,684.2100219726562,682.72998046875,683.6300048828125,3456101.0
2025-11-03T18:30:00+00:00,683.6400146484375,684.22998046875,683.0800170898438,683.260009765625,4071677.0
2025-11-03T19:30:00+00:00,683.25,683.655029296875,682.5800170898438,683.1300048828125,6422260.0
2025-11-03T20:30:00+00:00,683.1400146484375,683.3800048828125,682.4500122070312,683.3499755859375,9788794.0
2025-11-04T14:30:00+00:00,676.1099853515625,679.64501953125,674.6699829101562,679.3200073242188,17674626.0
2025-11-04T15:30:00+00:00,679.3200073242188,679.9600219726562,677.5599975585938,678.2000122070312,7140950.0
2025-11-04T16:30:00+00:00,678.2100219726562,678.6300048828125,675.6799926757812,676.9299926757812,7361680.0
2025-11-04T17:30:00+00:00,676.9299926757812,677.25,674.97998046875,675.25,6018757.0
2025-11-04T18:30:00+00:00,675.25,676.6799926757812,674.7100219726562,676.2949829101562,8127022.0
2025-11-04T19:30:00+00:00,676.2899780273438,676.375,674.5800170898438,675.9600219726562,9265368.0
2025-11-04T20:30:00+00:00,675.969970703125,676.5349731445312,674.614990234375,675.3400268554688,14041781.0
2025-11-05T14:30:00+00:00,674.97998046875,678.0900268554688,674.1699829101562,677.4400024414062,16529139.0
2025-11-05T15:30:00+00:00,677.4349975585938,678.3984985351562,676.760009765625,678.2899780273438,7754225.0
2025-11-05T16:30:00+00:00,678.27001953125,680.0999755859375,678.0850219726562,680.0458984375,6475145.0
2025-11-05T17:30:00+00:00,680.0499877929688,680.8599243164062,679.9400024414062,680.4099731445312,6079943.0
2025-11-05T18:30:00+00:00,680.4000244140625,680.8599853515625,679.739990234375,680.2100219726562,4969954.0
2025-11-05T19:30:00+00:00,680.2100219726562,680.52001953125,679.6699829101562,679.760009765625,6145774.0
2025-11-05T20:30:00+00:00,679.760009765625,679.864990234375,677.4000244140625,677.5,13994312.0
2025-11-06T14:30:00+00:00,676.469970703125,677.3800048828125,672.52001953125,674.5399169921875,16428944.0
2025-11-06T15:30:00+00:00,674.5399780273438,674.6699829101562,670.219970703125,671.4099731445312,13018591.0
2025-11-06T16:30:00+00:00,671.4099731445312,671.4099731445312,668.719970703125,669.5850219726562,8873590.0
2025-11-06T17:30:00+00:00,669.5800170898438,671.5800170898438,669.1300048828125,670.9600219726562,7639737.0
2025-11-06T18:30:00+00:00,670.9400024414062,673.5250244140625,670.9099731445312,673.4000244140625,6920127.0
2025-11-06T19:30:00+00:00,673.3900146484375,673.7000122070312,672.030029296875,672.3200073242188,7663822.0
2025-11-06T20:30:00+00:00,672.3099975585938,672.719970703125,669.530029296875,670.239990234375,14641776.0
2025-11-07T14:30:00+00:00,667.9099731445312,667.97998046875,663.969970703125,665.9299926757812,21982631.0
2025-11-07T15:30:00+00:00,665.9149780273438,666.3099975585938,662.25,662.8250122070312,14548847.0
2025-11-07T16:30:00+00:00,662.8200073242188,664.2750244140625,661.2050170898438,663.5750122070312,10693271.0
2025-11-07T17:30:00+00:00,663.52001953125,665.5750122070312,662.010009765625,665.3099975585938,7717916.0
2025-11-07T18:30:00+00:00,665.2999877929688,666.6799926757812,664.219970703125,666.4500122070312,8683895.0
2025-11-07T19:30:00+00:00,666.47998046875,670.030029296875,666.47998046875,668.6649780273438,16350929.0
2025-11-07T20:30:00+00:00,668.6599731445312,671.0800170898438,668.6599731445312,670.9199829101562,11413721.0
2025-11-10T14:30:00+00:00,677.2349853515625,679.219970703125,677.030029296875,678.8599853515625,17208872.0
2025-11-10T15:30:00+00:00,678.8699951171875,678.989990234375,675.239990234375,675.5549926757812,10399188.0
2025-11-10T16:30:00+00:00,675.5499877929688,677.8499755859375,675.030029296875,677.4650268554688,6587134.0
2025-11-10T17:30:00+00:00,677.4650268554688,680.0499877929688,677.4650268554688,679.4749755859375,6811816.0
2025-11-10T18:30:00+00:00,679.5,680.9555053710938,679.4949951171875,680.781494140625,5329387.0
2025-11-10T19:30:00+00:00,680.780029296875,682.0800170898438,680.5399780273438,681.3099975585938,8583825.0
2025-11-10T20:30:00+00:00,681.2999877929688,682.1799926757812,681.030029296875,681.3200073242188,11349351.0
2025-11-11T14:30:00+00:00,679.9500122070312,680.844970703125,678.8200073242188,679.4550170898438,9949914.0
2025-11-11T15:30:00+00:00,679.4500122070312,680.739990234375,678.72998046875,679.3200073242188,5909568.0
2025-11-11T16:30:00+00:00,679.3599853515625,681.3900146484375,678.760009765625,681.0305786132812,5143141.0
2025-11-11T17:30:00+00:00,681.0499877929688,683.239990234375,680.9500122070312,682.9099731445312,5550886.0
2025-11-11T18:30:00+00:00,682.9099731445312,683.3200073242188,682.1599731445312,683.1300048828125,6015353.0
2025-11-11T19:30:00+00:00,683.1400146484375,683.5499877929688,682.7100219726562,682.9000244140625,8298060.0
2025-11-11T20:30:00+00:00,682.9000244140625,683.5700073242188,682.2949829101562,682.8699951171875,10392745.0
2025-11-12T14:30:00+00:00,684.7899780273438,684.9600219726562,682.8099975585938,683.1950073242188,12108358.0
2025-11-12T15:30:00+00:00,683.2000122070312,683.2598876953125,681.1400146484375,682.4099731445312,7131687.0
2025-11-12T16:30:00+00:00,682.4000244140625,683.010009765625,680.9450073242188,682.469970703125,6594287.0
2025-11-12T17:30:00+00:00,682.469970703125,683.9299926757812,682.3800048828125,683.4949951171875,5314215.0
2025-11-12T18:30:00+00:00,683.5,684.14990234375,682.47998046875,682.72998046875,5227355.0
2025-11-12T19:30:00+00:00,682.739990234375,683.409912109375,682.0919799804688,683.3400268554688,7436572.0
2025-11-12T20:30:00+00:00,683.3400268554688,684.0700073242188,682.66162109375,683.2849731445312,10875825.0
2025-11-13T14:30:00+00:00,680.5,680.8599853515625,677.530029296875,678.9400024414062,15197774.0
2025-11-13T15:30:00+00:00,678.9500122070312,679.030029296875,674.9600219726562,675.72998046875,13069959.0
2025-11-13T16:30:00+00:00,675.719970703125,676.6199951171875,674.219970703125,675.9199829101562,10409918.0
2025-11-13T17:30:00+00:00,675.9000244140625,676.5,672.594970703125,672.8300170898438,9175823.0
2025-11-13T18:30:00+00:00,672.8200073242188,673.5499877929688,671.52001953125,673.5399780273438,12030527.0
2025-11-13T19:30:00+00:00,673.510009765625,673.6300048828125,670.52001953125,671.6300048828125,12889539.0
2025-11-13T20:30:00+00:00,671.6199951171875,673.02001953125,670.760009765625,672.0499877929688,15287085.0
2025-11-14T14:30:00+00:00,665.3800048828125,669.9600219726562,663.2650146484375,669.7899780273438,25943449.0
2025-11-14T15:30:00+00:00,669.780029296875,674.8699951171875,669.1599731445312,674.39501953125,16892603.0
2025-11-14T16:30:00+00:00,674.4000244140625,675.6400146484375,672.760009765625,675.0499877929688,8106653.0
2025-11-14T17:30:00+00:00,675.0549926757812,675.6599731445312,672.1400146484375,673.1300048828125,9745100.0
2025-11-14T18:30:00+00:00,673.1099853515625,674.4400024414062,671.489990234375,674.0198974609375,9663134.0
2025-11-14T19:30:00+00:00,674.02001953125,675.1199951171875,672.2100219726562,672.64501953125,9331407.0
2025-11-14T20:30:00+00:00,672.6400146484375,673.1099853515625,671.1699829101562,671.9500122070312,10575754.0
2025-11-17T14:30:00+00:00,669.0,673.7100219726562,668.9500122070312,672.0599975585938,14885512.0
2025-11-17T15:30:00+00:00,672.0399780273438,672.3699951171875,667.77001953125,670.4749755859375,11859278.0
2025-11-17T16:30:00+00:00,670.47998046875,673.0,670.3720092773438,672.3101196289062,6729432.0
2025-11-17T17:30:00+00:00,672.3300170898438,672.5900268554688,668.219970703125,668.7100219726562,7123778.0
2025-11-17T18:30:00+00:00,668.7000122070312,669.9099731445312,664.969970703125,665.8394775390625,10600848.0
2025-11-17T19:30:00+00:00,665.8300170898438,666.1414794921875,662.1699829101562,663.739990234375,15165730.0
2025-11-17T20:30:00+00:00,663.760009765625,665.780029296875,663.094970703125,665.6900024414062,14471246.0
2025-11-18T14:30:00+00:00,662.094970703125,664.260009765625,656.7999877929688,659.0850219726562,30082907.0
2025-11-18T15:30:00+00:00,659.0800170898438,661.8699951171875,655.8599853515625,661.5750122070312,17955093.0
2025-11-18T16:30:00+00:00,661.5599975585938,662.3699951171875,658.5599975585938,658.6199951171875,10239073.0
2025-11-18T17:30:00+00:00,658.6099853515625,664.4600219726562,657.9099731445312,663.3300170898438,11883583.0
2025-11-18T18:30:00+00:00,663.3499755859375,665.1199951171875,662.5700073242188,662.9299926757812,9178711.0
2025-11-18T19:30:00+00:00,662.9299926757812,664.9600219726562,661.5,662.4199829101562,11299181.0
2025-11-18T20:30:00+00:00,662.4199829101562,662.780029296875,660.0,660.1400146484375,16397145.0
2025-11-19T14:30:00+00:00,660.780029296875,667.3400268554688,660.1099853515625,666.25,18990342.0
2025-11-19T15:30:00+00:00,666.27001953125,666.5545043945312,661.280029296875,662.010009765625,12743869.0
2025-11-19T16:30:00+00:00,662.02001953125,662.97998046875,660.22998046875,661.1699829101562,9632018.0
2025-11-19T17:30:00+00:00,661.1799926757812,662.6199951171875,658.7449951171875,661.0200805664062,11136653.0
2025-11-19T18:30:00+00:00,661.010009765625,663.3300170898438,659.47998046875,659.7999877929688,9746101.0
2025-11-19T19:30:00+00:00,659.7899780273438,664.4000244140625,659.3300170898438,663.5,10552435.0
2025-11-19T20:30:00+00:00,663.5,664.760009765625,661.739990234375,662.6500244140625,10568754.0
2025-11-20T14:30:00+00:00,672.9099731445312,675.4099731445312,672.469970703125,674.8300170898438,22654072.0
2025-11-20T15:30:00+00:00,674.8300170898438,675.5599975585938,667.4199829101562,667.9000244140625,18452670.0
2025-11-20T16:30:00+00:00,667.8900146484375,668.1699829101562,656.5999755859375,658.5700073242188,35358991.0
2025-11-20T17:30:00+00:00,658.5499877929688,661.969970703125,655.4500122070312,659.5800170898438,23036996.0
2025-11-20T18:30:00+00:00,659.5499877929688,660.0,653.8599853515625,657.010009765625,15966030.0
2025-11-20T19:30:00+00:00,656.97998046875,658.25,655.2100219726562,656.2000122070312,16777503.0
2025-11-20T20:30:00+00:00,656.2000122070312,656.5599975585938,651.8900146484375,652.530029296875,20340933.0
2025-11-21T14:30:00+00:00,655.0499877929688,656.469970703125,652.3400268554688,653.0800170898438,27153970.0
2025-11-21T15:30:00+00:00,653.0900268554688,655.969970703125,650.8499755859375,655.9299926757812,15869531.0
2025-11-21T16:30:00+00:00,655.9299926757812,661.1900024414062,655.219970703125,660.3800048828125,17590697.0
2025-11-21T17:30:00+00:00,660.3825073242188,661.5117797851562,656.8800048828125,658.3599853515625,10519402.0
2025-11-21T18:30:00+00:00,658.3499755859375,664.5499877929688,658.0,664.22998046875,13617205.0
2025-11-21T19:30:00+00:00,664.2100219726562,664.52001953125,659.6199951171875,659.6300048828125,13077513.0
2025-11-21T20:30:00+00:00,659.5999755859375,661.25,658.22998046875,659.0599975585938,15592909.0
2025-11-24T14:30:00+00:00,662.6900024414062,665.780029296875,661.5900268554688,665.5449829101562,16982668.0
2025-11-24T15:30:00+00:00,665.510009765625,668.3900146484375,664.9500122070312,667.969970703125,9552325.0
2025-11-24T16:30:00+00:00,667.9600219726562,668.4896850585938,666.9000244140625,668.1856079101562,5776808.0
2025-11-24T17:30:00+00:00,668.1799926757812,669.75,667.9400024414062,669.1900024414062,5577341.0
2025-11-24T18:30:00+00:00,669.1799926757812,669.8099975585938,668.6900024414062,668.89990234375,4862184.0
2025-11-24T19:30:00+00:00,668.9000244140625,669.489990234375,667.8699951171875,668.9400024414062,7710472.0
2025-11-24T20:30:00+00:00,668.9299926757812,670.0599975585938,668.6099853515625,668.8099975585938,14162369.0
2025-11-25T14:30:00+00:00,668.6300048828125,669.97998046875,664.47998046875,668.5800170898438,19859510.0
2025-11-25T15:30:00+00:00,668.5399780273438,671.0700073242188,668.4400024414062,670.4199829101562,10317324.0
2025-11-25T16:30:00+00:00,670.4099731445312,673.8800048828125,670.219970703125,673.3200073242188,8602231.0
2025-11-25T17:30:00+00:00,673.3099975585938,674.375,673.1500244140625,674.0250244140625,8248616.0
2025-11-25T18:30:00+00:00,674.030029296875,674.4000244140625,672.7000122070312,673.3200073242188,6288333.0
2025-11-25T19:30:00+00:00,673.3200073242188,674.7899780273438,672.4400024414062,674.5,8435426.0
2025-11-25T20:30:00+00:00,674.510009765625,676.2100219726562,674.4550170898438,675.0,10722148.0
2025-11-26T14:30:00+00:00,677.6300048828125,679.47998046875,676.719970703125,678.1300048828125,14605661.0
2025-11-26T15:30:00+00:00,678.1500244140625,680.8699951171875,678.0606079101562,680.530029296875,7740362.0
2025-11-26T16:30:00+00:00,680.530029296875,681.6900024414062,680.2899780273438,680.9400024414062,6971969.0
2025-11-26T17:30:00+00:00,680.9400024414062,681.7000122070312,679.75,681.1099853515625,6534291.0
2025-11-26T18:30:00+00:00,681.114990234375,681.2899780273438,679.5900268554688,681.239990234375,7179405.0
2025-11-26T19:30:00+00:00,681.25,681.5900268554688,680.489990234375,681.2000122070312,8892712.0
2025-11-26T20:30:00+00:00,681.2000122070312,681.4000244140625,679.6199951171875,679.6300048828125,12247255.0
2025-11-28T14:30:00+00:00,680.8599853515625,682.3200073242188,680.5,681.6900024414062,9771492.0
2025-11-28T15:30:00+00:00,681.6900024414062,682.9400024414062,681.6099853515625,682.1500244140625,8375543.0
2025-11-28T16:30:00+00:00,682.1599731445312,683.0,681.7999877929688,682.3150024414062,9614422.0
2025-11-28T18:00:00+00:00,682.3150024414062,683.4500122070312,674.7150268554688,683.1099853515625,0
2025-12-01T14:30:00+00:00,678.8099975585938,681.8599853515625,678.739990234375,679.8300170898438,13905746.0
2025-12-01T15:30:00+00:00,679.8400268554688,681.8300170898438,678.8400268554688,681.0798950195312,6028113.0
2025-12-01T16:30:00+00:00,681.0800170898438,682.510009765625,681.0700073242188,682.010009765625,3969382.0
2025-12-01T17:30:00+00:00,682.0,682.7899780273438,681.72998046875,682.47998046875,3158793.0
2025-12-01T18:30:00+00:00,682.5,682.989990234375,680.47998046875,680.5999755859375,6003075.0
2025-12-01T19:30:00+00:00,680.60498046875,681.094970703125,679.8200073242188,680.72998046875,6447261.0
2025-12-01T20:30:00+00:00,680.719970703125,681.0700073242188,679.375,680.27001953125,15182014.0
2025-12-02T14:30:00+00:00,681.9199829101562,683.280029296875,681.4199829101562,681.5800170898438,10356591.0
2025-12-02T15:30:00+00:00,681.5900268554688,683.8200073242188,679.6699829101562,680.010009765625,10830478.0
2025-12-02T16:30:00+00:00,679.969970703125,682.6500244140625,679.3275146484375,682.4400024414062,6538218.0
2025-12-02T17:30:00+00:00,682.4400024414062,682.8400268554688,679.9299926757812,681.0399780273438,5105694.0
2025-12-02T18:30:00+00:00,681.030029296875,681.9400024414062,680.219970703125,681.3900146484375,5297198.0
2025-12-02T19:30:00+00:00,681.3699951171875,682.7000122070312,681.2999877929688,682.5050048828125,7600401.0
2025-12-02T20:30:00+00:00,682.5,682.8800048828125,681.3699951171875,681.47998046875,9477732.0
2025-12-03T14:30:00+00:00,680.5700073242188,682.3400268554688,679.6900024414062,681.6799926757812,12869639.0
2025-12-03T15:30:00+00:00,681.6500244140625,682.989990234375,681.3298950195312,682.385009765625,6854134.0
2025-12-03T16:30:00+00:00,682.385009765625,683.7000122070312,681.6099853515625,683.5599975585938,5419356.0
2025-12-03T17:30:00+00:00,683.5499877929688,684.1849975585938,683.25,683.9099731445312,6141586.0
2025-12-03T18:30:00+00:00,683.9299926757812,684.5,683.78662109375,684.3300170898438,3990140.0
2025-12-03T19:30:00+00:00,684.3300170898438,684.9099731445312,684.1649780273438,684.522705078125,5891735.0
2025-12-03T20:30:00+00:00,684.5250244140625,684.6199951171875,683.5499877929688,683.8099975585938,10644210.0
2025-12-04T14:30:00+00:00,685.2999877929688,685.3499755859375,682.1699829101562,683.594970703125,11590647.0
2025-12-04T15:30:00+00:00,683.5900268554688,684.5599975585938,682.2100219726562,683.351318359375,8154207.0
2025-12-04T16:30:00+00:00,683.3099975585938,684.5800170898438,682.8599853515625,684.02001953125,7353310.0
2025-12-04T17:30:00+00:00,684.030029296875,684.77001953125,683.4650268554688,684.6774291992188,4336100.0
2025-12-04T18:30:00+00:00,684.6699829101562,684.75,681.3400268554688,682.1799926757812,8069626.0
2025-12-04T19:30:00+00:00,682.1900024414062,683.9600219726562,681.989990234375,682.7501220703125,8650057.0
2025-12-04T20:30:00+00:00,682.760009765625,684.5800170898438,682.7000122070312,684.4000244140625,8206285.0
2025-12-05T14:30:00+00:00,685.469970703125,688.2999877929688,685.3200073242188,687.885009765625,13837995.0
2025-12-05T15:30:00+00:00,687.8800048828125,688.3900146484375,685.7000122070312,685.9561767578125,8794470.0
2025-12-05T16:30:00+00:00,685.9500122070312,686.6400146484375,685.02001953125,685.3900146484375,6340974.0
2025-12-05T17:30:00+00:00,685.4099731445312,686.7050170898438,684.5800170898438,686.5499877929688,5634666.0
2025-12-05T18:30:00+00:00,686.5599975585938,686.969970703125,685.639892578125,685.9299926757812,4635876.0
2025-12-05T19:30:00+00:00,685.9400024414062,686.3800048828125,685.5700073242188,686.0050048828125,6056846.0
2025-12-05T20:30:00+00:00,686.0,686.030029296875,684.5999755859375,685.6500244140625,10465385.0
2025-12-08T14:30:00+00:00,686.5900268554688,686.6400146484375,683.8723754882812,684.5549926757812,10541207.0
2025-12-08T15:30:00+00:00,684.5399780273438,685.0499877929688,682.9099731445312,684.0900268554688,6963326.0
2025-12-08T16:30:00+00:00,684.0800170898438,684.1199951171875,682.1900024414062,682.6900024414062,4548960.0
2025-12-08T17:30:00+00:00,682.6900024414062,684.4000244140625,682.5999755859375,682.8300170898438,5260514.0
2025-12-08T18:30:00+00:00,682.8300170898438,683.14501953125,681.5700073242188,682.2449951171875,6499904.0
2025-12-08T19:30:00+00:00,682.22998046875,682.8200073242188,682.1500244140625,682.6400146484375,5556456.0
2025-12-08T20:30:00+00:00,682.6400146484375,683.760009765625,682.0599975585938,683.6500244140625,9644429.0
2025-12-09T14:30:00+00:00,683.1500244140625,684.9400024414062,682.8200073242188,684.2150268554688,10831407.0
2025-12-09T15:30:00+00:00,684.2000122070312,685.3400268554688,683.5850219726562,684.8099975585938,5885774.0
2025-12-09T16:30:00+00:00,684.8099975585938,685.385009765625,684.27001953125,684.6500244140625,5114825.0
2025-12-09T17:30:00+00:00,684.6500244140625,684.8599243164062,683.6199951171875,684.239990234375,5488085.0
2025-12-09T18:30:00+00:00,684.239990234375,684.344970703125,683.3499755859375,683.72998046875,4540893.0
2025-12-09T19:30:00+00:00,683.72998046875,683.8526000976562,683.2000122070312,683.3250122070312,5717928.0
2025-12-09T20:30:00+00:00,683.3200073242188,683.6099853515625,682.5900268554688,683.0499877929688,10786428.0
2025-12-10T14:30:00+00:00,682.5599975585938,683.4600219726562,681.3099975585938,682.989990234375,11127344.0
2025-12-10T15:30:00+00:00,682.989990234375,683.8699951171875,681.4500122070312,683.719970703125,7777586.0
2025-12-10T16:30:00+00:00,683.719970703125,683.8400268554688,682.9500122070312,683.1400146484375,4298104.0
2025-12-10T17:30:00+00:00,683.1199951171875,684.219970703125,682.7000122070312,682.8900146484375,4107732.0
2025-12-10T18:30:00+00:00,682.8800048828125,685.739990234375,682.4450073242188,684.2100219726562,11729116.0
2025-12-10T19:30:00+00:00,684.2100219726562,688.8300170898438,683.3599853515625,688.1199951171875,21784541.0
2025-12-10T20:30:00+00:00,688.0999755859375,688.969970703125,687.219970703125,687.4600219726562,13911490.0
2025-12-11T14:30:00+00:00,685.1400146484375,686.7994995117188,682.1649780273438,686.260009765625,19263281.0
2025-12-11T15:30:00+00:00,686.27001953125,686.4500122070312,684.0700073242188,684.60498046875,8977768.0
2025-12-11T16:30:00+00:00,684.6099853515625,687.9099731445312,684.5399780273438,687.35498046875,9752576.0
2025-12-11T17:30:00+00:00,687.3499755859375,688.1900024414062,686.97998046875,687.625,6497988.0
2025-12-11T18:30:00+00:00,687.6199951171875,688.7899780273438,687.2999877929688,688.6799926757812,6957164.0
2025-12-11T19:30:00+00:00,688.6799926757812,689.25,688.4099731445312,688.4349975585938,8089376.0
2025-12-11T20:30:00+00:00,688.4400024414062,689.1799926757812,687.989990234375,689.1500244140625,12663361.0
2025-12-12T14:30:00+00:00,688.1699829101562,688.8800048828125,683.6300048828125,683.75,19275633.0
2025-12-12T15:30:00+00:00,683.75,685.6099853515625,679.7000122070312,681.27001953125,22746495.0
2025-12-12T16:30:00+00:00,681.27001953125,683.02001953125,679.1743774414062,681.4600219726562,11918381.0
2025-12-12T17:30:00+00:00,681.4400024414062,684.3400268554688,680.9450073242188,683.8800048828125,8285257.0
2025-12-12T18:30:00+00:00,683.8800048828125,683.9000244140625,681.2100219726562,681.4749755859375,9756825.0
2025-12-12T19:30:00+00:00,681.489990234375,682.5150146484375,681.0999755859375,681.3599853515625,10408461.0
2025-12-12T20:30:00+00:00,681.369873046875,681.8699951171875,680.0700073242188,681.72998046875,15730297.0
2025-12-15T14:30:00+00:00,685.739990234375,685.760009765625,679.25,679.8200073242188,22304440.0
2025-12-15T15:30:00+00:00,679.8200073242188,683.0599975585938,679.5900268554688,682.7899780273438,12484020.0
2025-12-15T16:30:00+00:00,682.7899780273438,682.9199829101562,680.1400146484375,680.6500244140625,10154049.0
2025-12-15T17:30:00+00:00,680.6500244140625,681.4500122070312,679.4199829101562,679.97998046875,7961392.0
2025-12-15T18:30:00+00:00,679.97998046875,681.5496826171875,679.6199951171875,680.8355102539062,7210052.0
2025-12-15T19:30:00+00:00,680.8350219726562,681.780029296875,680.4400024414062,681.0700073242188,9337382.0
2025-12-15T20:30:00+00:00,681.0900268554688,681.5999755859375,680.5499877929688,680.7100219726562,13514049.0
2025-12-16T14:30:00+00:00,679.22998046875,681.0800170898438,676.4400024414062,677.6900024414062,19976735.0
2025-12-16T15:30:00+00:00,677.7100219726562,679.4149780273438,676.8099975585938,677.135009765625,11523369.0
2025-12-16T16:30:00+00:00,677.1400146484375,678.9400024414062,676.6099853515625,677.3800048828125,7290923.0
2025-12-16T17:30:00+00:00,677.3748168945312,678.280029296875,674.97998046875,675.5900268554688,9623314.0
2025-12-16T18:30:00+00:00,675.5900268554688,678.6099853515625,675.5599975585938,677.0499877929688,12513356.0
2025-12-16T19:30:00+00:00,677.0399780273438,679.260009765625,676.9299926757812,679.2000122070312,12746516.0
2025-12-16T20:30:00+00:00,679.1950073242188,680.5599975585938,678.8200073242188,678.8599853515625,17100812.0
2025-12-17T14:30:00+00:00,679.8900146484375,680.4349975585938,677.5999755859375,678.9299926757812,16424565.0
2025-12-17T15:30:00+00:00,678.9199829101562,679.1699829101562,673.4299926757812,674.635009765625,16945959.0
2025-12-17T16:30:00+00:00,674.6300048828125,675.0499877929688,673.0700073242188,674.1500244140625,10352006.0
2025-12-17T17:30:00+00:00,674.1599731445312,675.0700073242188,673.0,673.3699951171875,7383565.0
2025-12-17T18:30:00+00:00,673.3599853515625,673.6199951171875,672.0549926757812,672.469970703125,12013119.0
2025-12-17T19:30:00+00:00,672.4600219726562,673.3200073242188,672.219970703125,672.52001953125,11349722.0
2025-12-17T20:30:00+00:00,672.530029296875,673.0,671.1950073242188,671.2999877929688,17338523.0
2025-12-18T14:30:00+00:00,677.5999755859375,679.1099853515625,675.6900024414062,679.010009765625,21870852.0
2025-12-18T15:30:00+00:00,679.010009765625,680.739990234375,678.6799926757812,679.7449951171875,11747647.0
2025-12-18T16:30:00+00:00,679.739990234375,680.7100219726562,674.9000244140625,675.780029296875,15704315.0
2025-12-18T17:30:00+00:00,675.7899780273438,679.0900268554688,675.47998046875,678.8250122070312,10765981.0
2025-12-18T18:30:00+00:00,678.8300170898438,679.7000122070312,676.5900268554688,677.1500244140625,10761217.0
2025-12-18T19:30:00+00:00,677.1599731445312,677.8499755859375,675.3200073242188,677.6300048828125,12943641.0
2025-12-18T20:30:00+00:00,677.6199951171875,678.5499877929688,676.4099731445312,676.47998046875,15842550.0
2025-12-19T14:30:00+00:00,677.0,680.52001953125,677.0,679.1900024414062,22687233.0
2025-12-19T15:30:00+00:00,679.1900024414062,680.2750244140625,678.5599975585938,680.1699829101562,16047353.0
2025-12-19T16:30:00+00:00,680.1900024414062,680.8350219726562,679.3400268554688,680.6799926757812,7874450.0
2025-12-19T17:30:00+00:00,680.6900024414062,681.0900268554688,680.3099975585938,680.75,5717215.0
2025-12-19T18:30:00+00:00,680.77001953125,680.8599853515625,680.1699829101562,680.6400146484375,5548129.0
2025-12-19T19:30:00+00:00,680.6400146484375,681.0,680.3400268554688,680.4849853515625,8902108.0
2025-12-19T20:30:00+00:00,680.489990234375,680.719970703125,679.6099853515625,680.5900268554688,19060706.0
2025-12-22T14:30:00+00:00,683.9400024414062,684.530029296875,682.8900146484375,683.77001953125,13029845.0
2025-12-22T15:30:00+00:00,683.77001953125,684.9749755859375,682.6799926757812,684.6699829101562,8262077.0
2025-12-22T16:30:00+00:00,684.6699829101562,685.0800170898438,684.3599853515625,684.6500244140625,5587126.0
2025-12-22T17:30:00+00:00,684.6500244140625,685.3599853515625,684.3499755859375,684.7150268554688,5624705.0
2025-12-22T18:30:00+00:00,684.7100219726562,684.9099731445312,684.2050170898438,684.719970703125,4674469.0
2025-12-22T19:30:00+00:00,684.72998046875,685.0399780273438,684.6649780273438,684.9249877929688,7868605.0
2025-12-22T20:30:00+00:00,684.9249877929688,685.14990234375,684.6099853515625,684.7899780273438,10787606.0
2025-12-23T14:30:00+00:00,683.9199829101562,686.25,683.8699951171875,685.239990234375,12187789.0
2025-12-23T15:30:00+00:00,685.239990234375,686.739990234375,685.2302856445312,686.4920043945312,7944935.0
2025-12-23T16:30:00+00:00,686.4949951171875,687.219970703125,686.3599853515625,687.0700073242188,6122132.0
2025-12-23T17:30:00+00:00,687.0599975585938,687.7299194335938,686.7899780273438,687.5449829101562,7740008.0
2025-12-23T18:30:00+00:00,687.5499877929688,687.9199829101562,687.4949951171875,687.875,5558688.0
2025-12-23T19:30:00+00:00,687.8699951171875,688.030029296875,687.7100219726562,687.8499755859375,6907632.0
2025-12-23T20:30:00+00:00,687.8400268554688,688.2000122070312,687.6400146484375,687.9099731445312,9723868.0
2025-12-24T14:30:00+00:00,687.969970703125,689.2150268554688,687.8900146484375,689.1649780273438,8677272.0
2025-12-24T15:30:00+00:00,689.1599731445312,689.97998046875,689.0125122070312,689.9650268554688,8460311.0
2025-12-24T16:30:00+00:00,689.9650268554688,690.6400146484375,689.8892211914062,690.5349731445312,9221080.0
2025-12-24T18:00:00+00:00,690.5349731445312,690.8300170898438,687.9600219726562,690.0999755859375,0
2025-12-26T14:30:00+00:00,690.6400146484375,691.6599731445312,689.6500244140625,690.7349853515625,10246012.0
2025-12-26T15:30:00+00:00,690.72998046875,691.0001220703125,689.8004150390625,690.2640991210938,4972002.0
2025-12-26T16:30:00+00:00,690.27001953125,690.3300170898438,689.3900146484375,690.1400146484375,4563206.0
2025-12-26T17:30:00+00:00,690.1300048828125,690.2000122070312,689.27001953125,689.6970825195312,3437156.0
2025-12-26T18:30:00+00:00,689.6900024414062,690.4600219726562,689.6500244140625,690.0418090820312,3251625.0
2025-12-26T19:30:00+00:00,690.0399780273438,690.3400268554688,690.0374755859375,690.2000122070312,3663077.0
2025-12-26T20:30:00+00:00,690.2000122070312,690.5,690.0050048828125,690.2449951171875,7795770.0
2025-12-29T14:30:00+00:00,687.5399780273438,689.2000122070312,686.8200073242188,687.9500122070312,12114641.0
2025-12-29T15:30:00+00:00,687.9400024414062,688.4000244140625,686.8900146484375,687.169921875,6092188.0
2025-12-29T16:30:00+00:00,687.1599731445312,687.489990234375,686.0700073242188,686.27001953125,4581457.0
2025-12-29T17:30:00+00:00,686.27001953125,687.5449829101562,686.1799926757812,687.3300170898438,4433719.0
2025-12-29T18:30:00+00:00,687.3300170898438,687.8900146484375,686.8699951171875,687.4600219726562,6619852.0
2025-12-29T19:30:00+00:00,687.4500122070312,688.6199951171875,687.4299926757812,688.1799926757812,8718647.0
2025-12-29T20:30:00+00:00,688.1799926757812,688.405029296875,687.4000244140625,687.8400268554688,10933805.0
2025-12-30T14:30:00+00:00,687.4450073242188,688.530029296875,686.75,686.9400024414062,8605653.0
2025-12-30T15:30:00+00:00,686.9400024414062,688.5549926757812,686.5800170898438,688.2471923828125,5508735.0
2025-12-30T16:30:00+00:00,688.239990234375,688.27001953125,686.8699951171875,687.3800048828125,4807723.0
2025-12-30T17:30:00+00:00,687.3800048828125,687.7899780273438,687.1950073242188,687.7692260742188,3040908.0
2025-12-30T18:30:00+00:00,687.760009765625,687.9299926757812,687.4199829101562,687.8099975585938,3828776.0
2025-12-30T19:30:00+00:00,687.8099975585938,687.9400024414062,687.0399780273438,687.510009765625,5273226.0
2025-12-30T20:30:00+00:00,687.510009765625,687.8150024414062,686.7000122070312,686.9400024414062,9624890.0
2025-12-31T14:30:00+00:00,687.1400146484375,687.3599853515625,684.9149780273438,685.5499877929688,12803603.0
2025-12-31T15:30:00+00:00,685.5399780273438,685.655029296875,684.1799926757812,685.1199951171875,8652906.0
2025-12-31T16:30:00+00:00,685.125,685.4299926757812,684.6099853515625,685.0,4271595.0
2025-12-31T17:30:00+00:00,684.989990234375,685.3900146484375,684.6500244140625,685.3698120117188,3510160.0
2025-12-31T18:30:00+00:00,685.3687744140625,686.239990234375,685.010009765625,685.0349731445312,5504462.0
2025-12-31T19:30:00+00:00,685.0399780273438,685.1400146484375,682.5449829101562,682.719970703125,11346649.0
2025-12-31T20:30:00+00:00,682.719970703125,683.719970703125,681.7100219726562,681.8400268554688,15154711.0
2026-01-02T14:30:00+00:00,685.7100219726562,686.8699951171875,681.5800170898438,682.4500122070312,22024812.0
2026-01-02T15:30:00+00:00,682.4500122070312,684.5900268554688,680.4199829101562,681.8099975585938,15081293.0
2026-01-02T16:30:00+00:00,681.8099975585938,682.6500244140625,680.280029296875,682.4500122070312,9496215.0
2026-01-02T17:30:00+00:00,682.4500122070312,682.8009033203125,680.6400146484375,680.97998046875,5768502.0
2026-01-02T18:30:00+00:00,680.97998046875,683.1199951171875,679.8200073242188,682.9500122070312,8908894.0
2026-01-02T19:30:00+00:00,682.9400024414062,683.9500122070312,682.8499755859375,683.239990234375,10091724.0
2026-01-02T20:30:00+00:00,683.239990234375,683.4199829101562,682.0700073242188,683.1699829101562,10922434.0
2026-01-05T14:30:00+00:00,686.5399780273438,688.6099853515625,686.375,688.5255737304688,17690747.0
2026-01-05T15:30:00+00:00,688.52001953125,688.8699951171875,687.9600219726562,688.6400146484375,8881663.0
2026-01-05T16:30:00+00:00,688.6300048828125,689.4299926757812,688.2100219726562,688.3499755859375,9198931.0
2026-01-05T17:30:00+00:00,688.3599243164062,688.7899780273438,687.6500244140625,688.3800048828125,5357998.0
2026-01-05T18:30:00+00:00,688.3599853515625,688.7750244140625,688.1300048828125,688.1849975585938,4605157.0
2026-01-05T19:30:00+00:00,688.1900024414062,688.2999267578125,687.2899780273438,687.9660034179688,7410427.0
2026-01-05T20:30:00+00:00,687.9650268554688,688.1199951171875,687.1599731445312,687.72998046875,11627152.0
2026-01-06T14:30:00+00:00,688.4000244140625,690.7999267578125,687.780029296875,690.5349731445312,15428086.0
2026-01-06T15:30:00+00:00,690.5549926757812,690.5549926757812,688.4299926757812,689.0449829101562,11035064.0
2026-01-06T16:30:00+00:00,689.0499877929688,690.5700073242188,688.7366943359375,690.469970703125,7558938.0
2026-01-06T17:30:00+00:00,690.6300048828125,691.2000122070312,690.5399780273438,690.8701782226562,6040112.0
2026-01-06T18:30:00+00:00,690.8800048828125,692.1199951171875,690.6771850585938,691.9400024414062,6055939.0
2026-01-06T19:30:00+00:00,691.947998046875,692.239990234375,691.8200073242188,692.02001953125,6275086.0
2026-01-06T20:30:00+00:00,691.9500122070312,692.3150024414062,691.9450073242188,692.0499877929688,6950872.0
2026-01-07T14:30:00+00:00,692.1900024414062,693.0900268554688,691.0999755859375,691.6719970703125,13653189.0
2026-01-07T15:30:00+00:00,691.6699829101562,692.8250122070312,690.9600219726562,692.25,8989617.0
2026-01-07T16:30:00+00:00,692.25,693.9600219726562,692.1682739257812,693.6596069335938,7032465.0
2026-01-07T17:30:00+00:00,693.6599731445312,693.7899780273438,692.0399780273438,692.1300048828125,7415072.0
2026-01-07T18:30:00+00:00,692.1300048828125,693.14501953125,691.4500122070312,691.6799926757812,8556842.0
2026-01-07T19:30:00+00:00,691.6799926757812,692.1599731445312,690.1174926757812,690.3599853515625,11097844.0
2026-01-07T20:30:00+00:00,690.3599853515625,690.3699951171875,689.3200073242188,689.5900268554688,13656213.0
2026-01-08T14:30:00+00:00,688.6099853515625,690.02001953125,687.489990234375,689.6300048828125,17217806.0
2026-01-08T15:30:00+00:00,689.6500244140625,689.9749755859375,688.510009765625,689.0800170898438,9738248.0
2026-01-08T16:30:00+00:00,689.0800170898438,690.0850219726562,688.4400024414062,689.3499755859375,6230622.0
2026-01-08T17:30:00+00:00,689.3499755859375,690.614990234375,688.7899780273438,689.5,6161020.0
2026-01-08T18:30:00+00:00,689.5,689.8049926757812,688.280029296875,688.9199829101562,5132226.0
2026-01-08T19:30:00+00:00,688.9299926757812,689.6500244140625,688.5700073242188,689.5750122070312,5882136.0
2026-01-08T20:30:00+00:00,689.5700073242188,690.0549926757812,689.2550048828125,689.4400024414062,8616130.0
2026-01-09T14:30:00+00:00,690.6300048828125,693.3400268554688,689.1799926757812,693.125,19427672.0
2026-01-09T15:30:00+00:00,693.1300048828125,693.6500244140625,691.280029296875,692.8599243164062,11466967.0
2026-01-09T16:30:00+00:00,692.8499755859375,694.3800048828125,692.5449829101562,694.219970703125,6532700.0
2026-01-09T17:30:00+00:00,694.22998046875,694.5,693.3599853515625,693.8699951171875,5096515.0
2026-01-09T18:30:00+00:00,693.8699951171875,694.889892578125,693.85498046875,694.8099975585938,5156678.0
2026-01-09T19:30:00+00:00,694.8049926757812,695.3099975585938,694.7100219726562,695.0250244140625,6801736.0
2026-01-09T20:30:00+00:00,695.02001953125,695.1199951171875,693.9000244140625,693.989990234375,11622656.0
2026-01-12T14:30:00+00:00,690.6799926757812,693.9000244140625,690.6300048828125,693.5700073242188,16933046.0
2026-01-12T15:30:00+00:00,693.5650024414062,694.6799926757812,692.9600219726562,694.22998046875,8829257.0
2026-01-12T16:30:00+00:00,694.239990234375,694.8599853515625,694.0700073242188,694.5349731445312,5580694.0
2026-01-12T17:30:00+00:00,694.530029296875,695.2000122070312,694.1699829101562,695.125,4640824.0
2026-01-12T18:30:00+00:00,695.125,695.4600219726562,694.9299926757812,695.3200073242188,5526132.0
2026-01-12T19:30:00+00:00,695.3200073242188,696.0900268554688,695.1799926757812,695.3200073242188,8009495.0
2026-01-12T20:30:00+00:00,695.3200073242188,695.739990234375,695.1400146484375,695.1599731445312,9235078.0
2026-01-13T14:30:00+00:00,695.489990234375,696.0900268554688,692.0900268554688,692.72998046875,18683093.0
2026-01-13T15:30:00+00:00,692.719970703125,694.2800903320312,692.4099731445312,693.5,8468025.0
2026-01-13T16:30:00+00:00,693.4801025390625,695.2000122070312,693.25,694.5599975585938,7317037.0
2026-01-13T17:30:00+00:00,694.5499877929688,694.7150268554688,692.4199829101562,692.9199829101562,7905172.0
2026-01-13T18:30:00+00:00,692.9099731445312,693.6500244140625,692.22998046875,693.010009765625,6934521.0
2026-01-13T19:30:00+00:00,693.0050048828125,693.2050170898438,691.9400024414062,692.0,8109469.0
2026-01-13T20:30:00+00:00,692.0,693.9600219726562,691.3499755859375,693.75,13007191.0
2026-01-14T14:30:00+00:00,691.0,691.719970703125,687.6799926757812,688.760009765625,20382132.0
2026-01-14T15:30:00+00:00,688.75,689.3300170898438,686.510009765625,689.1500244140625,11915345.0
2026-01-14T16:30:00+00:00,689.1599731445312,689.469970703125,686.0399780273438,687.0999145507812,9202634.0
2026-01-14T17:30:00+00:00,687.0900268554688,687.6500244140625,686.1900024414062,687.5999755859375,6027883.0
2026-01-14T18:30:00+00:00,687.5900268554688,688.3150024414062,686.260009765625,688.125,7396495.0
2026-01-14T19:30:00+00:00,688.1300048828125,689.6900024414062,687.3200073242188,689.1500244140625,12640312.0
2026-01-14T20:30:00+00:00,689.1500244140625,690.6400146484375,688.6199951171875,690.4400024414062,17846095.0
2026-01-15T14:30:00+00:00,694.5700073242188,694.719970703125,693.1799926757812,693.9400024414062,16604969.0
2026-01-15T15:30:00+00:00,693.9400024414062,695.1599731445312,692.989990234375,694.8150024414062,11678206.0
2026-01-15T16:30:00+00:00,694.8099975585938,695.4500122070312,694.3900146484375,694.4500122070312,5724898.0
2026-01-15T17:30:00+00:00,694.4500122070312,695.0198974609375,693.8800048828125,694.885009765625,5880426.0
2026-01-15T18:30:00+00:00,694.8800048828125,695.25,693.52001953125,693.6099853515625,5756852.0
2026-01-15T19:30:00+00:00,693.6099853515625,693.7376098632812,691.2907104492188,691.8300170898438,11933094.0
2026-01-15T20:30:00+00:00,691.8350219726562,692.25,691.25,692.1699829101562,11896527.0
2026-01-16T14:30:00+00:00,693.6599731445312,694.25,691.5,691.6500244140625,16270008.0
2026-01-16T15:30:00+00:00,691.6500244140625,692.8200073242188,690.0999755859375,692.7150268554688,17699419.0
2026-01-16T16:30:00+00:00,692.719970703125,693.469970703125,692.1300048828125,692.52001953125,6174487.0
2026-01-16T17:30:00+00:00,692.52001953125,693.2000122070312,691.8200073242188,693.0,4286971.0
2026-01-16T18:30:00+00:00,693.0,693.7100219726562,691.9600219726562,692.0399780273438,6259041.0
2026-01-16T19:30:00+00:00,692.0499877929688,693.0,692.010009765625,692.155029296875,6434439.0
2026-01-16T20:30:00+00:00,692.1500244140625,692.488525390625,691.469970703125,691.5800170898438,11404537.0
2026-01-20T14:30:00+00:00,681.489990234375,684.010009765625,680.9099731445312,683.8787841796875,28889272.0
2026-01-20T15:30:00+00:00,683.8499755859375,684.5599975585938,682.5800170898438,683.8400268554688,13556006.0
2026-01-20T16:30:00+00:00,683.8300170898438,684.344970703125,682.1199951171875,682.39501953125,8575558.0
2026-01-20T17:30:00+00:00,682.3900146484375,682.3900146484375,680.2249755859375,680.2899780273438,8949295.0
2026-01-20T18:30:00+00:00,680.280029296875,680.4199829101562,677.6900024414062,678.0399780273438,11395012.0
2026-01-20T19:30:00+00:00,678.0399780273438,678.47998046875,676.9299926757812,677.3900146484375,13591563.0
2026-01-20T20:30:00+00:00,677.4000244140625,677.739990234375,676.5700073242188,677.6099853515625,17216868.0
2026-01-21T14:30:00+00:00,679.6500244140625,683.4199829101562,678.969970703125,683.02001953125,24100585.0
2026-01-21T15:30:00+00:00,683.02001953125,685.1300048828125,682.9400024414062,684.22998046875,10931682.0
2026-01-21T16:30:00+00:00,684.25,684.2999877929688,678.1300048828125,679.8499755859375,17657036.0
2026-01-21T17:30:00+00:00,679.864990234375,680.969970703125,678.6300048828125,679.5999145507812,9215598.0
2026-01-21T18:30:00+00:00,680.780029296875,685.02001953125,679.719970703125,684.4099731445312,12041018.0
2026-01-21T19:30:00+00:00,684.4099731445312,688.7349853515625,684.3300170898438,685.35498046875,26279102.0
2026-01-21T20:30:00+00:00,685.3499755859375,686.1599731445312,684.6300048828125,685.3300170898438,16023085.0
2026-01-22T14:30:00+00:00,689.8300170898438,690.6699829101562,686.9199829101562,688.4400024414062,20543983.0
2026-01-22T15:30:00+00:00,688.4600219726562,690.046875,688.0499877929688,689.7999877929688,7734971.0
2026-01-22T16:30:00+00:00,689.7999877929688,690.5579833984375,689.405029296875,690.22998046875,5491471.0
2026-01-22T17:30:00+00:00,690.239990234375,691.125,690.239990234375,690.4500122070312,4945048.0
2026-01-22T18:30:00+00:00,690.4400024414062,690.9600219726562,689.8300170898438,690.6599731445312,6287961.0
2026-01-22T19:30:00+00:00,690.6599731445312,690.7349853515625,688.1300048828125,688.1599731445312,10201841.0
2026-01-22T20:30:00+00:00,688.1599731445312,689.0449829101562,687.594970703125,688.9299926757812,10384480.0
2026-01-23T14:30:00+00:00,688.1500244140625,689.85009765625,687.1599731445312,689.3250122070312,13731061.0
2026-01-23T15:30:00+00:00,689.3200073242188,690.9600219726562,689.2100219726562,690.0700073242188,7187182.0
2026-01-23T16:30:00+00:00,690.0599975585938,690.614990234375,689.3499755859375,690.1900024414062,5777942.0
2026-01-23T17:30:00+00:00,690.197998046875,690.280029296875,687.72998046875,688.9199829101562,7547017.0
2026-01-23T18:30:00+00:00,688.9400024414062,690.1995239257812,688.3699951171875,689.5479125976562,5739657.0
2026-01-23T19:30:00+00:00,689.5499877929688,689.8599853515625,688.510009765625,688.844970703125,7065877.0
2026-01-23T20:30:00+00:00,688.8400268554688,689.6099853515625,688.5499877929688,689.1799926757812,8774460.0
2026-01-26T14:30:00+00:00,690.489990234375,693.4000244140625,689.9199829101562,692.5499877929688,14084682.0
2026-01-26T15:30:00+00:00,692.5399780273438,693.3388061523438,692.22998046875,693.1099853515625,6812668.0
2026-01-26T16:30:00+00:00,693.1099853515625,693.7098999023438,692.7750244140625,693.5068359375,4272281.0
2026-01-26T17:30:00+00:00,693.5,693.8699951171875,692.9000244140625,693.7899780273438,4213354.0
2026-01-26T18:30:00+00:00,693.780029296875,694.1300048828125,693.3300170898438,693.8200073242188,4543032.0
2026-01-26T19:30:00+00:00,693.8250122070312,694.0,693.4199829101562,693.5700073242188,6435837.0
2026-01-26T20:30:00+00:00,693.5750122070312,693.8699951171875,692.6199951171875,692.7100219726562,12200951.0
2026-01-27T14:30:00+00:00,694.1799926757812,695.47998046875,693.5700073242188,694.780029296875,11203436.0
2026-01-27T15:30:00+00:00,694.77001953125,696.47998046875,694.7150268554688,696.1900024414062,6980211.0
2026-01-27T16:30:00+00:00,696.1900024414062,696.530029296875,695.3800048828125,695.9732055664062,6581409.0
2026-01-27T17:30:00+00:00,695.9849853515625,696.0800170898438,694.9099731445312,695.7949829101562,4603971.0
2026-01-27T18:30:00+00:00,695.7999877929688,696.2100219726562,695.7100219726562,696.1699829101562,3684240.0
2026-01-27T19:30:00+00:00,696.1699829101562,696.4000244140625,695.9400024414062,695.9998779296875,4962000.0
2026-01-27T20:30:00+00:00,695.989990234375,696.1799926757812,695.4000244140625,695.5399780273438,8812154.0
2026-01-28T14:30:00+00:00,697.0499877929688,697.8400268554688,696.030029296875,696.513916015625,13475520.0
2026-01-28T15:30:00+00:00,696.52001953125,696.7899780273438,695.4500122070312,696.1242065429688,5688315.0
2026-01-28T16:30:00+00:00,696.1199951171875,696.1199951171875,694.4949951171875,694.85498046875,6106672.0
2026-01-28T17:30:00+00:00,694.8350219726562,695.4349975585938,694.52001953125,695.1500244140625,3896462.0
2026-01-28T18:30:00+00:00,695.1599731445312,695.64990234375,694.0460205078125,694.1799926757812,5280997.0
2026-01-28T19:30:00+00:00,694.1799926757812,696.2849731445312,693.9400024414062,695.4500122070312,9796888.0
2026-01-28T20:30:00+00:00,695.4400024414062,696.135009765625,694.75,695.4299926757812,10699648.0
2026-01-29T14:30:00+00:00,696.3900146484375,697.0599975585938,688.8599853515625,688.969970703125,22893046.0
2026-01-29T15:30:00+00:00,688.969970703125,689.3099975585938,684.8300170898438,687.9099731445312,19319526.0
2026-01-29T16:30:00+00:00,687.9099731445312,691.3599853515625,687.8200073242188,691.0300903320312,9854698.0
2026-01-29T17:30:00+00:00,691.02001953125,691.6749877929688,688.7100219726562,690.969970703125,8639779.0
2026-01-29T18:30:00+00:00,690.97998046875,692.2100219726562,690.1900024414062,692.0700073242188,8207290.0
2026-01-29T19:30:00+00:00,692.0700073242188,692.2249755859375,691.0449829101562,691.5700073242188,7986423.0
2026-01-29T20:30:00+00:00,691.5800170898438,694.7899780273438,691.3900146484375,693.969970703125,13376707.0
2026-01-30T14:30:00+00:00,691.7899780273438,694.0499877929688,691.2219848632812,693.4500122070312,13695706.0
2026-02-02T18:30:00+00:00,696.5399780273438,696.8800048828125,696.3599853515625,696.7899780273438,33356180.0
2026-02-02T19:30:00+00:00,696.7849731445312,696.7899780273438,695.0103149414062,695.80859375,12164060.0
2026-02-02T20:30:00+00:00,695.8099975585938,695.9600219726562,695.0800170898438,695.4600219726562,13121586.0
2026-02-03T14:30:00+00:00,696.2100219726562,696.9600219726562,690.7999877929688,692.2050170898438,22706244.0
2026-02-03T15:30:00+00:00,692.1900024414062,693.4299926757812,690.6699829101562,690.7999877929688,11004974.0
2026-02-03T16:30:00+00:00,690.8099975585938,691.4498901367188,688.6099853515625,688.8300170898438,12025865.0
2026-02-03T17:30:00+00:00,688.8200073242188,688.9400024414062,686.239990234375,686.3599853515625,12570237.0
2026-02-03T18:30:00+00:00,686.364990234375,687.219970703125,684.030029296875,686.2135009765625,14153552.0
2026-02-03T19:30:00+00:00,686.2100219726562,687.8049926757812,685.1300048828125,687.530029296875,12507175.0
2026-02-03T20:30:00+00:00,687.530029296875,689.75,687.489990234375,689.4600219726562,12789390.0
2026-02-04T14:30:00+00:00,690.3499755859375,691.4500122070312,686.510009765625,689.9000244140625,20676503.0
2026-02-04T15:30:00+00:00,689.9000244140625,690.27001953125,686.3900146484375,688.3499145507812,15328331.0
2026-02-04T16:30:00+00:00,688.3499755859375,688.47998046875,683.219970703125,683.7000122070312,12211098.0
2026-02-04T17:30:00+00:00,683.7000122070312,685.010009765625,681.760009765625,684.7999877929688,14609400.0
2026-02-04T18:30:00+00:00,684.8099975585938,685.510009765625,683.1099853515625,685.3400268554688,10448412.0
2026-02-04T19:30:00+00:00,685.3400268554688,688.489990234375,685.2999877929688,687.5399780273438,13360783.0
2026-02-04T20:30:00+00:00,687.530029296875,688.4400024414062,685.6409912109375,686.1199951171875,10951574.0
2026-02-05T14:30:00+00:00,680.9400024414062,683.6900024414062,676.1749877929688,676.6400146484375,27401090.0
2026-02-05T15:30:00+00:00,676.6500244140625,679.7899780273438,675.7899780273438,679.6599731445312,17670806.0
2026-02-05T16:30:00+00:00,679.6599731445312,681.9400024414062,678.9500122070312,681.5,11900080.0
2026-02-05T17:30:00+00:00,681.52001953125,682.614990234375,678.8499755859375,679.1500244140625,7798767.0
2026-02-05T18:30:00+00:00,679.1599731445312,681.469970703125,677.6849975585938,680.2449951171875,10370563.0
2026-02-05T19:30:00+00:00,680.239990234375,680.89501953125,677.6400146484375,677.77001953125,11271477.0
2026-02-05T20:30:00+00:00,677.7899780273438,678.3499145507812,676.1854858398438,677.4400024414062,14065824.0
2026-02-06T14:30:00+00:00,681.0900268554688,686.510009765625,680.8499755859375,685.469970703125,25257973.0
2026-02-06T15:30:00+00:00,686.22998046875,687.719970703125,684.969970703125,687.10498046875,13620107.0
2026-02-06T16:30:00+00:00,687.10498046875,688.510009765625,686.9400024414062,688.47998046875,7490712.0
2026-02-06T17:30:00+00:00,688.5,689.5399780273438,687.8524169921875,688.9450073242188,6863898.0
2026-02-06T18:30:00+00:00,688.9500122070312,689.6599731445312,688.739990234375,689.47802734375,5748120.0
2026-02-06T19:30:00+00:00,689.47998046875,690.1400146484375,688.9299926757812,689.7750244140625,7713732.0
2026-02-06T20:30:00+00:00,689.77001953125,692.3099975585938,689.5999755859375,690.5999755859375,14828433.0
2026-02-09T14:30:00+00:00,689.4199829101562,692.9299926757812,688.3400268554688,691.9400024414062,18050055.0
2026-02-09T15:30:00+00:00,691.9600219726562,694.760009765625,691.938720703125,694.689697265625,10279739.0
2026-02-09T16:30:00+00:00,694.6799926757812,695.6599731445312,694.27001953125,695.1400146484375,6352525.0
2026-02-09T17:30:00+00:00,695.1500244140625,695.510009765625,693.5499877929688,694.22998046875,5765657.0
2026-02-09T18:30:00+00:00,694.22998046875,695.8699951171875,694.0,695.739990234375,5804165.0
2026-02-09T19:30:00+00:00,695.739990234375,695.8499755859375,694.3300170898438,694.5750122070312,7071771.0
2026-02-09T20:30:00+00:00,694.5700073242188,695.02001953125,693.8800048828125,693.9099731445312,11568140.0
2026-02-10T14:30:00+00:00,694.9500122070312,696.4349975585938,693.4550170898438,695.9199829101562,15051695.0
2026-02-10T15:30:00+00:00,695.905029296875,696.5399780273438,694.0900268554688,694.780029296875,7253368.0
2026-02-10T16:30:00+00:00,694.77001953125,695.6701049804688,694.2000122070312,695.25,5719106.0
2026-02-10T17:30:00+00:00,695.25,695.7999877929688,693.3699951171875,693.4400024414062,4954429.0
2026-02-10T18:30:00+00:00,693.4299926757812,693.905029296875,692.8499755859375,693.8699951171875,7091282.0
2026-02-10T19:30:00+00:00,693.8699951171875,694.1300048828125,693.1099853515625,693.2974853515625,5482566.0
2026-02-10T20:30:00+00:00,693.2999877929688,693.5399780273438,691.6599731445312,692.0900268554688,13770362.0
2026-02-11T14:30:00+00:00,696.3900146484375,697.1300048828125,689.1799926757812,689.719970703125,21414691.0
2026-02-11T15:30:00+00:00,689.719970703125,693.4500122070312,689.5599975585938,691.8400268554688,11511710.0
2026-02-11T16:30:00+00:00,691.8200073242188,693.8400268554688,691.3900146484375,693.5969848632812,7979524.0
2026-02-11T17:30:00+00:00,693.5999755859375,693.989990234375,691.4099731445312,692.7899780273438,6455586.0
2026-02-11T18:30:00+00:00,692.7896728515625,693.9550170898438,692.030029296875,693.739990234375,6825416.0
2026-02-11T19:30:00+00:00,693.75,693.8599853515625,692.22998046875,692.2550048828125,8320582.0
2026-02-11T20:30:00+00:00,692.25,692.989990234375,691.77001953125,691.9199829101562,9384677.0
2026-02-12T14:30:00+00:00,694.239990234375,695.3499755859375,692.1599731445312,693.0650024414062,15645729.0
2026-02-12T15:30:00+00:00,693.0800170898438,693.47998046875,683.5750122070312,683.5999755859375,22863606.0
2026-02-12T16:30:00+00:00,683.594970703125,685.8400268554688,683.3800048828125,684.1199951171875,16958570.0
2026-02-12T17:30:00+00:00,684.0999755859375,685.5750122070312,682.219970703125,683.1699829101562,10426266.0
2026-02-12T18:30:00+00:00,683.1649780273438,685.4199829101562,682.7999877929688,684.1500244140625,10704524.0
2026-02-12T19:30:00+00:00,684.1300048828125,685.9650268554688,683.1099853515625,683.219970703125,11771990.0
2026-02-12T20:30:00+00:00,683.2000122070312,683.4000244140625,680.3699951171875,681.219970703125,19241913.0
2026-02-13T14:30:00+00:00,681.719970703125,683.3699951171875,677.52001953125,682.9400024414062,24768855.0
2026-02-13T15:30:00+00:00,682.9400024414062,684.5700073242188,680.7899780273438,683.8200073242188,12236042.0
2026-02-13T16:30:00+00:00,683.8099975585938,686.0499877929688,682.8699951171875,685.364990234375,8299958.0
2026-02-13T17:30:00+00:00,685.3800048828125,686.280029296875,684.0900268554688,685.3900146484375,7946751.0
2026-02-13T18:30:00+00:00,685.3900146484375,686.0599975585938,684.0999755859375,684.3400268554688,7013351.0
2026-02-13T19:30:00+00:00,684.3499755859375,684.9299926757812,680.3400268554688,680.6300048828125,10363860.0
2026-02-13T20:30:00+00:00,680.6400146484375,681.8400268554688,679.8099975585938,681.5999755859375,13671717.0
2026-02-17T14:30:00+00:00,680.1400146484375,682.7999877929688,676.27001953125,677.3400268554688,20908871.0
2026-02-17T15:30:00+00:00,677.3300170898438,683.239990234375,675.780029296875,681.5999755859375,15279531.0
2026-02-17T16:30:00+00:00,681.5750122070312,683.030029296875,680.4312744140625,682.2000122070312,8223944.0
2026-02-17T17:30:00+00:00,682.2100219726562,682.5399780273438,679.1500244140625,682.3900146484375,7052521.0
2026-02-17T18:30:00+00:00,682.4000244140625,684.7150268554688,682.030029296875,683.989990234375,7434404.0
2026-02-17T19:30:00+00:00,683.969970703125,684.9400024414062,682.6699829101562,682.8699951171875,6973847.0
2026-02-17T20:30:00+00:00,682.8800048828125,683.2899780273438,681.9299926757812,682.75,9895361.0
2026-02-18T14:30:00+00:00,684.02001953125,688.4650268554688,682.8300170898438,687.8400268554688,18453305.0
2026-02-18T15:30:00+00:00,687.8400268554688,688.9600219726562,687.2899780273438,688.219970703125,6691883.0
2026-02-18T16:30:00+00:00,688.219970703125,688.8900146484375,687.3800048828125,688.2000122070312,5400275.0
2026-02-18T17:30:00+00:00,688.1900024414062,689.1500244140625,687.4749755859375,687.8049926757812,4391499.0
2026-02-18T18:30:00+00:00,687.8099975585938,688.02001953125,686.0399780273438,686.4199829101562,8388821.0
2026-02-18T19:30:00+00:00,686.4299926757812,686.6300048828125,683.9199829101562,684.2100219726562,10136265.0
2026-02-18T20:30:00+00:00,684.2100219726562,687.1799926757812,684.1199951171875,686.1900024414062,13217594.0
2026-02-19T14:30:00+00:00,683.8400268554688,686.1799926757812,682.469970703125,683.9000244140625,15294343.0
2026-02-19T15:30:00+00:00,683.8900146484375,685.8599853515625,683.7100219726562,684.14501953125,5914609.0
2026-02-19T16:30:00+00:00,684.1500244140625,685.27001953125,682.7000122070312,683.9299926757812,6601246.0
2026-02-19T17:30:00+00:00,683.9149780273438,684.260009765625,681.5474853515625,682.4000244140625,6134654.0
2026-02-19T18:30:00+00:00,682.3400268554688,684.0598754882812,682.010009765625,683.2750244140625,5199633.0
2026-02-19T19:30:00+00:00,683.25,683.5650024414062,681.8800048828125,682.9000244140625,7894247.0
2026-02-19T20:30:00+00:00,682.8900146484375,684.5900268554688,682.8001098632812,684.510009765625,7648304.0
2026-02-20T14:30:00+00:00,682.3200073242188,689.4000244140625,681.739990234375,686.7999877929688,20480094.0
2026-02-20T15:30:00+00:00,686.7999877929688,689.239990234375,685.510009765625,686.1495971679688,16947753.0
2026-02-20T16:30:00+00:00,686.1300048828125,689.1500244140625,684.0800170898438,685.2291870117188,12244330.0
2026-02-20T17:30:00+00:00,685.2349853515625,687.7999877929688,684.9700927734375,686.5599975585938,9145890.0
2026-02-20T18:30:00+00:00,686.5399780273438,690.0599975585938,685.760009765625,688.5800170898438,13196896.0
2026-02-20T19:30:00+00:00,688.5800170898438,689.3200073242188,687.8099975585938,688.3599853515625,8027018.0
2026-02-20T20:30:00+00:00,688.3599853515625,689.5,688.27001953125,689.3499755859375,10691604.0
2026-02-23T14:30:00+00:00,687.8300170898438,690.0,684.2799072265625,684.510009765625,20052422.0
2026-02-23T15:30:00+00:00,684.5,685.0050048828125,680.3709716796875,682.8699951171875,15403510.0
2026-02-23T16:30:00+00:00,682.8800048828125,683.0850219726562,681.5900268554688,681.6900024414062,7082700.0
2026-02-23T17:30:00+00:00,681.7000122070312,683.9500122070312,680.5900268554688,683.8098754882812,7674168.0
2026-02-23T18:30:00+00:00,683.8099975585938,683.9099731445312,681.1699829101562,681.27001953125,7488180.0
2026-02-23T19:30:00+00:00,681.2550048828125,681.6599731445312,680.5399780273438,681.3499755859375,8354274.0
2026-02-23T20:30:00+00:00,681.3400268554688,682.469970703125,680.9000244140625,682.4099731445312,15739631.0
2026-02-24T14:30:00+00:00,681.9000244140625,686.3900146484375,680.0,686.3350219726562,19215932.0
2026-02-24T15:30:00+00:00,686.3200073242188,686.8699951171875,685.1799926757812,686.0900268554688,8915432.0
2026-02-24T16:30:00+00:00,686.0999755859375,687.7999877929688,685.1500244140625,687.5300903320312,6769913.0
2026-02-24T17:30:00+00:00,687.530029296875,688.0999755859375,686.9400024414062,687.030029296875,4420143.0
2026-02-24T18:30:00+00:00,687.0399780273438,687.875,686.6500244140625,686.8900146484375,6247419.0
2026-02-24T19:30:00+00:00,686.8900146484375,687.6900024414062,686.4600219726562,686.5399780273438,6142765.0
2026-02-24T20:30:00+00:00,686.530029296875,688.3499755859375,686.5100708007812,687.375,12579342.0
2026-02-25T14:30:00+00:00,690.969970703125,691.989990234375,690.25,691.1500244140625,11847751.0
2026-02-25T15:30:00+00:00,691.14501953125,691.5800170898438,690.1701049804688,691.469970703125,5193274.0
2026-02-25T16:30:00+00:00,691.47998046875,692.3900146484375,691.4000244140625,691.969970703125,5478125.0
2026-02-25T17:30:00+00:00,691.969970703125,692.6900024414062,691.8400268554688,692.3099975585938,4913647.0
2026-02-25T18:30:00+00:00,692.3099975585938,693.0800170898438,692.2100219726562,692.8699951171875,5214228.0
2026-02-25T19:30:00+00:00,692.8599853515625,693.3300170898438,692.8099975585938,692.9199829101562,6560771.0
2026-02-25T20:30:00+00:00,692.9199829101562,693.6799926757812,692.739990234375,693.0999755859375,10495870.0
2026-02-26T14:30:00+00:00,693.280029296875,693.2999877929688,684.739990234375,685.6900024414062,19859314.0
2026-02-26T15:30:00+00:00,685.6699829101562,689.0999755859375,684.3499755859375,688.739990234375,11175598.0
2026-02-26T16:30:00+00:00,688.739990234375,688.9199829101562,686.030029296875,686.2849731445312,6518707.0
2026-02-26T17:30:00+00:00,686.25,687.0900268554688,684.739990234375,685.6699829101562,5516506.0
2026-02-26T18:30:00+00:00,685.6599731445312,689.3200073242188,685.4099731445312,688.6099853515625,8415967.0
2026-02-26T19:30:00+00:00,688.6199951171875,689.8099975585938,688.469970703125,688.6649780273438,7050938.0
2026-02-26T20:30:00+00:00,688.6649780273438,689.5167236328125,688.6199951171875,689.3200073242188,8572144.0
2026-02-27T14:30:00+00:00,683.0900268554688,685.489990234375,681.6400146484375,684.5294189453125,17772433.0
2026-02-27T15:30:00+00:00,684.510009765625,686.0499877929688,683.739990234375,685.385009765625,7040899.0
2026-02-27T16:30:00+00:00,685.3900146484375,686.2899169921875,683.2899780273438,684.1400146484375,7500648.0
2026-02-27T17:30:00+00:00,684.1300048828125,685.1199951171875,683.0599975585938,683.7999877929688,7414482.0
2026-02-27T18:30:00+00:00,683.7999877929688,684.97998046875,683.2999877929688,683.5999755859375,5673987.0
2026-02-27T19:30:00+00:00,683.5999755859375,686.0999755859375,682.989990234375,685.590087890625,10090599.0
2026-02-27T20:30:00+00:00,685.5800170898438,686.8499755859375,684.489990234375,686.280029296875,15978632.0
2026-03-02T14:30:00+00:00,678.7000122070312,685.3599853515625,678.02001953125,683.4299926757812,22117273.0
2026-03-02T15:30:00+00:00,683.4199829101562,685.6699829101562,682.4199829101562,683.219970703125,10823943.0
2026-03-02T16:30:00+00:00,683.219970703125,687.1900024414062,682.9199829101562,686.4837036132812,8833887.0
2026-03-02T17:30:00+00:00,686.47998046875,687.4199829101562,686.0800170898438,686.719970703125,4549090.0
2026-03-02T18:30:00+00:00,686.75,688.280029296875,685.1900024414062,688.2000122070312,7030502.0
2026-03-02T19:30:00+00:00,688.2100219726562,688.6199951171875,684.8900146484375,685.3499755859375,13163361.0
2026-03-02T20:30:00+00:00,685.3499755859375,687.3099975585938,685.2000122070312,686.3699951171875,12691271.0
2026-03-03T14:30:00+00:00,675.0599975585938,677.0999755859375,669.6599731445312,669.8499755859375,33122931.0
2026-03-03T15:30:00+00:00,669.8499755859375,676.5800170898438,669.780029296875,676.02001953125,17224450.0
2026-03-03T16:30:00+00:00,676.0,678.489990234375,674.6599731445312,678.3200073242188,10581256.0
2026-03-03T17:30:00+00:00,678.3200073242188,680.4299926757812,676.0800170898438,679.8200073242188,7605785.0
2026-03-03T18:30:00+00:00,679.8200073242188,681.9099731445312,679.6649780273438,680.5,9358641.0
2026-03-03T19:30:00+00:00,680.5,682.6099853515625,679.2750244140625,681.0499877929688,11491316.0
2026-03-03T20:30:00+00:00,681.0399780273438,681.510009765625,679.2100219726562,680.280029296875,9232895.0
2026-03-04T14:30:00+00:00,681.6300048828125,686.27001953125,679.6199951171875,686.1400146484375,17092226.0
2026-03-04T15:30:00+00:00,686.1500244140625,686.6400146484375,683.8800048828125,685.1900024414062,12741399.0
2026-03-04T16:30:00+00:00,685.1799926757812,686.4000244140625,684.8499755859375,685.3250122070312,7706769.0
2026-03-04T17:30:00+00:00,685.3499755859375,686.489990234375,684.5800170898438,686.10498046875,6915063.0
2026-03-04T18:30:00+00:00,686.1099853515625,686.9600219726562,686.0999755859375,686.5999755859375,5152602.0
2026-03-04T19:30:00+00:00,686.6099853515625,687.0900268554688,685.4749755859375,686.22998046875,6913501.0
2026-03-04T20:30:00+00:00,686.239990234375,686.6300048828125,685.1599731445312,685.1599731445312,11184082.0
2026-03-05T14:30:00+00:00,682.0800170898438,685.530029296875,680.3300170898438,680.8200073242188,19715347.0
2026-03-05T15:30:00+00:00,680.8300170898438,682.5800170898438,679.010009765625,679.5349731445312,16013402.0
2026-03-05T16:30:00+00:00,679.530029296875,682.4199829101562,678.489990234375,678.510009765625,10963199.0
2026-03-05T17:30:00+00:00,678.510009765625,678.8049926757812,675.9000244140625,676.2999877929688,12809378.0
2026-03-05T18:30:00+00:00,676.280029296875,677.9600219726562,675.8200073242188,676.6699829101562,8129423.0
2026-03-05T19:30:00+00:00,676.6699829101562,680.4600219726562,675.6099853515625,679.4600219726562,12703497.0
2026-03-05T20:30:00+00:00,679.469970703125,681.75,679.1699829101562,681.4400024414062,17275805.0
2026-03-06T14:30:00+00:00,673.4099731445312,674.3599853515625,669.760009765625,674.1699829101562,26046349.0
2026-03-06T15:30:00+00:00,674.1300048828125,676.010009765625,672.4600219726562,674.4199829101562,12054888.0
2026-03-06T16:30:00+00:00,674.4299926757812,676.0,673.3499755859375,673.8099975585938,7864935.0
2026-03-06T17:30:00+00:00,673.7999877929688,676.1099853515625,672.030029296875,674.6400146484375,9387540.0
2026-03-06T18:30:00+00:00,674.6699829101562,675.4299926757812,673.6900024414062,674.9199829101562,7620924.0
2026-03-06T19:30:00+00:00,674.9099731445312,675.969970703125,671.97998046875,672.22998046875,12122952.0
2026-03-06T20:30:00+00:00,672.22998046875,673.4000244140625,671.1400146484375,672.4749755859375,16549298.0
2026-03-09T13:30:00+00:00,666.3900146484375,667.6300048828125,662.3900146484375,664.0599975585938,21505293.0
2026-03-09T14:30:00+00:00,664.030029296875,669.9199829101562,663.97998046875,669.77001953125,11546091.0
2026-03-09T15:30:00+00:00,669.77001953125,671.5999755859375,668.3699951171875,670.8699951171875,8868302.0
2026-03-09T16:30:00+00:00,670.8699951171875,672.25,668.7100219726562,668.844970703125,8907547.0
2026-03-09T17:30:00+00:00,668.8400268554688,670.8699951171875,668.0900268554688,670.0599975585938,8192624.0
2026-03-09T18:30:00+00:00,670.0599975585938,677.5150146484375,669.9000244140625,677.3900146484375,16903174.0
2026-03-09T19:30:00+00:00,677.3699951171875,679.9199829101562,675.8800048828125,678.3159790039062,16099780.0
2026-03-10T13:30:00+00:00,677.719970703125,678.7849731445312,674.760009765625,677.6199951171875,14084370.0
2026-03-10T14:30:00+00:00,677.6400146484375,681.6849975585938,677.6300048828125,681.1099853515625,9403537.0
2026-03-10T15:30:00+00:00,681.0999755859375,681.9498901367188,679.6799926757812,680.5999755859375,7262968.0
2026-03-10T16:30:00+00:00,680.6099853515625,683.3599853515625,680.6099853515625,683.2650146484375,9090930.0
2026-03-10T17:30:00+00:00,683.25,683.25,677.3800048828125,679.3499755859375,15209801.0
2026-03-10T18:30:00+00:00,679.3150024414062,680.3699951171875,677.4099731445312,677.4099731445312,9507897.0
2026-03-10T19:30:00+00:00,677.4199829101562,678.3200073242188,676.22998046875,677.0499877929688,10409992.0
2026-03-11T13:30:00+00:00,677.5800170898438,680.0800170898438,675.1950073242188,676.1500244140625,14729721.0
2026-03-11T14:30:00+00:00,676.1400146484375,678.6400146484375,674.5900268554688,674.6699829101562,8480186.0
2026-03-11T15:30:00+00:00,674.6799926757812,675.2899780273438,673.510009765625,674.7050170898438,7579835.0
2026-03-11T16:30:00+00:00,674.7000122070312,676.77001953125,674.6500244140625,676.4600219726562,5597839.0
2026-03-11T17:30:00+00:00,676.469970703125,676.639892578125,673.3400268554688,675.27001953125,8581233.0
2026-03-11T18:30:00+00:00,675.27001953125,675.7899780273438,674.3200073242188,674.9749755859375,8042124.0
2026-03-11T19:30:00+00:00,674.989990234375,676.5999755859375,674.75,676.3300170898438,7671647.0
2026-03-12T13:30:00+00:00,671.1599731445312,671.6500244140625,668.0499877929688,668.0599975585938,20460497.0
2026-03-12T14:30:00+00:00,668.0599975585938,670.5499877929688,666.9199829101562,668.1699829101562,13622450.0
2026-03-12T15:30:00+00:00,668.1699829101562,671.3099975585938,667.239990234375,668.8400268554688,14853739.0
2026-03-12T16:30:00+00:00,668.77001953125,670.3098754882812,667.989990234375,668.5599975585938,8622337.0
2026-03-12T17:30:00+00:00,668.5599975585938,669.75,667.2700805664062,668.1900024414062,9816196.0
2026-03-12T18:30:00+00:00,668.1799926757812,668.47998046875,666.8699951171875,667.97998046875,13026038.0
2026-03-12T19:30:00+00:00,667.989990234375,668.6500244140625,665.905029296875,666.0399780273438,12771977.0
2026-03-13T13:30:00+00:00,670.094970703125,672.3350219726562,667.72998046875,668.840087890625,18217959.0
2026-03-13T14:30:00+00:00,668.8699951171875,670.22998046875,664.4299926757812,664.5900268554688,13817201.0
2026-03-13T15:30:00+00:00,664.5700073242188,665.3300170898438,663.0999755859375,664.3300170898438,10913129.0
2026-03-13T16:30:00+00:00,664.3200073242188,665.22998046875,663.1300048828125,664.3699951171875,8757536.0
2026-03-13T17:30:00+00:00,664.3499755859375,664.52001953125,662.0800170898438,663.3400268554688,9439940.0
2026-03-13T18:30:00+00:00,663.3300170898438,664.8099975585938,662.1599731445312,662.3699951171875,9503155.0
2026-03-13T19:30:00+00:00,662.3699951171875,663.0,661.3599853515625,662.2999877929688,11375885.0
2026-03-16T13:30:00+00:00,668.3800048828125,671.4000244140625,667.7000122070312,670.27001953125,17734385.0
2026-03-16T14:30:00+00:00,670.27001953125,670.3499755859375,667.5750122070312,670.0599975585938,10466731.0
2026-03-16T15:30:00+00:00,670.0399780273438,670.6400146484375,667.1500244140625,667.4500122070312,11521957.0
2026-03-16T16:30:00+00:00,667.4199829101562,669.75,667.1199951171875,669.2000122070312,6033547.0
2026-03-16T17:30:00+00:00,669.2000122070312,670.0800170898438,667.97998046875,669.7999877929688,8459797.0
2026-03-16T18:30:00+00:00,669.7999877929688,672.0700073242188,668.6900024414062,669.27001953125,11603066.0
2026-03-16T19:30:00+00:00,669.27001953125,669.4299926757812,668.4199829101562,668.9600219726562,10497369.0
2026-03-17T13:30:00+00:00,672.3900146484375,674.4299926757812,671.5599975585938,672.5599975585938,15290363.0
2026-03-17T14:30:00+00:00,672.5700073242188,673.469970703125,671.5999755859375,671.635009765625,7855289.0
2026-03-17T15:30:00+00:00,671.6300048828125,672.1900024414062,669.7000122070312,671.2100219726562,9865005.0
2026-03-17T16:30:00+00:00,671.2000122070312,671.9400024414062,670.719970703125,671.530029296875,5135082.0
2026-03-17T17:30:00+00:00,671.530029296875,672.2999877929688,670.8599853515625,670.9000244140625,8245727.0
2026-03-17T18:30:00+00:00,670.9000244140625,671.60498046875,670.5900268554688,671.0399780273438,8331594.0
2026-03-17T19:30:00+00:00,671.0399780273438,671.280029296875,670.469970703125,670.72998046875,10144142.0
2026-03-18T13:30:00+00:00,668.3599853515625,669.719970703125,665.719970703125,665.9600219726562,16416985.0
2026-03-18T14:30:00+00:00,665.969970703125,668.0,665.6599731445312,666.9342041015625,7674368.0
2026-03-18T15:30:00+00:00,666.9099731445312,667.6199951171875,666.4918212890625,667.0700073242188,4712970.0
2026-03-18T16:30:00+00:00,667.0700073242188,667.2960205078125,665.4299926757812,665.8400268554688,5482247.0
2026-03-18T17:30:00+00:00,665.8400268554688,667.4400024414062,665.2899780273438,666.1199951171875,7202639.0
2026-03-18T18:30:00+00:00,666.1099853515625,666.2999877929688,662.6799926757812,662.9099731445312,14723450.0
2026-03-18T19:30:00+00:00,662.9000244140625,663.2191772460938,661.1900024414062,661.5700073242188,14238601.0
2026-03-19T13:30:00+00:00,656.969970703125,659.469970703125,655.1699829101562,656.3300170898438,23610365.0
2026-03-19T14:30:00+00:00,656.3400268554688,659.7100219726562,656.260009765625,657.719970703125,12175917.0
2026-03-19T15:30:00+00:00,657.719970703125,659.0399780273438,656.1799926757812,657.9500122070312,11880224.0
2026-03-19T16:30:00+00:00,657.97998046875,658.7100219726562,655.6099853515625,657.1199951171875,9393933.0
2026-03-19T17:30:00+00:00,657.0999755859375,658.6199951171875,656.1599731445312,657.1749877929688,9141237.0
2026-03-19T18:30:00+00:00,657.1799926757812,662.97998046875,656.3200073242188,660.25,21924565.0
2026-03-19T19:30:00+00:00,660.239990234375,660.739990234375,658.97998046875,659.719970703125,11501098.0
2026-03-20T13:30:00+00:00,656.510009765625,656.6900024414062,651.47998046875,651.8599853515625,21713873.0
2026-03-20T14:30:00+00:00,651.8599853515625,654.1599731445312,651.2000122070312,651.9199829101562,24293455.0
2026-03-20T15:30:00+00:00,651.9400024414062,653.989990234375,651.72998046875,653.0999755859375,15357499.0
2026-03-20T16:30:00+00:00,653.0999755859375,653.4000244140625,651.75,652.1599731445312,9184604.0
2026-03-20T17:30:00+00:00,652.1900024414062,652.3699951171875,648.6599731445312,649.4299926757812,15136238.0
2026-03-20T18:30:00+00:00,649.4299926757812,649.655029296875,646.780029296875,647.1199951171875,21363532.0
2026-03-20T19:30:00+00:00,647.1300048828125,648.52001953125,644.719970703125,648.510009765625,27843185.0
2026-03-23T13:30:00+00:00,658.0700073242188,662.27001953125,656.0700073242188,660.989990234375,38763106.0
2026-03-23T14:30:00+00:00,660.97998046875,662.614990234375,659.9500122070312,660.8900146484375,12821509.0
2026-03-23T15:30:00+00:00,660.9000244140625,661.3300170898438,653.9400024414062,654.0900268554688,19720491.0
2026-03-23T16:30:00+00:00,654.1088256835938,656.739990234375,653.989990234375,655.280029296875,9105169.0
2026-03-23T17:30:00+00:00,655.280029296875,658.3099975585938,655.260009765625,657.3900146484375,10860723.0
2026-03-23T18:30:00+00:00,657.4099731445312,659.6500244140625,657.030029296875,657.3300170898438,11685736.0
2026-03-23T19:30:00+00:00,657.3200073242188,658.3499755859375,655.3699951171875,655.3699951171875,13898637.0
2026-03-24T13:30:00+00:00,651.3200073242188,653.585693359375,649.8800048828125,652.489990234375,17157140.0
2026-03-24T14:30:00+00:00,652.510009765625,656.8300170898438,651.219970703125,656.0399780273438,16069386.0
2026-03-24T15:30:00+00:00,656.0599975585938,657.030029296875,654.2999877929688,655.9600219726562,8078359.0
2026-03-24T16:30:00+00:00,655.969970703125,656.1199951171875,652.5499877929688,653.405029296875,8311009.0
2026-03-24T17:30:00+00:00,653.4000244140625,654.97998046875,652.3800048828125,654.5900268554688,10047322.0
2026-03-24T18:30:00+00:00,654.5900268554688,656.5900268554688,654.280029296875,654.4500122070312,9961652.0
2026-03-24T19:30:00+00:00,654.4500122070312,654.7750244140625,652.5599975585938,653.2000122070312,10043583.0
2026-03-25T13:30:00+00:00,658.6699829101562,660.8900146484375,655.6699829101562,658.1400146484375,22876212.0
2026-03-25T14:30:00+00:00,658.1599731445312,659.25,654.239990234375,657.8400268554688,14577535.0
2026-03-25T15:30:00+00:00,657.8499755859375,658.239990234375,656.010009765625,657.5,9552650.0
2026-03-25T16:30:00+00:00,657.4600219726562,658.3200073242188,656.9149780273438,658.02001953125,8735929.0
2026-03-25T17:30:00+00:00,658.0399780273438,659.3800048828125,657.3300170898438,657.5150146484375,8862246.0
2026-03-25T18:30:00+00:00,657.510009765625,657.8099975585938,655.5800170898438,656.510009765625,11503640.0
2026-03-25T19:30:00+00:00,656.510009765625,657.0599975585938,655.7550048828125,656.739990234375,9045207.0
2026-03-26T13:30:00+00:00,652.0599975585938,654.8400268554688,650.72998046875,653.6199951171875,19212415.0
2026-03-26T14:30:00+00:00,653.6199951171875,654.8499755859375,650.8200073242188,651.7100219726562,14863677.0
2026-03-26T15:30:00+00:00,651.7100219726562,652.3499755859375,649.2899780273438,649.469970703125,9677804.0
2026-03-26T16:30:00+00:00,649.4912719726562,650.0999755859375,647.97998046875,648.6199951171875,7002375.0
2026-03-26T17:30:00+00:00,648.6199951171875,649.0599975585938,646.4400024414062,646.5999755859375,10319756.0
2026-03-26T18:30:00+00:00,646.6099853515625,647.6500244140625,645.8499755859375,646.2100219726562,12002274.0
2026-03-26T19:30:00+00:00,646.2100219726562,646.27001953125,644.8200073242188,645.10498046875,13326642.0
2026-03-27T13:30:00+00:00,642.5,642.6599731445312,638.593994140625,639.0999755859375,19514414.0
2026-03-27T14:30:00+00:00,639.0999755859375,641.489990234375,638.2999877929688,640.9600219726562,11109483.0
2026-03-27T15:30:00+00:00,640.9600219726562,642.1400146484375,638.5800170898438,638.8900146484375,9032070.0
2026-03-27T16:30:00+00:00,638.8800048828125,639.9299926757812,636.5900268554688,636.6199951171875,10693459.0
2026-03-27T17:30:00+00:00,636.6199951171875,637.25,635.1300048828125,635.77001953125,10641379.0
2026-03-27T18:30:00+00:00,635.7650146484375,636.7249755859375,634.52001953125,634.8590087890625,13489943.0
2026-03-27T19:30:00+00:00,634.8599853515625,635.3499755859375,633.10498046875,634.0800170898438,16949297.0
2026-03-30T13:30:00+00:00,640.1099853515625,640.3699951171875,634.6799926757812,635.8599853515625,19019082.0
2026-03-30T14:30:00+00:00,635.8499755859375,638.7999877929688,634.72998046875,636.4600219726562,14707830.0
2026-03-30T15:30:00+00:00,636.4500122070312,638.4749755859375,635.1649780273438,635.260009765625,8520361.0
2026-03-30T16:30:00+00:00,635.27001953125,636.010009765625,633.239990234375,633.4000244140625,8684535.0
2026-03-30T17:30:00+00:00,633.4000244140625,634.6300048828125,632.260009765625,632.280029296875,11276966.0
2026-03-30T18:30:00+00:00,632.2899780273438,633.1699829101562,629.280029296875,629.5800170898438,15080335.0
2026-03-30T19:30:00+00:00,629.5850219726562,632.6401977539062,629.3499755859375,632.0,14017529.0
2026-03-31T13:30:00+00:00,638.9400024414062,642.9500122070312,638.3099975585938,642.5,23437177.0
2026-03-31T14:30:00+00:00,642.47998046875,642.6500244140625,637.97998046875,640.6799926757812,18510738.0
2026-03-31T15:30:00+00:00,640.6799926757812,642.6300048828125,639.52001953125,642.1199951171875,9782227.0
2026-03-31T16:30:00+00:00,642.1099853515625,649.4600219726562,641.6500244140625,647.0,25329736.0
2026-03-31T17:30:00+00:00,647.030029296875,648.4099731445312,646.1400146484375,647.7050170898438,13700937.0
2026-03-31T18:30:00+00:00,647.7000122070312,649.9099731445312,647.2000122070312,649.4019775390625,14280568.0
2026-03-31T19:30:00+00:00,649.4199829101562,651.5399780273438,649.3200073242188,650.239990234375,24947292.0
2026-04-01T13:30:00+00:00,653.9000244140625,656.0499877929688,653.0,655.030029296875,24697054.0
2026-04-01T14:30:00+00:00,655.030029296875,657.0700073242188,653.5800170898438,656.3300170898438,12040039.0
2026-04-01T15:30:00+00:00,656.3300170898438,658.094970703125,655.9299926757812,657.1749877929688,8304190.0
2026-04-01T16:30:00+00:00,657.1849975585938,658.52001953125,656.8400268554688,658.2999877929688,6730728.0
2026-04-01T17:30:00+00:00,658.3099975585938,658.4400024414062,653.8300170898438,654.22998046875,11314270.0
2026-04-01T18:30:00+00:00,654.2249755859375,656.340087890625,653.6669921875,656.0999755859375,12258144.0
2026-04-01T19:30:00+00:00,656.0999755859375,656.75,654.719970703125,655.1799926757812,13412288.0
2026-04-02T13:30:00+00:00,646.4199829101562,651.0999755859375,645.1099853515625,650.3400268554688,16496040.0
2026-04-02T14:30:00+00:00,650.3499755859375,658.2000122070312,650.0999755859375,655.2899780273438,14908705.0
2026-04-02T15:30:00+00:00,655.3200073242188,655.889404296875,652.1699829101562,652.719970703125,6207493.0
2026-04-02T16:30:00+00:00,652.7100219726562,655.0399780273438,652.52001953125,654.6300048828125,4452903.0
2026-04-02T17:30:00+00:00,654.6500244140625,654.75,652.5499877929688,653.510009765625,4432041.0
2026-04-02T18:30:00+00:00,653.5,655.27001953125,653.3900146484375,654.3798828125,7421724.0
2026-04-02T19:30:00+00:00,654.3699951171875,656.0999755859375,654.0900268554688,655.8800048828125,7964160.0
2026-04-06T13:30:00+00:00,655.8599853515625,659.719970703125,655.52001953125,658.3699951171875,9310316.0
2026-04-06T14:30:00+00:00,658.4299926757812,659.0599975585938,656.6199951171875,656.9249877929688,4867271.0
2026-04-06T15:30:00+00:00,656.9299926757812,658.0399780273438,656.3400268554688,657.793212890625,2702785.0
2026-04-06T16:30:00+00:00,657.780029296875,658.510009765625,655.52001953125,657.3900756835938,4071149.0
2026-04-06T17:30:00+00:00,657.4099731445312,658.6500244140625,656.219970703125,658.239990234375,4910662.0
2026-04-06T18:30:00+00:00,658.22998046875,658.5223999023438,657.72998046875,657.880126953125,3529235.0
2026-04-06T19:30:00+00:00,657.8800048828125,658.9199829101562,657.8099975585938,658.8699951171875,5262864.0
2026-04-07T13:30:00+00:00,656.6500244140625,657.5800170898438,651.9199829101562,654.4000244140625,12903016.0
2026-04-07T14:30:00+00:00,654.4500122070312,655.3400268554688,651.0599975585938,653.2550048828125,9263074.0
2026-04-07T15:30:00+00:00,653.260009765625,657.0,652.5700073242188,655.9199829101562,7056077.0
2026-04-07T16:30:00+00:00,655.8900146484375,656.8800048828125,655.3400268554688,655.8200073242188,3161446.0
2026-04-07T17:30:00+00:00,655.8300170898438,658.3599853515625,655.5700073242188,656.1500244140625,4696504.0
2026-04-07T18:30:00+00:00,656.1300048828125,658.1699829101562,653.4121704101562,656.6599731445312,9777607.0
2026-04-07T19:30:00+00:00,656.6500244140625,659.5999755859375,655.8900146484375,659.260009765625,11768017.0
2026-04-08T13:30:00+00:00,676.3900146484375,677.0800170898438,673.969970703125,674.1300048828125,24535784.0
2026-04-08T14:30:00+00:00,674.1300048828125,674.3499755859375,671.4600219726562,673.030029296875,11175952.0
2026-04-08T15:30:00+00:00,673.0900268554688,675.6749877929688,673.0050048828125,675.02001953125,6915347.0
2026-04-08T16:30:00+00:00,675.030029296875,676.4349975585938,674.77001953125,675.010009765625,5331894.0
2026-04-08T17:30:00+00:00,675.0100708007812,676.60498046875,674.3400268554688,674.8800048828125,10193057.0
2026-04-08T18:30:00+00:00,674.9000244140625,675.3200073242188,672.780029296875,673.5399780273438,12163131.0
2026-04-08T19:30:00+00:00,673.5399780273438,676.0499877929688,673.489990234375,675.8800048828125,14811289.0
2026-04-09T13:30:00+00:00,674.8400268554688,675.7899169921875,673.9299926757812,674.2949829101562,10163311.0
2026-04-09T14:30:00+00:00,674.2899780273438,676.5499877929688,673.77001953125,675.9299926757812,8389172.0
2026-04-09T15:30:00+00:00,675.9199829101562,680.75,675.72998046875,679.9000244140625,9318282.0
2026-04-09T16:30:00+00:00,679.9199829101562,681.0159912109375,678.969970703125,680.2901000976562,5844054.0
2026-04-09T17:30:00+00:00,680.2999267578125,681.1599731445312,678.5800170898438,678.8499755859375,5611614.0
2026-04-09T18:30:00+00:00,678.8599853515625,680.239990234375,678.4400024414062,679.9199829101562,4999397.0
2026-04-09T19:30:00+00:00,679.9099731445312,680.6699829101562,679.8300170898438,679.8699951171875,6981221.0
2026-04-10T13:30:00+00:00,681.3200073242188,681.9299926757812,680.0280151367188,681.52001953125,8575459.0
2026-04-10T14:30:00+00:00,681.5399780273438,682.030029296875,680.4199829101562,681.239990234375,4957079.0
2026-04-10T15:30:00+00:00,681.22998046875,681.4500122070312,679.1099853515625,679.52001953125,5196622.0
2026-04-10T16:30:00+00:00,679.52001953125,679.7100219726562,678.5,678.6701049804688,3541906.0
2026-04-10T17:30:00+00:00,678.6500244140625,679.7000122070312,678.4500122070312,679.4000244140625,3537143.0
2026-04-10T18:30:00+00:00,679.4149780273438,679.989990234375,678.8699951171875,679.6400756835938,4555722.0
2026-04-10T19:30:00+00:00,679.6500244140625,679.6500244140625,678.6599731445312,679.3400268554688,6623264.0
2026-04-13T13:30:00+00:00,677.4099731445312,680.02001953125,676.5800170898438,679.5687866210938,10735839.0
2026-04-13T14:30:00+00:00,679.5700073242188,680.6599731445312,679.3099975585938,679.510009765625,4289558.0
2026-04-13T15:30:00+00:00,679.530029296875,681.6199951171875,679.0150146484375,681.3900146484375,3779252.0
2026-04-13T16:30:00+00:00,681.3800048828125,682.8300170898438,680.7000122070312,682.47998046875,5670548.0
2026-04-13T17:30:00+00:00,682.489990234375,682.7000122070312,681.8699951171875,682.375,3428545.0
2026-04-13T18:30:00+00:00,682.3699951171875,683.8400268554688,682.27001953125,683.8049926757812,5019951.0
2026-04-13T19:30:00+00:00,683.7999877929688,686.2999877929688,683.6599731445312,686.010009765625,11623331.0
2026-04-14T13:30:00+00:00,687.6900024414062,691.0499877929688,687.6599731445312,690.97998046875,12938663.0
2026-04-14T14:30:00+00:00,690.989990234375,692.469970703125,690.6099853515625,692.25,7755017.0
2026-04-14T15:30:00+00:00,692.25,693.719970703125,692.239990234375,693.594970703125,7040757.0
2026-04-14T16:30:00+00:00,693.5900268554688,694.0599975585938,692.8300170898438,693.739990234375,6253879.0
2026-04-14T17:30:00+00:00,693.739990234375,694.0999755859375,692.1300048828125,692.5999755859375,7021335.0
2026-04-14T18:30:00+00:00,692.5999755859375,694.2698974609375,692.3200073242188,694.239990234375,6928111.0
2026-04-14T19:30:00+00:00,694.22998046875,694.5800170898438,693.4099731445312,694.39501953125,6538533.0
2026-04-15T13:30:00+00:00,695.260009765625,696.9400024414062,694.2000122070312,696.9199829101562,10267598.0
2026-04-15T14:30:00+00:00,696.9199829101562,697.5599975585938,695.9299926757812,697.3699951171875,7405563.0
2026-04-15T15:30:00+00:00,697.3699951171875,697.7999877929688,696.7999877929688,697.3599243164062,5371261.0
2026-04-15T16:30:00+00:00,697.3599853515625,697.6199951171875,695.7000122070312,697.4199829101562,5207902.0
2026-04-15T17:30:00+00:00,697.4199829101562,698.6500244140625,697.1900024414062,698.5,5867040.0
2026-04-15T18:30:00+00:00,698.489990234375,700.030029296875,698.47998046875,700.0,8407944.0
2026-04-15T19:30:00+00:00,699.9949951171875,700.280029296875,699.260009765625,699.8400268554688,8213240.0
2026-04-16T13:30:00+00:00,700.8599853515625,701.1400146484375,698.530029296875,699.1400146484375,9928184.0
2026-04-16T14:30:00+00:00,699.14990234375,702.030029296875,698.8699951171875,700.780029296875,6196195.0
2026-04-16T15:30:00+00:00,700.77001953125,702.780029296875,700.6599731445312,702.010009765625,5434817.0
2026-04-16T16:30:00+00:00,702.0150146484375,702.0698852539062,699.8300170898438,700.7000122070312,7356865.0
2026-04-16T17:30:00+00:00,700.719970703125,701.530029296875,699.4736938476562,699.7899780273438,4006740.0
2026-04-16T18:30:00+00:00,699.7999877929688,701.1950073242188,699.7750244140625,700.9100952148438,4238107.0
2026-04-16T19:30:00+00:00,700.9099731445312,701.9400024414062,700.8300170898438,701.5499877929688,6272569.0
2026-04-17T13:30:00+00:00,706.1400146484375,709.4600219726562,705.760009765625,709.2249755859375,15058646.0
2026-04-17T14:30:00+00:00,709.239990234375,711.3350219726562,709.22998046875,710.6199951171875,9776320.0
2026-04-17T15:30:00+00:00,710.6300048828125,711.6400146484375,710.4193115234375,711.510009765625,11165135.0
2026-04-17T16:30:00+00:00,711.5150146484375,712.3900146484375,709.030029296875,709.8800048828125,6981774.0
2026-04-17T17:30:00+00:00,709.8800048828125,710.7000122070312,709.1400146484375,709.8099975585938,6282793.0
2026-04-17T18:30:00+00:00,709.8099975585938,710.3900146484375,708.989990234375,709.260009765625,5720487.0
2026-04-17T19:30:00+00:00,709.27001953125,710.4000244140625,709.260009765625,710.0499877929688,7560000.0
2026-04-20T13:30:00+00:00,708.780029296875,709.9099731445312,708.22998046875,708.9500122070312,8835720.0
2026-04-20T14:30:00+00:00,708.9299926757812,709.0,706.1400146484375,708.3300170898438,7945202.0
2026-04-20T15:30:00+00:00,708.3099975585938,708.3099975585938,707.02001953125,707.6500244140625,3081050.0
2026-04-20T16:30:00+00:00,707.6599731445312,708.3900146484375,707.260009765625,707.97998046875,3286946.0
2026-04-20T17:30:00+00:00,707.9882202148438,708.6099853515625,707.4810180664062,708.3200073242188,3162016.0
2026-04-20T18:30:00+00:00,708.3200073242188,708.6099853515625,707.8599853515625,708.02001953125,4138072.0
2026-04-20T19:30:00+00:00,708.02001953125,708.7999877929688,707.5999755859375,708.6900024414062,7039976.0
2026-04-21T13:30:00+00:00,709.5499877929688,711.2750244140625,708.75,710.5700073242188,7105727.0
2026-04-21T14:30:00+00:00,710.5599975585938,710.780029296875,706.1500244140625,706.6900024414062,7342275.0
2026-04-21T15:30:00+00:00,706.6599731445312,707.885009765625,706.0399780273438,706.3599853515625,4336562.0
2026-04-21T16:30:00+00:00,706.3314208984375,707.1400146484375,703.8400268554688,704.6900024414062,6331182.0
2026-04-21T17:30:00+00:00,704.6799926757812,707.4099731445312,704.6400146484375,705.0989990234375,6881048.0
2026-04-21T18:30:00+00:00,705.094970703125,707.780029296875,705.0203247070312,707.7249755859375,6468209.0
2026-04-21T19:30:00+00:00,707.719970703125,707.8699951171875,702.6400146484375,704.1400146484375,12123097.0
2026-04-22T13:30:00+00:00,709.1500244140625,710.7000122070312,708.219970703125,710.52001953125,8006905.0
2026-04-22T14:30:00+00:00,710.510009765625,710.6500244140625,709.2901000976562,710.2000122070312,4452727.0
2026-04-22T15:30:00+00:00,710.1900024414062,710.4400024414062,709.0800170898438,709.155029296875,3253829.0
2026-04-22T16:30:00+00:00,709.1500244140625,710.4199829101562,708.7999877929688,710.0399780273438,3451202.0
2026-04-22T17:30:00+00:00,710.0499877929688,710.4199829101562,709.2000122070312,709.4500122070312,3567461.0
2026-04-22T18:30:00+00:00,709.4600219726562,710.5800170898438,709.1900024414062,710.4500122070312,4604734.0
2026-04-22T19:30:00+00:00,710.4550170898438,711.4500122070312,710.1300048828125,711.2100219726562,6989198.0
2026-04-23T13:30:00+00:00,709.5,711.2849731445312,709.1300048828125,710.530029296875,8865824.0
2026-04-23T14:30:00+00:00,710.510009765625,712.280029296875,710.4000244140625,711.989990234375,4277457.0
2026-04-23T15:30:00+00:00,711.989990234375,712.3598022460938,710.3049926757812,710.72998046875,3884471.0
2026-04-23T16:30:00+00:00,710.7489013671875,711.27001953125,705.8800048828125,706.0499877929688,8053760.0
2026-04-23T17:30:00+00:00,706.0405883789062,708.5900268554688,702.2802734375,708.5100708007812,14427074.0
2026-04-23T18:30:00+00:00,708.510009765625,709.47998046875,706.739990234375,708.405029296875,5210950.0
2026-04-23T19:30:00+00:00,708.4199829101562,708.9099731445312,706.469970703125,708.4400024414062,6291893.0
2026-04-24T13:30:00+00:00,710.75,711.1599731445312,709.010009765625,709.8599853515625,9143812.0
2026-04-24T14:30:00+00:00,709.8900146484375,712.1500244140625,709.4500122070312,711.8499755859375,5226833.0
2026-04-24T15:30:00+00:00,711.8699951171875,714.1400146484375,711.5399780273438,713.3012084960938,5867584.0
2026-04-24T16:30:00+00:00,713.3209838867188,713.8912963867188,712.719970703125,713.02001953125,3705121.0
2026-04-24T17:30:00+00:00,713.0,714.4600219726562,712.72998046875,713.02001953125,3968273.0
2026-04-24T18:30:00+00:00,713.030029296875,714.469970703125,713.0,713.739990234375,3926316.0
2026-04-24T19:30:00+00:00,713.75,714.4299926757812,713.4400024414062,713.97998046875,7238972.0
2026-04-27T13:30:00+00:00,713.1699829101562,714.4093017578125,712.5999755859375,713.4450073242188,7962185.0
2026-04-27T14:30:00+00:00,713.459228515625,714.4500122070312,712.2949829101562,713.0,3815390.0
2026-04-27T15:30:00+00:00,712.989990234375,714.1199951171875,712.760009765625,713.8599853515625,2819606.0
2026-04-27T16:30:00+00:00,713.8699951171875,714.7550048828125,713.8599853515625,714.5999755859375,3364308.0
2026-04-27T17:30:00+00:00,714.5999755859375,715.239990234375,714.5800170898438,715.0999755859375,3255714.0
2026-04-27T18:30:00+00:00,715.0900268554688,715.219970703125,714.7100219726562,715.1400146484375,2918625.0
2026-04-27T19:30:00+00:00,715.1300048828125,715.6300048828125,714.8800048828125,715.1599731445312,5875867.0
2026-04-28T13:30:00+00:00,711.8150024414062,712.8800048828125,710.7899780273438,711.25,9095112.0
2026-04-28T14:30:00+00:00,711.260009765625,711.5800170898438,709.25,709.9000244140625,5121982.0
2026-04-28T15:30:00+00:00,709.905029296875,710.5900268554688,709.3800048828125,710.3200073242188,2911373.0
2026-04-28T16:30:00+00:00,710.3201293945312,710.4400024414062,709.3599853515625,710.1199951171875,2694169.0
2026-04-28T17:30:00+00:00,710.1199951171875,711.6500244140625,710.114990234375,711.3499755859375,4779246.0
2026-04-28T18:30:00+00:00,711.3599853515625,712.1900024414062,710.8300170898438,711.5900268554688,3513295.0
2026-04-28T19:30:00+00:00,711.5900268554688,711.989990234375,711.2000122070312,711.6799926757812,8209178.0
2026-04-29T13:30:00+00:00,711.0,711.6500244140625,709.6599731445312,711.47998046875,12198106.0
2026-04-29T14:30:00+00:00,711.47998046875,712.1099853515625,710.10498046875,710.8670043945312,11926771.0
2026-04-29T15:30:00+00:00,710.8800048828125,711.0999755859375,709.219970703125,709.7650146484375,3676266.0
2026-04-29T16:30:00+00:00,709.739990234375,709.739990234375,708.9099731445312,709.1900024414062,669666.0
2026-04-29T16:36:55+00:00,709.0800170898438,709.0800170898438,709.0800170898438,709.0800170898438,0
