timestamp,open,high,low,close,volume
2025-10-05T14:00:00+00:00,231.64,232.03,231.62,231.98,10126.155
2025-10-05T14:15:00+00:00,231.97,232.02,231.35,231.48,11322.221
2025-10-05T14:30:00+00:00,231.47,231.6,230.27,230.48,41896.104
2025-10-05T14:45:00+00:00,230.47,230.47,228.42,230.14,107315.801
2025-10-05T15:00:00+00:00,230.13,230.31,229.77,230.25,23239.013
2025-10-05T15:15:00+00:00,230.25,230.9,230.19,230.46,20802.488
2025-10-05T15:30:00+00:00,230.46,230.46,229.75,229.79,26119.547
2025-10-05T15:45:00+00:00,229.8,230.31,229.77,230.14,17290.7
2025-10-05T16:00:00+00:00,230.13,230.75,229.75,230.61,24482.201
2025-10-05T16:15:00+00:00,230.6,230.67,230.05,230.15,14629.027
2025-10-05T16:30:00+00:00,230.15,230.49,229.91,230.01,15898.615
2025-10-05T16:45:00+00:00,230.01,231.23,228.8,231.09,40763.197
2025-10-05T17:00:00+00:00,231.08,231.47,230.36,230.53,20327.4
2025-10-05T17:15:00+00:00,230.54,231.04,230.37,230.73,13973.465
2025-10-05T17:30:00+00:00,230.74,230.74,229.65,230.04,17125.832
2025-10-05T17:45:00+00:00,230.05,230.15,229.31,229.67,11184.754
2025-10-05T18:00:00+00:00,229.68,229.92,227.45,228.34,73569.442
2025-10-05T18:15:00+00:00,228.33,228.77,227.91,228.65,25125.139
2025-10-05T18:30:00+00:00,228.65,229.29,228.6,228.74,15391.007
2025-10-05T18:45:00+00:00,228.74,229.18,228.63,228.98,10613.071
2025-10-05T19:00:00+00:00,228.98,229.03,226.75,227.46,58665.129
2025-10-05T19:15:00+00:00,227.47,228.16,227.1,227.87,18100.756
2025-10-05T19:30:00+00:00,227.86,228.09,227.39,227.67,15545.414
2025-10-05T19:45:00+00:00,227.66,227.77,226.72,227.07,21919.467
2025-10-05T20:00:00+00:00,227.07,227.86,226.7,227.52,21608.399
2025-10-05T20:15:00+00:00,227.53,227.78,227.17,227.75,10281.138
2025-10-05T20:30:00+00:00,227.75,228.91,227.73,228.63,26275.55
2025-10-05T20:45:00+00:00,228.63,229.0,227.98,227.98,10028.697
2025-10-05T21:00:00+00:00,227.99,228.32,227.45,228.16,22363.275
2025-10-05T21:15:00+00:00,228.15,228.46,227.78,228.14,7539.754
2025-10-05T21:30:00+00:00,228.13,228.54,227.81,228.53,9329.628
2025-10-05T21:45:00+00:00,228.53,228.78,228.37,228.71,15458.848
2025-10-05T22:00:00+00:00,228.71,229.26,227.33,227.44,18619.541
2025-10-05T22:15:00+00:00,227.45,228.14,227.06,227.75,28585.507
2025-10-05T22:30:00+00:00,227.75,228.08,227.65,227.99,8989.511
2025-10-05T22:45:00+00:00,227.99,228.47,227.88,228.32,9595.744
2025-10-05T23:00:00+00:00,228.31,229.02,228.2,228.57,28851.513
2025-10-05T23:15:00+00:00,228.57,228.8,228.13,228.53,10291.068
2025-10-05T23:30:00+00:00,228.53,229.13,228.53,228.75,9589.192
2025-10-05T23:45:00+00:00,228.75,228.87,228.25,228.56,13130.302
2025-10-06T00:00:00+00:00,228.56,228.78,227.55,228.59,30465.924
2025-10-06T00:15:00+00:00,228.59,230.33,227.84,228.49,46492.165
2025-10-06T00:30:00+00:00,228.49,229.19,228.09,229.12,31540.348
2025-10-06T00:45:00+00:00,229.12,229.33,227.8,228.7,25856.108
2025-10-06T01:00:00+00:00,228.69,229.0,227.76,228.82,20014.573
2025-10-06T01:15:00+00:00,228.83,230.97,228.31,230.66,44294.141
2025-10-06T01:30:00+00:00,230.66,231.71,230.26,230.69,54500.008
2025-10-06T01:45:00+00:00,230.69,231.58,230.33,231.42,28366.73
2025-10-06T02:00:00+00:00,231.42,231.7,230.74,231.33,29701.389
2025-10-06T02:15:00+00:00,231.33,231.53,230.6,230.78,37828.544
2025-10-06T02:30:00+00:00,230.78,231.29,229.83,231.2,63619.559
2025-10-06T02:45:00+00:00,231.21,232.99,231.21,232.37,57207.795
2025-10-06T03:00:00+00:00,232.37,232.44,231.78,232.43,23792.154
2025-10-06T03:15:00+00:00,232.44,233.08,232.26,233.04,26304.946
2025-10-06T03:30:00+00:00,233.03,233.3,232.12,232.27,17210.394
2025-10-06T03:45:00+00:00,232.27,232.44,231.71,232.24,26772.379
2025-10-06T04:00:00+00:00,232.23,232.28,231.26,231.74,18243.996
2025-10-06T04:15:00+00:00,231.75,232.24,231.56,232.15,9899.763
2025-10-06T04:30:00+00:00,232.15,232.31,230.93,231.12,23069.958
2025-10-06T04:45:00+00:00,231.12,231.6,230.59,230.67,24234.682
2025-10-06T05:00:00+00:00,230.67,230.86,230.17,230.21,17475.23
2025-10-06T05:15:00+00:00,230.21,231.49,230.17,231.45,21628.331
2025-10-06T05:30:00+00:00,231.46,231.75,231.1,231.75,20156.758
2025-10-06T05:45:00+00:00,231.75,232.48,231.7,232.32,20628.379
2025-10-06T06:00:00+00:00,232.32,233.64,232.32,233.51,32836.658
2025-10-06T06:15:00+00:00,233.5,234.25,232.83,233.91,43081.577
2025-10-06T06:30:00+00:00,233.91,234.86,233.86,234.24,41121.549
2025-10-06T06:45:00+00:00,234.24,234.4,233.43,233.95,29214.267
2025-10-06T07:00:00+00:00,233.95,234.26,233.33,234.09,29128.106
2025-10-06T07:15:00+00:00,234.09,234.22,233.47,233.6,24624.678
2025-10-06T07:30:00+00:00,233.61,233.7,231.14,231.44,49511.788
2025-10-06T07:45:00+00:00,231.43,231.44,230.63,231.36,41253.221
2025-10-06T08:00:00+00:00,231.37,233.02,231.37,232.62,22987.776
2025-10-06T08:15:00+00:00,232.62,232.99,232.2,232.8,21918.942
2025-10-06T08:30:00+00:00,232.81,233.83,232.81,233.2,38319.87
2025-10-06T08:45:00+00:00,233.19,233.92,233.11,233.71,26357.609
2025-10-06T09:00:00+00:00,233.7,234.15,233.15,233.28,17259.563
2025-10-06T09:15:00+00:00,233.27,233.45,232.8,233.37,17249.403
2025-10-06T09:30:00+00:00,233.36,233.43,232.94,232.94,25496.188
2025-10-06T09:45:00+00:00,232.95,233.78,232.85,233.5,24863.608
2025-10-06T10:00:00+00:00,233.49,233.76,232.73,232.84,14842.782
2025-10-06T10:15:00+00:00,232.84,233.1,232.42,232.84,19811.298
2025-10-06T10:30:00+00:00,232.84,233.04,232.33,232.65,14033.291
2025-10-06T10:45:00+00:00,232.65,233.19,232.62,232.67,17535.452
2025-10-06T11:00:00+00:00,232.66,232.66,231.8,232.21,17319.317
2025-10-06T11:15:00+00:00,232.21,233.57,232.07,233.55,24855.623
2025-10-06T11:30:00+00:00,233.55,233.84,232.61,233.29,31443.128
2025-10-06T11:45:00+00:00,233.29,233.52,232.88,233.02,25521.411
2025-10-06T12:00:00+00:00,233.02,233.6,232.93,233.49,16512.581
2025-10-06T12:15:00+00:00,233.49,234.47,233.49,234.0,44104.122
2025-10-06T12:30:00+00:00,234.0,234.38,233.35,233.48,30076.816
2025-10-06T12:45:00+00:00,233.48,234.2,233.45,234.1,20611.563
2025-10-06T13:00:00+00:00,234.09,234.56,233.66,233.97,32155.911
2025-10-06T13:15:00+00:00,233.96,234.52,233.52,234.42,33347.618
2025-10-06T13:30:00+00:00,234.43,235.13,233.21,233.68,69950.142
2025-10-06T13:45:00+00:00,233.68,234.97,232.63,234.78,56763.439
2025-10-06T14:00:00+00:00,234.78,235.74,234.24,234.44,74529.192
2025-10-06T14:15:00+00:00,234.43,235.07,233.29,233.98,33091.872
2025-10-06T14:30:00+00:00,233.98,235.3,233.92,234.06,41578.69
2025-10-06T14:45:00+00:00,234.06,234.58,232.8,233.33,41115.734
2025-10-06T15:00:00+00:00,233.33,234.52,233.3,234.49,29871.118
2025-10-06T15:15:00+00:00,234.48,236.47,234.48,236.3,90112.825
2025-10-06T15:30:00+00:00,236.3,236.38,235.43,235.99,43530.681
2025-10-06T15:45:00+00:00,235.99,236.67,235.57,235.64,40144.385
2025-10-06T16:00:00+00:00,235.64,236.25,234.48,234.74,31816.917
2025-10-06T16:15:00+00:00,234.73,235.4,234.05,234.29,27983.682
2025-10-06T16:30:00+00:00,234.29,235.71,234.12,235.7,21280.463
2025-10-06T16:45:00+00:00,235.7,235.85,235.15,235.7,18768.672
2025-10-06T17:00:00+00:00,235.7,235.97,235.44,235.83,32735.251
2025-10-06T17:15:00+00:00,235.83,237.3,235.61,237.18,82632.822
2025-10-06T17:30:00+00:00,237.18,237.79,235.53,236.12,64227.91
2025-10-06T17:45:00+00:00,236.11,236.91,235.67,236.42,28322.174
2025-10-06T18:00:00+00:00,236.43,237.05,235.91,236.28,37405.622
2025-10-06T18:15:00+00:00,236.28,236.4,235.51,235.6,21620.788
2025-10-06T18:30:00+00:00,235.59,235.91,234.82,235.47,27405.324
2025-10-06T18:45:00+00:00,235.47,237.16,235.4,236.8,29548.914
2025-10-06T19:00:00+00:00,236.81,237.0,235.82,236.15,24466.203
2025-10-06T19:15:00+00:00,236.16,236.28,235.25,235.5,31203.867
2025-10-06T19:30:00+00:00,235.5,235.86,234.7,235.0,27705.986
2025-10-06T19:45:00+00:00,235.0,235.54,234.75,235.35,27388.313
2025-10-06T20:00:00+00:00,235.34,236.15,234.75,235.01,23352.119
2025-10-06T20:15:00+00:00,235.01,235.01,233.24,234.33,49047.208
2025-10-06T20:30:00+00:00,234.34,234.75,233.69,233.83,22391.405
2025-10-06T20:45:00+00:00,233.82,234.11,233.59,233.6,22286.968
2025-10-06T21:00:00+00:00,233.6,234.44,233.59,234.03,17276.994
2025-10-06T21:15:00+00:00,234.02,234.16,232.76,233.32,40085.715
2025-10-06T21:30:00+00:00,233.32,234.11,232.98,233.99,15964.37
2025-10-06T21:45:00+00:00,233.98,234.23,233.63,234.23,13278.141
2025-10-06T22:00:00+00:00,234.22,234.61,233.92,234.45,17978.77
2025-10-06T22:15:00+00:00,234.45,234.99,234.42,234.98,14372.898
2025-10-06T22:30:00+00:00,234.98,234.98,234.12,234.36,11426.9
2025-10-06T22:45:00+00:00,234.37,234.89,234.34,234.62,11758.014
2025-10-06T23:00:00+00:00,234.62,234.77,233.52,233.53,14599.074
2025-10-06T23:15:00+00:00,233.52,233.74,231.64,233.38,57676.437
2025-10-06T23:30:00+00:00,233.38,233.39,232.51,233.01,23821.297
2025-10-06T23:45:00+00:00,233.02,233.06,232.31,232.35,24711.109
2025-10-07T00:00:00+00:00,232.35,233.0,231.91,232.09,36906.971
2025-10-07T00:15:00+00:00,232.09,232.25,231.31,231.32,44013.943
2025-10-07T00:30:00+00:00,231.32,232.44,231.16,232.42,23944.013
2025-10-07T00:45:00+00:00,232.42,232.56,231.66,232.52,14847.117
2025-10-07T01:00:00+00:00,232.51,233.12,232.42,232.6,23878.766
2025-10-07T01:15:00+00:00,232.6,232.6,231.0,231.7,35626.706
2025-10-07T01:30:00+00:00,231.7,232.67,231.25,232.62,17975.405
2025-10-07T01:45:00+00:00,232.61,232.79,232.1,232.72,16936.128
2025-10-07T02:00:00+00:00,232.73,233.07,232.37,232.62,32512.278
2025-10-07T02:15:00+00:00,232.62,233.47,232.05,233.47,32966.724
2025-10-07T02:30:00+00:00,233.47,233.85,232.89,233.24,19380.863
2025-10-07T02:45:00+00:00,233.24,233.6,233.15,233.47,10483.222
2025-10-07T03:00:00+00:00,233.46,233.86,233.11,233.82,22894.754
2025-10-07T03:15:00+00:00,233.82,233.82,233.05,233.1,20511.881
2025-10-07T03:30:00+00:00,233.11,233.57,232.84,233.57,16305.788
2025-10-07T03:45:00+00:00,233.57,233.98,233.4,233.95,16127.217
2025-10-07T04:00:00+00:00,233.95,234.0,233.06,233.29,17536.359
2025-10-07T04:15:00+00:00,233.28,233.88,233.0,233.87,12262.636
2025-10-07T04:30:00+00:00,233.87,234.86,233.85,234.51,39277.15
2025-10-07T04:45:00+00:00,234.52,235.21,234.43,234.85,37165.63
2025-10-07T05:00:00+00:00,234.86,234.99,234.12,234.63,26848.75
2025-10-07T05:15:00+00:00,234.63,235.02,234.21,234.77,21500.523
2025-10-07T05:30:00+00:00,234.78,235.02,234.19,234.71,31257.388
2025-10-07T05:45:00+00:00,234.72,234.78,233.15,233.52,38696.691
2025-10-07T06:00:00+00:00,233.51,233.68,232.81,232.93,28817.437
2025-10-07T06:15:00+00:00,232.93,232.99,231.42,231.53,46352.614
2025-10-07T06:30:00+00:00,231.53,231.93,229.41,230.54,122695.42
2025-10-07T06:45:00+00:00,230.53,230.78,230.07,230.44,42088.012
2025-10-07T07:00:00+00:00,230.43,231.14,230.27,230.34,51813.427
2025-10-07T07:15:00+00:00,230.35,230.97,229.53,230.93,64900.838
2025-10-07T07:30:00+00:00,230.93,230.97,230.4,230.79,26116.091
2025-10-07T07:45:00+00:00,230.79,231.07,230.56,231.01,15374.061
2025-10-07T08:00:00+00:00,231.01,231.01,228.78,229.11,69239.305
2025-10-07T08:15:00+00:00,229.11,229.91,228.22,229.27,78250.763
2025-10-07T08:30:00+00:00,229.27,230.17,228.68,230.17,31727.816
2025-10-07T08:45:00+00:00,230.17,230.35,229.53,230.01,28183.915
2025-10-07T09:00:00+00:00,230.01,230.59,229.89,230.36,49521.791
2025-10-07T09:15:00+00:00,230.36,230.51,229.7,230.08,28121.555
2025-10-07T09:30:00+00:00,230.09,230.38,229.83,230.08,24110.344
2025-10-07T09:45:00+00:00,230.07,230.56,230.0,230.35,22857.723
2025-10-07T10:00:00+00:00,230.36,231.39,229.77,231.27,35285.799
2025-10-07T10:15:00+00:00,231.28,231.64,230.8,231.0,35138.714
2025-10-07T10:30:00+00:00,231.0,231.35,230.76,230.79,19229.219
2025-10-07T10:45:00+00:00,230.78,231.04,230.6,230.86,19393.841
2025-10-07T11:00:00+00:00,230.86,231.16,230.34,230.4,32478.779
2025-10-07T11:15:00+00:00,230.39,230.7,230.26,230.27,35388.265
2025-10-07T11:30:00+00:00,230.27,230.94,230.06,230.11,25379.316
2025-10-07T11:45:00+00:00,230.11,230.76,230.1,230.44,28684.375
2025-10-07T12:00:00+00:00,230.44,230.54,229.81,230.03,22037.048
2025-10-07T12:15:00+00:00,230.04,230.17,229.5,229.69,50392.166
2025-10-07T12:30:00+00:00,229.69,229.87,229.2,229.51,67218.337
2025-10-07T12:45:00+00:00,229.51,231.49,229.51,231.48,52295.78
2025-10-07T13:00:00+00:00,231.48,231.59,230.65,231.14,34049.536
2025-10-07T13:15:00+00:00,231.13,231.56,230.71,231.44,33557.818
2025-10-07T13:30:00+00:00,231.45,231.52,226.5,227.53,171516.384
2025-10-07T13:45:00+00:00,227.53,228.05,226.33,227.93,101294.568
2025-10-07T14:00:00+00:00,227.93,228.15,224.51,225.1,215377.516
2025-10-07T14:15:00+00:00,225.09,226.83,224.63,225.43,93924.749
2025-10-07T14:30:00+00:00,225.44,226.38,224.94,226.37,77073.543
2025-10-07T14:45:00+00:00,226.38,226.74,225.22,225.29,52691.969
2025-10-07T15:00:00+00:00,225.3,225.88,220.8,223.39,359981.999
2025-10-07T15:15:00+00:00,223.39,224.66,223.17,223.65,81202.246
2025-10-07T15:30:00+00:00,223.65,223.73,221.52,222.28,115463.267
2025-10-07T15:45:00+00:00,222.28,223.79,222.05,223.79,91312.798
2025-10-07T16:00:00+00:00,223.79,223.8,222.62,222.84,68144.42
2025-10-07T16:15:00+00:00,222.84,223.68,221.85,222.94,121254.492
2025-10-07T16:30:00+00:00,222.95,224.75,222.94,224.12,66028.201
2025-10-07T16:45:00+00:00,224.11,225.31,223.91,224.4,69264.479
2025-10-07T17:00:00+00:00,224.4,224.81,223.68,223.88,83629.07
2025-10-07T17:15:00+00:00,223.88,223.95,223.04,223.59,32716.726
2025-10-07T17:30:00+00:00,223.58,223.9,223.1,223.76,34707.689
2025-10-07T17:45:00+00:00,223.75,224.26,222.63,222.7,33945.174
2025-10-07T18:00:00+00:00,222.71,223.29,222.5,222.76,25870.195
2025-10-07T18:15:00+00:00,222.76,222.96,221.95,222.76,26333.834
2025-10-07T18:30:00+00:00,222.75,222.99,221.8,222.33,21978.596
2025-10-07T18:45:00+00:00,222.34,222.46,221.38,221.43,27404.92
2025-10-07T19:00:00+00:00,221.43,222.76,221.21,221.82,40155.495
2025-10-07T19:15:00+00:00,221.81,222.15,221.31,221.4,21392.785
2025-10-07T19:30:00+00:00,221.39,222.17,220.71,221.53,50532.983
2025-10-07T19:45:00+00:00,221.53,222.89,221.29,221.69,50020.977
2025-10-07T20:00:00+00:00,221.7,223.7,221.53,223.41,52694.858
2025-10-07T20:15:00+00:00,223.41,223.88,222.82,223.76,19868.568
2025-10-07T20:30:00+00:00,223.76,224.08,223.5,223.53,22420.822
2025-10-07T20:45:00+00:00,223.54,224.16,223.37,223.49,22668.104
2025-10-07T21:00:00+00:00,223.49,224.0,222.82,223.74,41142.692
2025-10-07T21:15:00+00:00,223.73,224.28,223.55,224.1,19299.247
2025-10-07T21:30:00+00:00,224.11,224.17,223.16,223.47,16138.265
2025-10-07T21:45:00+00:00,223.47,223.47,222.41,223.14,32987.965
2025-10-07T22:00:00+00:00,223.15,223.16,222.01,222.79,10467.172
2025-10-07T22:15:00+00:00,222.78,223.66,222.72,223.27,15903.384
2025-10-07T22:30:00+00:00,223.26,223.51,222.25,222.51,16916.291
2025-10-07T22:45:00+00:00,222.51,222.67,222.11,222.49,9593.759
2025-10-07T23:00:00+00:00,222.5,222.56,221.6,221.66,17857.759
2025-10-07T23:15:00+00:00,221.66,221.95,220.48,221.08,34495.709
2025-10-07T23:30:00+00:00,221.08,221.3,220.53,221.08,26037.494
2025-10-07T23:45:00+00:00,221.09,221.34,219.7,219.97,78777.585
2025-10-08T00:00:00+00:00,219.98,221.0,219.79,220.27,47488.387
2025-10-08T00:15:00+00:00,220.27,221.2,220.24,220.3,28693.354
2025-10-08T00:30:00+00:00,220.3,221.54,217.91,221.13,140613.361
2025-10-08T00:45:00+00:00,221.14,221.79,220.94,220.99,32862.308
2025-10-08T01:00:00+00:00,220.99,221.31,220.53,220.65,16048.622
2025-10-08T01:15:00+00:00,220.65,222.09,220.48,221.61,19417.099
2025-10-08T01:30:00+00:00,221.6,222.14,221.36,221.65,17000.831
2025-10-08T01:45:00+00:00,221.65,222.32,221.58,222.04,13123.271
2025-10-08T02:00:00+00:00,222.04,222.1,221.46,221.86,16244.523
2025-10-08T02:15:00+00:00,221.86,222.78,221.86,222.49,21109.07
2025-10-08T02:30:00+00:00,222.48,222.49,221.54,221.56,33729.076
2025-10-08T02:45:00+00:00,221.57,222.04,221.13,221.58,42798.014
2025-10-08T03:00:00+00:00,221.58,221.58,220.1,220.13,36756.454
2025-10-08T03:15:00+00:00,220.13,220.51,218.57,218.88,60164.644
2025-10-08T03:30:00+00:00,218.88,219.49,218.68,218.9,38682.465
2025-10-08T03:45:00+00:00,218.91,219.39,217.93,218.31,66802.965
2025-10-08T04:00:00+00:00,218.3,219.51,217.3,219.15,71621.426
2025-10-08T04:15:00+00:00,219.15,219.94,219.12,219.48,26604.817
2025-10-08T04:30:00+00:00,219.48,220.3,219.47,220.13,20306.189
2025-10-08T04:45:00+00:00,220.13,220.54,219.93,220.4,18837.663
2025-10-08T05:00:00+00:00,220.41,220.43,219.67,219.79,20136.65
2025-10-08T05:15:00+00:00,219.8,219.88,218.55,218.99,52330.236
2025-10-08T05:30:00+00:00,219.0,219.42,218.79,218.8,24510.045
2025-10-08T05:45:00+00:00,218.79,219.71,218.38,219.5,13748.929
2025-10-08T06:00:00+00:00,219.51,219.92,218.62,219.62,18079.784
2025-10-08T06:15:00+00:00,219.62,219.92,218.98,219.2,22406.985
2025-10-08T06:30:00+00:00,219.2,219.68,218.9,219.49,24013.42
2025-10-08T06:45:00+00:00,219.49,220.47,219.49,220.26,13565.089
2025-10-08T07:00:00+00:00,220.26,220.62,219.66,219.8,16090.289
2025-10-08T07:15:00+00:00,219.79,220.09,219.44,219.92,18323.114
2025-10-08T07:30:00+00:00,219.92,220.31,219.5,220.13,9670.524
2025-10-08T07:45:00+00:00,220.13,220.98,219.74,220.95,25699.446
2025-10-08T08:00:00+00:00,220.95,221.47,220.82,221.12,18575.275
2025-10-08T08:15:00+00:00,221.11,221.75,220.9,221.34,18653.957
2025-10-08T08:30:00+00:00,221.34,222.62,221.17,222.53,44617.021
2025-10-08T08:45:00+00:00,222.54,222.64,221.4,221.61,29589.386
2025-10-08T09:00:00+00:00,221.62,222.08,221.22,221.37,30086.004
2025-10-08T09:15:00+00:00,221.37,221.4,220.8,221.08,20238.589
2025-10-08T09:30:00+00:00,221.07,221.46,220.74,221.22,23495.484
2025-10-08T09:45:00+00:00,221.21,221.44,220.77,221.43,16282.833
2025-10-08T10:00:00+00:00,221.43,222.08,221.05,221.16,17836.115
2025-10-08T10:15:00+00:00,221.16,221.65,221.02,221.19,16171.047
2025-10-08T10:30:00+00:00,221.19,222.0,221.1,221.9,19312.813
2025-10-08T10:45:00+00:00,221.9,222.21,221.7,222.12,24588.609
2025-10-08T11:00:00+00:00,222.13,222.56,221.8,222.27,29886.221
2025-10-08T11:15:00+00:00,222.27,222.28,221.2,221.45,22786.763
2025-10-08T11:30:00+00:00,221.46,221.48,220.69,220.72,18977.646
2025-10-08T11:45:00+00:00,220.73,221.31,220.65,221.2,13864.416
2025-10-08T12:00:00+00:00,221.2,222.18,221.08,221.88,25908.256
2025-10-08T12:15:00+00:00,221.87,222.16,221.17,222.15,24346.46
2025-10-08T12:30:00+00:00,222.16,222.4,221.46,222.25,16304.108
2025-10-08T12:45:00+00:00,222.26,222.55,221.65,222.29,17841.908
2025-10-08T13:00:00+00:00,222.3,222.71,221.83,222.29,20732.721
2025-10-08T13:15:00+00:00,222.29,222.4,221.63,221.75,13358.48
2025-10-08T13:30:00+00:00,221.76,222.05,219.55,219.98,59674.801
2025-10-08T13:45:00+00:00,219.98,221.54,218.78,221.45,87381.26
2025-10-08T14:00:00+00:00,221.44,224.18,221.44,222.42,107583.757
2025-10-08T14:15:00+00:00,222.41,223.47,221.85,221.91,39738.672
2025-10-08T14:30:00+00:00,221.9,222.67,220.58,220.92,58104.193
2025-10-08T14:45:00+00:00,220.91,221.23,219.52,220.08,34120.368
2025-10-08T15:00:00+00:00,220.09,221.19,219.93,220.82,25567.335
2025-10-08T15:15:00+00:00,220.82,222.84,220.6,222.38,45665.313
2025-10-08T15:30:00+00:00,222.38,222.47,221.62,221.7,17413.131
2025-10-08T15:45:00+00:00,221.7,221.7,220.57,221.19,17708.689
2025-10-08T16:00:00+00:00,221.2,222.27,220.71,222.27,18469.468
2025-10-08T16:15:00+00:00,222.28,222.45,221.65,222.08,31111.192
2025-10-08T16:30:00+00:00,222.07,222.2,221.47,222.14,20799.111
2025-10-08T16:45:00+00:00,222.14,223.7,222.03,223.57,29724.632
2025-10-08T17:00:00+00:00,223.56,225.16,223.36,225.12,103800.698
2025-10-08T17:15:00+00:00,225.12,226.69,224.73,226.45,73615.761
2025-10-08T17:30:00+00:00,226.45,227.09,225.86,226.03,65930.612
2025-10-08T17:45:00+00:00,226.03,227.71,225.8,226.92,54920.825
2025-10-08T18:00:00+00:00,226.93,227.87,226.43,227.4,34079.705
2025-10-08T18:15:00+00:00,227.4,228.32,227.18,227.29,52529.083
2025-10-08T18:30:00+00:00,227.29,228.9,226.8,227.5,58258.598
2025-10-08T18:45:00+00:00,227.5,229.67,227.42,228.67,66902.668
2025-10-08T19:00:00+00:00,228.66,228.87,227.61,227.75,54056.11
2025-10-08T19:15:00+00:00,227.75,228.53,227.52,228.19,23533.399
2025-10-08T19:30:00+00:00,228.19,229.14,228.17,228.56,26209.491
2025-10-08T19:45:00+00:00,228.55,229.6,228.29,229.34,38878.161
2025-10-08T20:00:00+00:00,229.34,229.68,228.66,229.1,25806.225
2025-10-08T20:15:00+00:00,229.1,229.69,229.02,229.38,22505.52
2025-10-08T20:30:00+00:00,229.39,229.49,228.58,228.84,22015.149
2025-10-08T20:45:00+00:00,228.84,228.9,227.46,227.7,40893.181
2025-10-08T21:00:00+00:00,227.7,228.33,227.42,227.61,30588.999
2025-10-08T21:15:00+00:00,227.62,228.58,227.62,228.46,16941.63
2025-10-08T21:30:00+00:00,228.47,229.14,228.43,228.67,15068.54
2025-10-08T21:45:00+00:00,228.67,228.68,227.84,228.49,16113.646
2025-10-08T22:00:00+00:00,228.48,229.48,228.48,229.18,22987.139
2025-10-08T22:15:00+00:00,229.17,229.72,228.82,229.12,26065.726
2025-10-08T22:30:00+00:00,229.13,229.32,228.86,229.06,13202.711
2025-10-08T22:45:00+00:00,229.07,229.17,228.58,228.61,12741.654
2025-10-08T23:00:00+00:00,228.61,228.78,227.73,228.01,43335.957
2025-10-08T23:15:00+00:00,228.01,228.78,227.88,228.64,10333.779
2025-10-08T23:30:00+00:00,228.64,229.37,228.64,228.89,20492.058
2025-10-08T23:45:00+00:00,228.88,229.13,228.7,229.02,7958.536
2025-10-09T00:00:00+00:00,229.03,229.34,228.01,228.27,20620.96
2025-10-09T00:15:00+00:00,228.26,229.69,228.15,228.68,24263.339
2025-10-09T00:30:00+00:00,228.68,229.24,228.11,228.59,17296.899
2025-10-09T00:45:00+00:00,228.59,229.0,228.26,228.34,14956.177
2025-10-09T01:00:00+00:00,228.33,228.62,227.19,227.19,28016.856
2025-10-09T01:15:00+00:00,227.19,227.87,226.51,226.75,53885.855
2025-10-09T01:30:00+00:00,226.74,226.84,226.01,226.13,38906.183
2025-10-09T01:45:00+00:00,226.12,228.65,226.07,228.45,42111.127
2025-10-09T02:00:00+00:00,228.46,228.74,226.62,227.31,29868.579
2025-10-09T02:15:00+00:00,227.31,227.44,226.05,227.07,47896.553
2025-10-09T02:30:00+00:00,227.07,227.6,225.26,225.57,62239.41
2025-10-09T02:45:00+00:00,225.58,226.06,223.84,224.44,88644.296
2025-10-09T03:00:00+00:00,224.44,225.81,224.39,225.46,30871.274
2025-10-09T03:15:00+00:00,225.45,226.45,225.41,225.75,24979.627
2025-10-09T03:30:00+00:00,225.74,226.29,225.23,225.41,18481.062
2025-10-09T03:45:00+00:00,225.41,226.41,225.35,226.19,26864.312
2025-10-09T04:00:00+00:00,226.19,226.42,225.46,225.46,29117.312
2025-10-09T04:15:00+00:00,225.46,227.19,225.46,227.09,28327.917
2025-10-09T04:30:00+00:00,227.09,227.41,226.62,226.7,31986.609
2025-10-09T04:45:00+00:00,226.7,227.57,226.62,227.47,17170.999
2025-10-09T05:00:00+00:00,227.48,228.17,227.14,227.15,41177.458
2025-10-09T05:15:00+00:00,227.14,227.79,226.74,227.76,16674.131
2025-10-09T05:30:00+00:00,227.76,228.87,227.37,227.39,35415.592
2025-10-09T05:45:00+00:00,227.38,227.81,227.05,227.8,14981.934
2025-10-09T06:00:00+00:00,227.8,227.96,227.09,227.35,22826.972
2025-10-09T06:15:00+00:00,227.34,227.93,226.75,227.73,24919.114
2025-10-09T06:30:00+00:00,227.74,228.43,227.45,227.54,29755.456
2025-10-09T06:45:00+00:00,227.54,228.03,226.32,226.55,19794.161
2025-10-09T07:00:00+00:00,226.54,226.89,225.65,225.69,27555.653
2025-10-09T07:15:00+00:00,225.69,226.05,224.63,225.09,43857.501
2025-10-09T07:30:00+00:00,225.09,225.1,224.14,224.35,37067.812
2025-10-09T07:45:00+00:00,224.35,225.42,224.31,224.5,26842.184
2025-10-09T08:00:00+00:00,224.49,224.81,223.17,223.18,41350.558
2025-10-09T08:15:00+00:00,223.18,223.59,220.67,220.78,119475.099
2025-10-09T08:30:00+00:00,220.78,221.95,219.86,220.31,86928.949
2025-10-09T08:45:00+00:00,220.3,220.98,219.32,220.0,44964.824
2025-10-09T09:00:00+00:00,220.0,221.27,219.9,221.03,38585.662
2025-10-09T09:15:00+00:00,221.04,221.8,220.77,221.53,29090.817
2025-10-09T09:30:00+00:00,221.53,222.03,221.18,221.45,25922.284
2025-10-09T09:45:00+00:00,221.45,222.13,221.31,221.96,20202.74
2025-10-09T10:00:00+00:00,221.97,222.43,221.57,222.23,17959.606
2025-10-09T10:15:00+00:00,222.23,222.3,220.96,221.33,16877.592
2025-10-09T10:30:00+00:00,221.34,222.75,221.33,222.39,24375.134
2025-10-09T10:45:00+00:00,222.39,222.96,221.88,222.28,26737.252
2025-10-09T11:00:00+00:00,222.28,223.02,222.28,222.61,20511.198
2025-10-09T11:15:00+00:00,222.62,223.69,222.6,223.51,30114.721
2025-10-09T11:30:00+00:00,223.52,223.96,222.83,223.89,26500.973
2025-10-09T11:45:00+00:00,223.89,223.9,223.04,223.14,17659.932
2025-10-09T12:00:00+00:00,223.14,224.41,222.86,223.96,22540.578
2025-10-09T12:15:00+00:00,223.95,224.7,223.72,224.17,22787.631
2025-10-09T12:30:00+00:00,224.17,226.11,223.52,225.71,42816.686
2025-10-09T12:45:00+00:00,225.7,226.32,225.08,225.95,24460.535
2025-10-09T13:00:00+00:00,225.95,226.23,224.57,224.77,40873.585
2025-10-09T13:15:00+00:00,224.77,225.79,224.68,225.39,21567.575
2025-10-09T13:30:00+00:00,225.39,225.39,223.37,223.82,47393.121
2025-10-09T13:45:00+00:00,223.81,224.74,221.87,222.28,59803.88
2025-10-09T14:00:00+00:00,222.29,223.3,221.49,223.04,59893.97
2025-10-09T14:15:00+00:00,223.03,223.19,221.04,221.1,53843.368
2025-10-09T14:30:00+00:00,221.09,221.1,219.55,220.06,89694.091
2025-10-09T14:45:00+00:00,220.07,221.47,219.4,220.86,75106.799
2025-10-09T15:00:00+00:00,220.86,222.18,220.86,221.38,69445.483
2025-10-09T15:15:00+00:00,221.38,221.99,219.8,219.9,47584.513
2025-10-09T15:30:00+00:00,219.9,220.57,218.62,219.0,64995.297
2025-10-09T15:45:00+00:00,219.0,219.94,218.79,219.11,38250.359
2025-10-09T16:00:00+00:00,219.11,220.14,218.58,218.6,35983.042
2025-10-09T16:15:00+00:00,218.6,219.5,217.75,219.19,63341.608
2025-10-09T16:30:00+00:00,219.2,219.7,218.35,219.2,68153.09
2025-10-09T16:45:00+00:00,219.2,219.43,216.53,217.22,98456.225
2025-10-09T17:00:00+00:00,217.22,218.47,216.71,218.18,43697.699
2025-10-09T17:15:00+00:00,218.18,219.1,217.51,217.72,39393.604
2025-10-09T17:30:00+00:00,217.73,218.69,217.52,218.14,30358.113
2025-10-09T17:45:00+00:00,218.15,219.57,217.92,219.32,42786.234
2025-10-09T18:00:00+00:00,219.32,219.48,218.33,218.79,30925.089
2025-10-09T18:15:00+00:00,218.79,219.5,218.44,218.45,24555.879
2025-10-09T18:30:00+00:00,218.44,218.57,217.38,217.7,37472.302
2025-10-09T18:45:00+00:00,217.7,217.97,217.21,217.55,21952.993
2025-10-09T19:00:00+00:00,217.56,218.23,217.43,218.0,19135.7
2025-10-09T19:15:00+00:00,218.0,218.84,217.7,218.81,24506.618
2025-10-09T19:30:00+00:00,218.8,218.94,218.25,218.56,16357.961
2025-10-09T19:45:00+00:00,218.57,218.7,217.45,218.29,34397.742
2025-10-09T20:00:00+00:00,218.29,219.23,217.63,217.67,24910.42
2025-10-09T20:15:00+00:00,217.66,218.45,217.56,218.14,23028.694
2025-10-09T20:30:00+00:00,218.13,218.49,218.07,218.46,12925.975
2025-10-09T20:45:00+00:00,218.47,218.94,218.28,218.94,14344.357
2025-10-09T21:00:00+00:00,218.94,219.56,218.55,219.55,16862.287
2025-10-09T21:15:00+00:00,219.56,219.97,219.18,219.29,25421.658
2025-10-09T21:30:00+00:00,219.28,219.99,218.85,219.82,13903.262
2025-10-09T21:45:00+00:00,219.83,220.45,219.72,220.27,21232.149
2025-10-09T22:00:00+00:00,220.27,220.76,219.88,220.57,16123.752
2025-10-09T22:15:00+00:00,220.58,220.93,220.37,220.85,9719.007
2025-10-09T22:30:00+00:00,220.85,221.63,220.65,221.53,16286.98
2025-10-09T22:45:00+00:00,221.53,221.64,221.0,221.25,13635.569
2025-10-09T23:00:00+00:00,221.25,221.31,220.19,220.39,16725.305
2025-10-09T23:15:00+00:00,220.38,220.48,219.85,220.23,10311.244
2025-10-09T23:30:00+00:00,220.22,220.71,220.14,220.57,8629.095
2025-10-09T23:45:00+00:00,220.57,220.95,220.34,220.93,11731.652
2025-10-10T00:00:00+00:00,220.93,221.62,220.76,221.48,23852.671
2025-10-10T00:15:00+00:00,221.47,221.91,221.03,221.84,14163.895
2025-10-10T00:30:00+00:00,221.84,222.0,221.34,221.4,11778.225
2025-10-10T00:45:00+00:00,221.4,221.46,220.95,221.23,15886.106
2025-10-10T01:00:00+00:00,221.22,222.07,221.11,222.0,21324.23
2025-10-10T01:15:00+00:00,222.01,222.05,221.65,222.05,8785.732
2025-10-10T01:30:00+00:00,222.05,222.09,220.8,220.97,25259.013
2025-10-10T01:45:00+00:00,220.98,221.2,220.52,220.97,17180.263
2025-10-10T02:00:00+00:00,220.98,221.05,220.33,220.73,23145.812
2025-10-10T02:15:00+00:00,220.72,221.85,220.71,221.11,16655.039
2025-10-10T02:30:00+00:00,221.12,221.23,220.0,220.62,34006.533
2025-10-10T02:45:00+00:00,220.63,220.65,219.87,220.33,19817.471
2025-10-10T03:00:00+00:00,220.34,220.5,219.5,219.96,20757.144
2025-10-10T03:15:00+00:00,219.96,221.62,219.84,221.6,23475.219
2025-10-10T03:30:00+00:00,221.6,222.69,221.6,222.49,41300.029
2025-10-10T03:45:00+00:00,222.5,222.87,221.17,221.65,29241.636
2025-10-10T04:00:00+00:00,221.64,222.9,221.58,222.7,28057.11
2025-10-10T04:15:00+00:00,222.7,222.76,221.88,221.89,23946.873
2025-10-10T04:30:00+00:00,221.9,222.34,220.88,221.46,33771.457
2025-10-10T04:45:00+00:00,221.45,221.48,220.94,221.22,20555.736
2025-10-10T05:00:00+00:00,221.23,221.28,220.04,220.42,27116.99
2025-10-10T05:15:00+00:00,220.43,221.35,220.36,220.98,23383.3
2025-10-10T05:30:00+00:00,220.99,221.08,220.38,220.98,15239.944
2025-10-10T05:45:00+00:00,220.99,221.8,220.94,221.68,18711.67
2025-10-10T06:00:00+00:00,221.68,222.43,221.58,221.88,20329.13
2025-10-10T06:15:00+00:00,221.88,222.18,221.12,221.22,17953.724
2025-10-10T06:30:00+00:00,221.23,221.48,220.48,220.99,18924.862
2025-10-10T06:45:00+00:00,221.0,221.4,219.32,219.39,36899.517
2025-10-10T07:00:00+00:00,219.39,219.56,218.2,218.81,52694.845
2025-10-10T07:15:00+00:00,218.82,218.85,218.0,218.61,29616.369
2025-10-10T07:30:00+00:00,218.61,219.3,218.17,219.13,18569.687
2025-10-10T07:45:00+00:00,219.14,219.14,217.92,218.12,28412.737
2025-10-10T08:00:00+00:00,218.13,218.71,217.4,218.44,81292.456
2025-10-10T08:15:00+00:00,218.45,219.41,218.44,219.05,18367.835
2025-10-10T08:30:00+00:00,219.04,219.3,218.37,218.55,13065.449
2025-10-10T08:45:00+00:00,218.55,220.1,218.55,220.06,31160.059
2025-10-10T09:00:00+00:00,220.07,220.1,219.11,219.35,33049.251
2025-10-10T09:15:00+00:00,219.34,220.78,219.21,220.56,33539.014
2025-10-10T09:30:00+00:00,220.56,220.61,220.01,220.27,11694.668
2025-10-10T09:45:00+00:00,220.28,220.46,218.94,218.95,15679.224
2025-10-10T10:00:00+00:00,218.95,219.8,218.75,219.73,26888.608
2025-10-10T10:15:00+00:00,219.73,219.96,219.42,219.55,14314.188
2025-10-10T10:30:00+00:00,219.54,219.98,219.32,219.85,13493.959
2025-10-10T10:45:00+00:00,219.84,220.63,219.64,220.4,20785.937
2025-10-10T11:00:00+00:00,220.41,221.4,220.4,220.69,45985.019
2025-10-10T11:15:00+00:00,220.69,221.1,220.28,220.78,19646.308
2025-10-10T11:30:00+00:00,220.79,221.37,220.71,221.36,14790.947
2025-10-10T11:45:00+00:00,221.37,221.56,221.05,221.14,14076.759
2025-10-10T12:00:00+00:00,221.15,221.8,220.86,221.05,24514.659
2025-10-10T12:15:00+00:00,221.04,221.74,220.79,221.5,20884.134
2025-10-10T12:30:00+00:00,221.49,221.66,220.94,221.08,20715.67
2025-10-10T12:45:00+00:00,221.07,221.76,220.9,221.76,15772.19
2025-10-10T13:00:00+00:00,221.76,222.37,221.59,221.86,35084.192
2025-10-10T13:15:00+00:00,221.85,222.68,221.52,222.52,44763.022
2025-10-10T13:30:00+00:00,222.52,224.46,222.41,224.03,99733.136
2025-10-10T13:45:00+00:00,224.03,224.19,222.13,223.41,61702.68
2025-10-10T14:00:00+00:00,223.42,224.42,222.74,223.9,60984.073
2025-10-10T14:15:00+00:00,223.9,224.13,221.81,222.18,68876.251
2025-10-10T14:30:00+00:00,222.17,223.35,222.08,222.43,28495.244
2025-10-10T14:45:00+00:00,222.43,223.37,219.69,219.79,112267.769
2025-10-10T15:00:00+00:00,219.79,220.15,217.33,218.45,207691.601
2025-10-10T15:15:00+00:00,218.44,218.82,212.85,213.24,344162.848
2025-10-10T15:30:00+00:00,213.23,213.57,209.01,213.44,429932.173
2025-10-10T15:45:00+00:00,213.44,213.53,210.0,210.7,146041.767
2025-10-10T16:00:00+00:00,210.69,212.34,210.04,211.39,122862.13
2025-10-10T16:15:00+00:00,211.39,212.24,210.33,211.41,80316.239
2025-10-10T16:30:00+00:00,211.4,213.06,211.11,211.56,113216.089
2025-10-10T16:45:00+00:00,211.56,211.97,210.77,211.26,98859.112
2025-10-10T17:00:00+00:00,211.25,211.53,209.57,209.96,84915.749
2025-10-10T17:15:00+00:00,209.97,211.42,209.93,210.97,41417.32
2025-10-10T17:30:00+00:00,210.97,211.16,209.35,209.56,30679.08
2025-10-10T17:45:00+00:00,209.56,210.34,208.82,209.68,44127.234
2025-10-10T18:00:00+00:00,209.68,209.74,208.24,208.87,57287.467
2025-10-10T18:15:00+00:00,208.86,210.07,208.09,209.18,55955.029
2025-10-10T18:30:00+00:00,209.18,209.47,208.05,208.42,29489.923
2025-10-10T18:45:00+00:00,208.42,209.07,207.47,207.47,49867.663
2025-10-10T19:00:00+00:00,207.47,208.19,206.54,206.98,53166.098
2025-10-10T19:15:00+00:00,206.97,207.17,203.46,203.5,112299.925
2025-10-10T19:30:00+00:00,203.5,206.59,203.43,206.52,130809.023
2025-10-10T19:45:00+00:00,206.52,207.2,205.27,205.32,52344.875
2025-10-10T20:00:00+00:00,205.31,206.96,205.09,206.51,59154.979
2025-10-10T20:15:00+00:00,206.5,207.72,206.22,207.6,56412.4
2025-10-10T20:30:00+00:00,207.6,207.8,206.8,207.51,34336.266
2025-10-10T20:45:00+00:00,207.52,207.68,193.0,196.84,647871.023
2025-10-10T21:00:00+00:00,196.84,198.73,180.0,187.39,759715.804
2025-10-10T21:15:00+00:00,187.34,188.51,168.79,174.74,761191.23
2025-10-10T21:30:00+00:00,174.76,199.15,173.83,196.82,418728.854
2025-10-10T21:45:00+00:00,196.82,197.3,190.91,193.41,412010.674
2025-10-10T22:00:00+00:00,193.41,194.0,187.41,189.64,431618.194
2025-10-10T22:15:00+00:00,189.67,191.06,182.26,185.12,479902.593
2025-10-10T22:30:00+00:00,185.12,191.16,184.52,189.34,289374.099
2025-10-10T22:45:00+00:00,189.34,193.49,187.32,189.93,285562.97
2025-10-10T23:00:00+00:00,189.93,191.66,188.17,189.33,244148.963
2025-10-10T23:15:00+00:00,189.34,193.43,188.95,192.56,204926.111
2025-10-10T23:30:00+00:00,192.55,197.11,191.66,194.41,212068.634
2025-10-10T23:45:00+00:00,194.41,195.21,187.33,188.43,277935.62
2025-10-11T00:00:00+00:00,188.43,190.2,187.25,189.19,183873.051
2025-10-11T00:15:00+00:00,189.19,189.58,184.87,188.23,190717.187
2025-10-11T00:30:00+00:00,188.23,189.5,185.91,189.41,118016.894
2025-10-11T00:45:00+00:00,189.41,190.56,188.0,188.05,87602.44
2025-10-11T01:00:00+00:00,188.05,188.28,186.05,186.53,72462.522
2025-10-11T01:15:00+00:00,186.54,186.67,184.17,184.57,121312.369
2025-10-11T01:30:00+00:00,184.57,185.77,182.9,183.35,118626.522
2025-10-11T01:45:00+00:00,183.35,184.83,182.16,183.1,142464.643
2025-10-11T02:00:00+00:00,183.1,186.25,182.98,185.96,166063.813
2025-10-11T02:15:00+00:00,185.97,188.3,185.43,188.22,111468.728
2025-10-11T02:30:00+00:00,188.21,191.05,188.11,190.99,136446.195
2025-10-11T02:45:00+00:00,190.98,190.99,188.58,188.6,99136.974
2025-10-11T03:00:00+00:00,188.59,189.1,185.3,185.82,120720.56
2025-10-11T03:15:00+00:00,185.82,185.84,183.74,184.03,101963.183
2025-10-11T03:30:00+00:00,184.04,184.39,182.67,183.06,105997.75
2025-10-11T03:45:00+00:00,183.06,185.12,182.85,184.85,90477.189
2025-10-11T04:00:00+00:00,184.86,186.5,184.55,186.02,76683.43
2025-10-11T04:15:00+00:00,186.02,186.88,185.28,186.16,73962.576
2025-10-11T04:30:00+00:00,186.16,186.26,184.03,184.96,80335.44
2025-10-11T04:45:00+00:00,184.96,186.2,183.89,186.13,62320.691
2025-10-11T05:00:00+00:00,186.13,186.39,184.92,185.37,60165.592
2025-10-11T05:15:00+00:00,185.38,185.45,181.0,181.23,131164.783
2025-10-11T05:30:00+00:00,181.23,182.66,180.0,180.81,134053.324
2025-10-11T05:45:00+00:00,180.82,183.53,180.71,182.48,87737.253
2025-10-11T06:00:00+00:00,182.48,184.1,182.26,184.01,62400.312
2025-10-11T06:15:00+00:00,184.02,185.64,183.5,185.5,80006.286
2025-10-11T06:30:00+00:00,185.49,186.0,184.99,185.0,60725.948
2025-10-11T06:45:00+00:00,185.0,185.89,182.76,183.26,66435.502
2025-10-11T07:00:00+00:00,183.27,183.97,182.5,183.21,55039.324
2025-10-11T07:15:00+00:00,183.2,183.95,182.15,182.28,78672.002
2025-10-11T07:30:00+00:00,182.28,183.11,181.83,183.04,73247.058
2025-10-11T07:45:00+00:00,183.05,183.7,182.36,182.75,84700.307
2025-10-11T08:00:00+00:00,182.75,182.97,182.07,182.8,64035.751
2025-10-11T08:15:00+00:00,182.81,186.24,182.68,185.2,99075.61
2025-10-11T08:30:00+00:00,185.2,185.62,184.02,184.92,62414.486
2025-10-11T08:45:00+00:00,184.91,187.36,184.89,186.56,75445.206
2025-10-11T09:00:00+00:00,186.56,189.5,186.0,187.01,157343.283
2025-10-11T09:15:00+00:00,187.01,188.14,186.37,187.63,81595.656
2025-10-11T09:30:00+00:00,187.63,187.7,185.83,186.43,43414.272
2025-10-11T09:45:00+00:00,186.44,186.45,184.01,184.52,152004.905
2025-10-11T10:00:00+00:00,184.52,185.62,184.35,185.46,34395.918
2025-10-11T10:15:00+00:00,185.47,186.07,184.92,185.92,48218.811
2025-10-11T10:30:00+00:00,185.91,186.05,183.26,183.69,89756.337
2025-10-11T10:45:00+00:00,183.69,183.97,183.05,183.97,65281.147
2025-10-11T11:00:00+00:00,183.97,184.12,182.0,182.82,71378.751
2025-10-11T11:15:00+00:00,182.82,183.74,181.76,183.74,65731.683
2025-10-11T11:30:00+00:00,183.74,183.94,182.96,183.35,44774.812
2025-10-11T11:45:00+00:00,183.36,184.32,183.12,183.85,46546.764
2025-10-11T12:00:00+00:00,183.85,184.01,182.49,182.95,51069.794
2025-10-11T12:15:00+00:00,182.95,184.69,182.47,184.6,61923.674
2025-10-11T12:30:00+00:00,184.6,184.61,182.66,183.45,56571.69
2025-10-11T12:45:00+00:00,183.45,183.52,181.72,183.12,57537.024
2025-10-11T13:00:00+00:00,183.13,183.5,181.79,183.39,45648.215
2025-10-11T13:15:00+00:00,183.39,183.54,182.0,182.38,63647.857
2025-10-11T13:30:00+00:00,182.38,183.18,180.77,182.63,112325.438
2025-10-11T13:45:00+00:00,182.64,184.57,182.27,184.26,65200.837
2025-10-11T14:00:00+00:00,184.27,184.75,183.43,183.73,54598.866
2025-10-11T14:15:00+00:00,183.73,184.27,181.71,182.07,66679.569
2025-10-11T14:30:00+00:00,182.07,183.09,182.04,182.75,39003.835
2025-10-11T14:45:00+00:00,182.76,183.3,182.05,182.67,47124.972
2025-10-11T15:00:00+00:00,182.67,185.05,182.54,184.57,67856.775
2025-10-11T15:15:00+00:00,184.56,184.82,183.88,184.27,65975.154
2025-10-11T15:30:00+00:00,184.27,184.53,182.85,182.86,72659.869
2025-10-11T15:45:00+00:00,182.86,184.38,182.8,183.71,47355.777
2025-10-11T16:00:00+00:00,183.71,184.31,182.85,184.02,47682.262
2025-10-11T16:15:00+00:00,184.02,184.61,183.23,183.38,47573.176
2025-10-11T16:30:00+00:00,183.39,183.92,181.78,182.2,77006.294
2025-10-11T16:45:00+00:00,182.19,183.06,182.07,182.66,31967.185
2025-10-11T17:00:00+00:00,182.65,183.76,182.61,183.54,26121.419
2025-10-11T17:15:00+00:00,183.54,184.64,183.29,184.18,50391.478
2025-10-11T17:30:00+00:00,184.18,184.44,182.9,183.28,41459.719
2025-10-11T17:45:00+00:00,183.28,183.4,182.45,183.04,39595.118
2025-10-11T18:00:00+00:00,183.05,183.09,182.33,182.44,39859.353
2025-10-11T18:15:00+00:00,182.44,182.96,182.42,182.67,27857.826
2025-10-11T18:30:00+00:00,182.66,183.05,182.3,182.96,36186.223
2025-10-11T18:45:00+00:00,182.97,183.01,182.25,182.52,28232.297
2025-10-11T19:00:00+00:00,182.53,182.59,180.4,180.84,88824.567
2025-10-11T19:15:00+00:00,180.84,180.94,177.56,179.18,208404.606
2025-10-11T19:30:00+00:00,179.18,179.24,177.6,177.8,79120.0
2025-10-11T19:45:00+00:00,177.8,178.49,176.6,177.57,80486.509
2025-10-11T20:00:00+00:00,177.57,178.15,176.26,176.36,74103.185
2025-10-11T20:15:00+00:00,176.36,177.43,176.15,176.7,73173.245
2025-10-11T20:30:00+00:00,176.69,176.69,174.76,175.37,106729.945
2025-10-11T20:45:00+00:00,175.37,177.14,174.01,175.55,78683.692
2025-10-11T21:00:00+00:00,175.56,175.85,172.58,174.28,134605.648
2025-10-11T21:15:00+00:00,174.28,177.5,173.83,176.09,126165.55
2025-10-11T21:30:00+00:00,176.09,176.84,175.5,176.08,40143.052
2025-10-11T21:45:00+00:00,176.08,177.22,175.96,176.93,19855.921
2025-10-11T22:00:00+00:00,176.93,177.5,176.39,176.85,32875.204
2025-10-11T22:15:00+00:00,176.84,177.08,175.91,176.65,31128.064
2025-10-11T22:30:00+00:00,176.65,178.11,176.49,177.21,32948.513
2025-10-11T22:45:00+00:00,177.2,177.72,176.96,177.39,34326.905
2025-10-11T23:00:00+00:00,177.39,178.0,176.81,177.71,49525.962
2025-10-11T23:15:00+00:00,177.72,178.78,177.25,178.27,28942.782
2025-10-11T23:30:00+00:00,178.26,178.48,177.47,177.84,29697.224
2025-10-11T23:45:00+00:00,177.85,178.54,177.48,177.62,37121.738
2025-10-12T00:00:00+00:00,177.63,177.77,176.15,176.24,48572.875
2025-10-12T00:15:00+00:00,176.25,177.05,175.01,175.02,51507.654
2025-10-12T00:30:00+00:00,175.01,176.86,174.83,174.93,60026.968
2025-10-12T00:45:00+00:00,174.92,175.34,173.0,173.3,42775.83
2025-10-12T01:00:00+00:00,173.3,174.44,173.2,174.35,56400.847
2025-10-12T01:15:00+00:00,174.35,175.49,173.72,174.09,44666.57
2025-10-12T01:30:00+00:00,174.09,174.79,173.43,174.64,47024.457
2025-10-12T01:45:00+00:00,174.64,175.44,173.72,174.09,35809.581
2025-10-12T02:00:00+00:00,174.09,174.55,173.5,174.09,34201.781
2025-10-12T02:15:00+00:00,174.09,176.17,173.97,175.88,39370.506
2025-10-12T02:30:00+00:00,175.89,176.6,174.76,175.29,51362.775
2025-10-12T02:45:00+00:00,175.29,175.67,173.55,174.76,62752.895
2025-10-12T03:00:00+00:00,174.75,177.52,174.34,176.62,78832.804
2025-10-12T03:15:00+00:00,176.61,178.24,176.25,177.3,49572.693
2025-10-12T03:30:00+00:00,177.31,178.5,177.13,177.72,52981.027
2025-10-12T03:45:00+00:00,177.72,177.99,176.81,177.06,22745.311
2025-10-12T04:00:00+00:00,177.06,179.11,176.61,178.96,53543.806
2025-10-12T04:15:00+00:00,178.97,180.0,178.82,179.33,61000.847
2025-10-12T04:30:00+00:00,179.32,180.51,179.28,180.02,83840.011
2025-10-12T04:45:00+00:00,180.01,180.91,179.57,180.11,65804.336
2025-10-12T05:00:00+00:00,180.11,180.38,179.44,180.21,32573.453
2025-10-12T05:15:00+00:00,180.22,181.53,180.22,181.41,52260.127
2025-10-12T05:30:00+00:00,181.42,181.62,180.65,181.3,32552.126
2025-10-12T05:45:00+00:00,181.3,182.06,181.02,181.48,40856.552
2025-10-12T06:00:00+00:00,181.47,182.1,180.86,181.74,34925.992
2025-10-12T06:15:00+00:00,181.75,182.4,181.32,182.17,52919.786
2025-10-12T06:30:00+00:00,182.16,182.4,181.39,182.37,93765.211
2025-10-12T06:45:00+00:00,182.37,182.7,181.95,182.63,90749.158
2025-10-12T07:00:00+00:00,182.64,182.96,181.97,182.03,85327.606
2025-10-12T07:15:00+00:00,182.03,182.8,181.51,181.86,58032.029
2025-10-12T07:30:00+00:00,181.86,182.44,181.57,182.37,34727.346
2025-10-12T07:45:00+00:00,182.37,182.97,182.07,182.55,34476.654
2025-10-12T08:00:00+00:00,182.54,182.68,181.94,182.41,40772.93
2025-10-12T08:15:00+00:00,182.42,182.8,182.3,182.32,41790.21
2025-10-12T08:30:00+00:00,182.32,182.59,181.66,181.99,59528.85
2025-10-12T08:45:00+00:00,181.99,182.19,181.4,181.82,41565.177
2025-10-12T09:00:00+00:00,181.83,181.89,180.43,180.57,59842.517
2025-10-12T09:15:00+00:00,180.57,181.67,180.39,180.52,22639.551
2025-10-12T09:30:00+00:00,180.53,181.31,180.33,181.17,20592.794
2025-10-12T09:45:00+00:00,181.17,182.32,180.62,182.04,51612.944
2025-10-12T10:00:00+00:00,182.04,182.75,181.29,181.68,40026.313
2025-10-12T10:15:00+00:00,181.67,181.74,180.8,181.26,29400.762
2025-10-12T10:30:00+00:00,181.25,181.7,180.79,181.05,38152.876
2025-10-12T10:45:00+00:00,181.04,181.37,180.65,180.75,20364.766
2025-10-12T11:00:00+00:00,180.75,181.91,180.56,181.4,28966.762
2025-10-12T11:15:00+00:00,181.4,181.55,180.56,181.2,24878.142
2025-10-12T11:30:00+00:00,181.21,181.66,180.66,181.17,27649.361
2025-10-12T11:45:00+00:00,181.16,181.36,180.5,180.96,23424.312
2025-10-12T12:00:00+00:00,180.96,182.36,180.8,182.2,52427.084
2025-10-12T12:15:00+00:00,182.19,183.19,181.61,182.95,44986.194
2025-10-12T12:30:00+00:00,182.94,183.19,181.92,182.15,49672.096
2025-10-12T12:45:00+00:00,182.15,182.21,181.11,181.7,47236.203
2025-10-12T13:00:00+00:00,181.7,181.79,181.07,181.42,40040.701
2025-10-12T13:15:00+00:00,181.42,181.74,180.37,180.99,36760.682
2025-10-12T13:30:00+00:00,180.98,181.02,178.63,179.62,93536.087
2025-10-12T13:45:00+00:00,179.62,179.66,178.2,179.18,55869.385
2025-10-12T14:00:00+00:00,179.17,180.45,179.09,180.03,28881.131
2025-10-12T14:15:00+00:00,180.03,180.55,179.6,180.25,30652.231
2025-10-12T14:30:00+00:00,180.25,180.72,179.17,179.94,28136.159
2025-10-12T14:45:00+00:00,179.93,188.96,179.89,186.29,571611.491
2025-10-12T15:00:00+00:00,186.29,189.62,185.57,189.33,296306.943
2025-10-12T15:15:00+00:00,189.33,191.72,188.32,190.8,282778.978
2025-10-12T15:30:00+00:00,190.81,190.99,187.84,188.95,166479.36
2025-10-12T15:45:00+00:00,188.94,191.8,188.92,191.23,123017.56
2025-10-12T16:00:00+00:00,191.23,195.07,191.22,193.81,253147.329
2025-10-12T16:15:00+00:00,193.82,193.95,192.45,193.27,82928.441
2025-10-12T16:30:00+00:00,193.27,194.35,191.33,194.13,91762.922
2025-10-12T16:45:00+00:00,194.13,195.52,192.16,193.81,177828.416
2025-10-12T17:00:00+00:00,193.81,196.22,193.33,195.53,124270.179
2025-10-12T17:15:00+00:00,195.53,196.1,194.79,195.3,71954.635
2025-10-12T17:30:00+00:00,195.29,195.69,194.33,195.31,67628.457
2025-10-12T17:45:00+00:00,195.31,195.82,193.47,194.6,68987.814
2025-10-12T18:00:00+00:00,194.61,195.64,194.42,194.97,52883.695
2025-10-12T18:15:00+00:00,194.97,195.29,193.71,193.72,32217.239
2025-10-12T18:30:00+00:00,193.73,194.04,192.42,192.6,84386.488
2025-10-12T18:45:00+00:00,192.6,194.03,191.68,193.84,88771.111
2025-10-12T19:00:00+00:00,193.84,195.33,193.51,195.21,45075.983
2025-10-12T19:15:00+00:00,195.22,196.6,195.09,195.88,86292.995
2025-10-12T19:30:00+00:00,195.88,196.3,195.27,195.69,61621.938
2025-10-12T19:45:00+00:00,195.68,196.14,195.45,195.85,40170.616
2025-10-12T20:00:00+00:00,195.86,196.66,195.41,195.63,43021.738
2025-10-12T20:15:00+00:00,195.62,196.9,195.36,196.64,34303.545
2025-10-12T20:30:00+00:00,196.64,197.55,195.82,197.48,63650.965
2025-10-12T20:45:00+00:00,197.48,199.0,196.04,196.8,80805.85
2025-10-12T21:00:00+00:00,196.8,197.93,195.73,197.35,67486.437
2025-10-12T21:15:00+00:00,197.35,197.53,194.6,195.94,99753.966
2025-10-12T21:30:00+00:00,195.93,196.02,193.12,194.39,81006.235
2025-10-12T21:45:00+00:00,194.4,195.64,194.4,195.64,18671.85
2025-10-12T22:00:00+00:00,195.64,197.34,195.55,197.03,75412.671
2025-10-12T22:15:00+00:00,197.04,197.91,195.85,196.6,64295.055
2025-10-12T22:30:00+00:00,196.6,198.07,196.52,197.67,40990.046
2025-10-12T22:45:00+00:00,197.66,198.05,196.96,197.43,33266.728
2025-10-12T23:00:00+00:00,197.43,197.48,195.75,196.69,34482.242
2025-10-12T23:15:00+00:00,196.69,197.0,195.57,196.38,26100.996
2025-10-12T23:30:00+00:00,196.38,197.07,195.3,196.37,36712.653
2025-10-12T23:45:00+00:00,196.36,197.45,196.05,197.0,51550.32
2025-10-13T00:00:00+00:00,196.99,197.32,195.95,197.24,55085.279
2025-10-13T00:15:00+00:00,197.24,199.25,197.24,197.48,69812.651
2025-10-13T00:30:00+00:00,197.48,197.48,195.86,196.36,76870.507
2025-10-13T00:45:00+00:00,196.36,197.72,195.7,197.22,66779.305
2025-10-13T01:00:00+00:00,197.21,197.4,196.0,196.34,50622.807
2025-10-13T01:15:00+00:00,196.35,198.57,196.15,197.92,54678.919
2025-10-13T01:30:00+00:00,197.92,199.0,197.42,198.34,47998.526
2025-10-13T01:45:00+00:00,198.34,199.47,197.94,199.42,41190.45
2025-10-13T02:00:00+00:00,199.42,199.99,196.65,196.79,75311.374
2025-10-13T02:15:00+00:00,196.8,196.99,195.7,196.18,71888.084
2025-10-13T02:30:00+00:00,196.17,197.08,195.2,196.46,44995.225
2025-10-13T02:45:00+00:00,196.47,196.96,196.22,196.46,27182.376
2025-10-13T03:00:00+00:00,196.46,197.19,196.05,196.35,30162.491
2025-10-13T03:15:00+00:00,196.35,196.65,195.51,195.91,32826.25
2025-10-13T03:30:00+00:00,195.91,196.11,194.51,195.16,76541.062
2025-10-13T03:45:00+00:00,195.16,195.35,194.34,194.81,37495.122
2025-10-13T04:00:00+00:00,194.82,195.27,194.34,194.63,31681.718
2025-10-13T04:15:00+00:00,194.64,195.03,194.18,194.8,24489.732
2025-10-13T04:30:00+00:00,194.8,196.0,194.73,195.52,27266.714
2025-10-13T04:45:00+00:00,195.52,196.43,195.3,196.2,21662.114
2025-10-13T05:00:00+00:00,196.19,196.28,194.67,194.84,23630.309
2025-10-13T05:15:00+00:00,194.84,195.44,193.7,194.5,67984.802
2025-10-13T05:30:00+00:00,194.49,194.8,193.75,193.75,19280.393
2025-10-13T05:45:00+00:00,193.75,194.17,193.65,194.06,22766.457
2025-10-13T06:00:00+00:00,194.05,195.16,192.91,194.93,58162.72
2025-10-13T06:15:00+00:00,194.92,196.23,194.85,196.16,36197.576
2025-10-13T06:30:00+00:00,196.16,197.28,195.92,196.29,38054.994
2025-10-13T06:45:00+00:00,196.29,197.38,195.9,197.1,45421.321
2025-10-13T07:00:00+00:00,197.09,198.39,196.48,198.27,74221.2
2025-10-13T07:15:00+00:00,198.26,199.5,197.63,199.33,60555.073
2025-10-13T07:30:00+00:00,199.33,199.44,197.96,197.97,58420.245
2025-10-13T07:45:00+00:00,197.97,197.97,195.96,196.81,87859.727
2025-10-13T08:00:00+00:00,196.8,197.19,196.13,197.09,51413.65
2025-10-13T08:15:00+00:00,197.09,197.67,196.83,197.4,25596.692
2025-10-13T08:30:00+00:00,197.39,198.64,197.37,197.76,34866.604
2025-10-13T08:45:00+00:00,197.76,198.68,197.72,198.25,45024.389
2025-10-13T09:00:00+00:00,198.25,198.25,196.74,196.88,36148.844
2025-10-13T09:15:00+00:00,196.89,197.57,196.79,197.13,30760.209
2025-10-13T09:30:00+00:00,197.13,197.94,197.11,197.32,26937.664
2025-10-13T09:45:00+00:00,197.32,197.68,196.68,196.98,60429.171
2025-10-13T10:00:00+00:00,196.98,197.04,195.7,195.99,69606.555
2025-10-13T10:15:00+00:00,196.0,196.43,195.22,195.87,41071.962
2025-10-13T10:30:00+00:00,195.87,196.02,195.11,195.42,33670.918
2025-10-13T10:45:00+00:00,195.43,195.91,194.91,195.42,21777.6
2025-10-13T11:00:00+00:00,195.42,195.54,193.35,194.42,90058.69
2025-10-13T11:15:00+00:00,194.41,194.41,190.02,190.17,118499.372
2025-10-13T11:30:00+00:00,190.16,192.87,190.09,192.57,140321.271
2025-10-13T11:45:00+00:00,192.57,193.39,192.03,192.56,74902.17
2025-10-13T12:00:00+00:00,192.56,193.78,191.36,193.31,93529.599
2025-10-13T12:15:00+00:00,193.31,193.74,192.59,193.61,34240.746
2025-10-13T12:30:00+00:00,193.6,194.47,192.95,193.23,40566.247
2025-10-13T12:45:00+00:00,193.24,193.72,191.36,191.84,52220.4
2025-10-13T13:00:00+00:00,191.83,192.69,191.31,191.6,47752.287
2025-10-13T13:15:00+00:00,191.59,192.55,191.46,192.51,60242.097
2025-10-13T13:30:00+00:00,192.51,196.96,192.47,194.77,247458.867
2025-10-13T13:45:00+00:00,194.77,196.54,193.46,196.15,134485.29
2025-10-13T14:00:00+00:00,196.15,196.77,194.9,195.01,78464.857
2025-10-13T14:15:00+00:00,195.0,195.57,192.75,193.67,83439.931
2025-10-13T14:30:00+00:00,193.67,195.79,192.5,194.62,69985.961
2025-10-13T14:45:00+00:00,194.62,194.87,192.75,193.37,54545.646
2025-10-13T15:00:00+00:00,193.38,196.2,193.24,195.38,71981.786
2025-10-13T15:15:00+00:00,195.38,196.4,195.22,195.84,71348.497
2025-10-13T15:30:00+00:00,195.84,197.05,195.84,196.35,63288.766
2025-10-13T15:45:00+00:00,196.35,197.66,196.28,196.42,65287.473
2025-10-13T16:00:00+00:00,196.42,197.67,196.23,196.89,76462.564
2025-10-13T16:15:00+00:00,196.89,198.96,196.49,198.12,108807.679
2025-10-13T16:30:00+00:00,198.12,200.37,197.85,197.97,155572.037
2025-10-13T16:45:00+00:00,197.97,200.4,197.68,200.04,206106.072
2025-10-13T17:00:00+00:00,200.04,202.81,199.99,201.53,224386.645
2025-10-13T17:15:00+00:00,201.53,201.99,200.25,201.75,74880.259
2025-10-13T17:30:00+00:00,201.75,202.39,200.88,200.9,86928.634
2025-10-13T17:45:00+00:00,200.9,205.84,200.21,205.01,184542.983
2025-10-13T18:00:00+00:00,205.0,206.1,203.93,204.71,169529.113
2025-10-13T18:15:00+00:00,204.71,206.68,204.69,206.22,156145.081
2025-10-13T18:30:00+00:00,206.21,206.6,205.19,205.84,111004.08
2025-10-13T18:45:00+00:00,205.85,206.24,205.04,205.95,76104.166
2025-10-13T19:00:00+00:00,205.94,207.12,205.58,206.88,91110.413
2025-10-13T19:15:00+00:00,206.89,207.24,206.3,206.97,58946.712
2025-10-13T19:30:00+00:00,206.97,208.0,206.9,207.92,41589.096
2025-10-13T19:45:00+00:00,207.93,208.75,206.06,207.1,92524.997
2025-10-13T20:00:00+00:00,207.1,207.8,206.89,207.33,38211.265
2025-10-13T20:15:00+00:00,207.32,207.67,206.87,207.36,33075.289
2025-10-13T20:30:00+00:00,207.35,208.06,206.81,207.74,38369.465
2025-10-13T20:45:00+00:00,207.74,208.76,207.41,208.55,44322.543
2025-10-13T21:00:00+00:00,208.55,208.95,207.79,207.96,81182.913
2025-10-13T21:15:00+00:00,207.95,208.5,207.69,207.76,27992.519
2025-10-13T21:30:00+00:00,207.76,208.31,207.69,208.24,20740.442
2025-10-13T21:45:00+00:00,208.23,208.28,207.8,207.97,19613.979
2025-10-13T22:00:00+00:00,207.96,209.28,207.89,207.97,79666.654
2025-10-13T22:15:00+00:00,207.98,208.69,207.76,207.76,23654.646
2025-10-13T22:30:00+00:00,207.76,208.58,207.65,208.33,31683.846
2025-10-13T22:45:00+00:00,208.32,208.72,208.04,208.4,37401.608
2025-10-13T23:00:00+00:00,208.41,208.77,208.0,208.22,28565.983
2025-10-13T23:15:00+00:00,208.23,208.91,208.16,208.75,30979.357
2025-10-13T23:30:00+00:00,208.75,209.21,207.69,207.99,35934.443
2025-10-13T23:45:00+00:00,207.99,208.71,207.27,208.69,40106.294
2025-10-14T00:00:00+00:00,208.69,209.04,208.06,208.95,47351.449
2025-10-14T00:15:00+00:00,208.95,210.94,208.72,209.89,134683.943
2025-10-14T00:30:00+00:00,209.9,211.25,209.61,210.39,59510.748
2025-10-14T00:45:00+00:00,210.39,210.46,208.75,209.31,54986.951
2025-10-14T01:00:00+00:00,209.3,209.45,207.89,208.69,73799.012
2025-10-14T01:15:00+00:00,208.68,210.11,208.63,209.6,45401.008
2025-10-14T01:30:00+00:00,209.59,209.76,208.73,209.47,47395.788
2025-10-14T01:45:00+00:00,209.47,209.52,208.17,208.41,42727.301
2025-10-14T02:00:00+00:00,208.41,208.66,207.11,207.21,149832.698
2025-10-14T02:15:00+00:00,207.22,208.1,206.23,207.72,70187.617
2025-10-14T02:30:00+00:00,207.71,208.19,206.73,206.95,42047.842
2025-10-14T02:45:00+00:00,206.95,207.43,205.81,206.3,88615.561
2025-10-14T03:00:00+00:00,206.31,206.49,205.18,206.11,102494.224
2025-10-14T03:15:00+00:00,206.11,206.96,204.96,205.13,68967.465
2025-10-14T03:30:00+00:00,205.13,206.22,205.11,205.78,66108.277
2025-10-14T03:45:00+00:00,205.79,206.93,205.62,205.71,36784.84
2025-10-14T04:00:00+00:00,205.72,205.95,203.9,204.3,59306.114
2025-10-14T04:15:00+00:00,204.31,205.14,203.8,204.87,41645.087
2025-10-14T04:30:00+00:00,204.87,204.87,202.66,203.09,66821.369
2025-10-14T04:45:00+00:00,203.1,203.16,201.07,202.07,128762.717
2025-10-14T05:00:00+00:00,202.07,203.79,201.67,203.5,91856.835
2025-10-14T05:15:00+00:00,203.51,204.01,202.42,202.6,50862.885
2025-10-14T05:30:00+00:00,202.6,202.86,198.9,199.41,185060.202
2025-10-14T05:45:00+00:00,199.42,200.81,199.08,199.69,104867.559
2025-10-14T06:00:00+00:00,199.68,200.77,199.09,199.16,85023.127
2025-10-14T06:15:00+00:00,199.16,199.56,198.14,198.34,99678.442
2025-10-14T06:30:00+00:00,198.34,199.2,194.82,195.1,174799.124
2025-10-14T06:45:00+00:00,195.11,196.44,192.0,195.31,218780.637
2025-10-14T07:00:00+00:00,195.32,196.8,194.7,196.12,89273.823
2025-10-14T07:15:00+00:00,196.13,197.23,194.95,195.97,73614.118
2025-10-14T07:30:00+00:00,195.98,196.08,193.85,194.61,82740.306
2025-10-14T07:45:00+00:00,194.6,195.01,193.42,194.47,121910.224
2025-10-14T08:00:00+00:00,194.46,194.83,193.16,194.36,89515.198
2025-10-14T08:15:00+00:00,194.36,195.94,193.34,195.84,65122.226
2025-10-14T08:30:00+00:00,195.85,197.47,195.53,196.89,88760.935
2025-10-14T08:45:00+00:00,196.89,196.98,195.33,196.15,53909.007
2025-10-14T09:00:00+00:00,196.15,196.92,195.79,196.08,34432.261
2025-10-14T09:15:00+00:00,196.07,197.58,195.82,197.03,37715.501
2025-10-14T09:30:00+00:00,197.02,197.5,195.73,195.9,47831.224
2025-10-14T09:45:00+00:00,195.9,196.16,194.09,194.87,78447.703
2025-10-14T10:00:00+00:00,194.86,194.89,192.91,193.59,88684.916
2025-10-14T10:15:00+00:00,193.58,193.63,191.33,192.65,131834.099
2025-10-14T10:30:00+00:00,192.64,194.6,191.03,193.25,101539.051
2025-10-14T10:45:00+00:00,193.25,194.33,192.69,194.24,51797.103
2025-10-14T11:00:00+00:00,194.25,197.08,194.05,195.98,83519.699
2025-10-14T11:15:00+00:00,195.99,196.19,195.33,195.81,45836.905
2025-10-14T11:30:00+00:00,195.8,196.3,195.15,195.16,47530.304
2025-10-14T11:45:00+00:00,195.16,196.1,194.94,195.32,46022.942
2025-10-14T12:00:00+00:00,195.33,195.36,193.6,194.55,58959.931
2025-10-14T12:15:00+00:00,194.55,194.57,192.7,193.66,83029.791
2025-10-14T12:30:00+00:00,193.66,193.78,192.35,193.15,63172.28
2025-10-14T12:45:00+00:00,193.15,194.2,192.63,193.34,58456.794
2025-10-14T13:00:00+00:00,193.35,194.19,192.2,193.2,66129.11
2025-10-14T13:15:00+00:00,193.19,194.04,191.9,193.76,71119.427
2025-10-14T13:30:00+00:00,193.77,194.66,191.5,193.61,127776.482
2025-10-14T13:45:00+00:00,193.6,195.66,192.95,195.02,125422.457
2025-10-14T14:00:00+00:00,195.01,196.91,194.39,196.84,90932.852
2025-10-14T14:15:00+00:00,196.84,198.85,196.63,197.99,164198.475
2025-10-14T14:30:00+00:00,197.99,198.0,194.91,197.27,104054.087
2025-10-14T14:45:00+00:00,197.27,198.5,195.83,195.89,70215.458
2025-10-14T15:00:00+00:00,195.89,197.07,194.7,195.04,68049.643
2025-10-14T15:15:00+00:00,195.04,196.22,194.53,195.89,39705.553
2025-10-14T15:30:00+00:00,195.89,199.07,195.79,198.62,113171.327
2025-10-14T15:45:00+00:00,198.62,202.64,198.57,202.22,209129.88
2025-10-14T16:00:00+00:00,202.23,202.4,200.03,201.67,94345.59
2025-10-14T16:15:00+00:00,201.68,206.48,201.4,203.82,239238.617
2025-10-14T16:30:00+00:00,203.83,204.47,201.11,203.05,119246.838
2025-10-14T16:45:00+00:00,203.06,205.07,201.75,202.53,112094.892
2025-10-14T17:00:00+00:00,202.52,204.68,199.28,203.76,198896.694
2025-10-14T17:15:00+00:00,203.77,204.08,202.43,202.94,81477.796
2025-10-14T17:30:00+00:00,202.95,203.65,201.13,202.27,89568.963
2025-10-14T17:45:00+00:00,202.26,202.81,201.51,201.76,44828.249
2025-10-14T18:00:00+00:00,201.77,203.95,201.38,203.65,59635.013
2025-10-14T18:15:00+00:00,203.66,204.22,202.9,203.34,33208.247
2025-10-14T18:30:00+00:00,203.35,204.18,201.78,202.2,43649.941
2025-10-14T18:45:00+00:00,202.2,203.08,200.52,201.55,49595.147
2025-10-14T19:00:00+00:00,201.56,203.0,201.41,202.98,32773.777
2025-10-14T19:15:00+00:00,202.99,203.79,202.83,203.18,32388.812
2025-10-14T19:30:00+00:00,203.19,203.34,197.05,197.92,230296.281
2025-10-14T19:45:00+00:00,197.92,200.26,197.59,198.54,85522.097
2025-10-14T20:00:00+00:00,198.54,199.95,198.17,198.99,53848.674
2025-10-14T20:15:00+00:00,198.98,200.16,198.89,199.81,26898.325
2025-10-14T20:30:00+00:00,199.8,200.4,199.31,200.24,28521.254
2025-10-14T20:45:00+00:00,200.24,200.61,199.78,200.6,17015.744
2025-10-14T21:00:00+00:00,200.61,200.76,198.61,198.76,25975.189
2025-10-14T21:15:00+00:00,198.77,200.0,198.31,199.72,28971.209
2025-10-14T21:30:00+00:00,199.72,200.55,199.71,200.4,20083.786
2025-10-14T21:45:00+00:00,200.39,201.53,200.12,201.23,19843.506
2025-10-14T22:00:00+00:00,201.24,202.17,201.24,201.5,26404.76
2025-10-14T22:15:00+00:00,201.5,201.65,200.9,200.98,13457.389
2025-10-14T22:30:00+00:00,200.98,201.45,200.54,201.27,19033.239
2025-10-14T22:45:00+00:00,201.26,201.83,200.3,201.44,17547.749
2025-10-14T23:00:00+00:00,201.44,202.99,201.44,202.55,23808.718
2025-10-14T23:15:00+00:00,202.56,203.29,202.41,202.97,23884.45
2025-10-14T23:30:00+00:00,202.97,203.42,202.67,202.72,22550.609
2025-10-14T23:45:00+00:00,202.73,203.37,202.03,202.44,22636.406
2025-10-15T00:00:00+00:00,202.45,203.23,201.57,201.58,35782.378
2025-10-15T00:15:00+00:00,201.59,202.9,201.31,202.13,49489.97
2025-10-15T00:30:00+00:00,202.13,203.0,201.22,201.99,41811.795
2025-10-15T00:45:00+00:00,201.99,204.05,201.87,203.98,53451.77
2025-10-15T01:00:00+00:00,203.97,204.1,201.52,202.4,52186.31
2025-10-15T01:15:00+00:00,202.39,203.0,201.83,201.85,28222.16
2025-10-15T01:30:00+00:00,201.85,202.05,201.12,202.02,36318.739
2025-10-15T01:45:00+00:00,202.01,203.94,201.94,203.69,43883.3
2025-10-15T02:00:00+00:00,203.7,205.11,203.05,204.79,64475.56
2025-10-15T02:15:00+00:00,204.8,205.82,204.15,205.64,61723.358
2025-10-15T02:30:00+00:00,205.63,205.73,203.75,203.86,49202.309
2025-10-15T02:45:00+00:00,203.86,204.28,203.32,203.4,28891.49
2025-10-15T03:00:00+00:00,203.39,203.75,202.34,202.67,53542.742
2025-10-15T03:15:00+00:00,202.67,202.92,201.32,202.66,56145.389
2025-10-15T03:30:00+00:00,202.66,202.69,201.13,201.49,39973.071
2025-10-15T03:45:00+00:00,201.5,202.17,200.89,201.65,39413.6
2025-10-15T04:00:00+00:00,201.65,201.78,200.47,201.4,37456.095
2025-10-15T04:15:00+00:00,201.39,202.44,201.21,202.24,28772.96
2025-10-15T04:30:00+00:00,202.23,202.67,201.95,202.26,17731.249
2025-10-15T04:45:00+00:00,202.27,203.55,202.07,203.46,24474.466
2025-10-15T05:00:00+00:00,203.47,203.99,203.25,203.97,35271.562
2025-10-15T05:15:00+00:00,203.97,204.48,203.17,203.35,36484.893
2025-10-15T05:30:00+00:00,203.35,204.84,202.81,204.52,42922.424
2025-10-15T05:45:00+00:00,204.53,204.83,203.98,204.43,24271.404
2025-10-15T06:00:00+00:00,204.44,205.45,203.26,203.82,56002.716
2025-10-15T06:15:00+00:00,203.82,204.09,202.13,202.59,62824.787
2025-10-15T06:30:00+00:00,202.59,205.35,201.95,203.97,86772.349
2025-10-15T06:45:00+00:00,203.96,204.67,203.83,204.64,36466.055
2025-10-15T07:00:00+00:00,204.64,204.98,203.6,204.6,45023.236
2025-10-15T07:15:00+00:00,204.61,205.08,204.01,204.05,64175.838
2025-10-15T07:30:00+00:00,204.05,204.41,203.3,203.56,30850.041
2025-10-15T07:45:00+00:00,203.55,204.73,203.22,204.66,42027.168
2025-10-15T08:00:00+00:00,204.65,206.13,204.46,206.08,59234.811
2025-10-15T08:15:00+00:00,206.08,207.75,205.65,207.51,120393.527
2025-10-15T08:30:00+00:00,207.5,208.91,206.61,206.61,139038.659
2025-10-15T08:45:00+00:00,206.62,206.63,205.49,206.14,54245.533
2025-10-15T09:00:00+00:00,206.15,207.08,205.7,206.84,36789.313
2025-10-15T09:15:00+00:00,206.83,207.12,205.69,206.32,35645.427
2025-10-15T09:30:00+00:00,206.31,207.14,205.34,206.77,37096.333
2025-10-15T09:45:00+00:00,206.77,207.34,205.6,205.99,38478.639
2025-10-15T10:00:00+00:00,205.99,206.33,205.14,206.16,35598.518
2025-10-15T10:15:00+00:00,206.15,206.16,204.78,205.12,30879.906
2025-10-15T10:30:00+00:00,205.12,205.31,203.68,204.17,79725.39
2025-10-15T10:45:00+00:00,204.16,204.35,203.48,203.9,39523.787
2025-10-15T11:00:00+00:00,203.89,204.83,203.69,203.75,34255.727
2025-10-15T11:15:00+00:00,203.74,203.89,202.04,202.98,78822.022
2025-10-15T11:30:00+00:00,202.97,203.3,202.1,203.28,31917.731
2025-10-15T11:45:00+00:00,203.27,203.27,202.53,202.6,22418.79
2025-10-15T12:00:00+00:00,202.59,203.23,202.0,203.05,33910.52
2025-10-15T12:15:00+00:00,203.04,203.6,201.66,201.84,42619.694
2025-10-15T12:30:00+00:00,201.83,202.99,201.77,202.97,34067.252
2025-10-15T12:45:00+00:00,202.97,203.69,202.71,203.06,44287.872
2025-10-15T13:00:00+00:00,203.05,203.05,201.03,201.97,48333.991
2025-10-15T13:15:00+00:00,201.96,202.56,201.58,201.62,48269.256
2025-10-15T13:30:00+00:00,201.61,204.32,200.61,201.67,162200.975
2025-10-15T13:45:00+00:00,201.67,202.12,198.04,201.16,233307.31
2025-10-15T14:00:00+00:00,201.17,204.74,201.02,204.01,160619.371
2025-10-15T14:15:00+00:00,204.02,204.87,202.49,202.85,83359.253
2025-10-15T14:30:00+00:00,202.85,202.92,200.0,200.54,107469.868
2025-10-15T14:45:00+00:00,200.55,200.62,198.37,199.5,158671.96
2025-10-15T15:00:00+00:00,199.5,200.32,197.48,198.66,130725.663
2025-10-15T15:15:00+00:00,198.65,200.11,197.67,198.81,77379.289
2025-10-15T15:30:00+00:00,198.81,199.12,196.52,197.21,86987.989
2025-10-15T15:45:00+00:00,197.2,197.55,196.18,197.13,83978.303
2025-10-15T16:00:00+00:00,197.14,198.34,197.02,197.7,59495.697
2025-10-15T16:15:00+00:00,197.69,198.73,196.83,198.26,49114.327
2025-10-15T16:30:00+00:00,198.25,198.55,197.18,197.46,43387.567
2025-10-15T16:45:00+00:00,197.46,198.31,197.05,197.38,51294.413
2025-10-15T17:00:00+00:00,197.38,197.46,195.68,195.73,67434.407
2025-10-15T17:15:00+00:00,195.74,196.8,195.38,195.86,77908.341
2025-10-15T17:30:00+00:00,195.86,196.69,195.17,196.35,68454.683
2025-10-15T17:45:00+00:00,196.36,198.16,196.36,198.15,82049.061
2025-10-15T18:00:00+00:00,198.15,198.29,196.85,197.12,37627.45
2025-10-15T18:15:00+00:00,197.11,198.29,197.0,197.27,32828.533
2025-10-15T18:30:00+00:00,197.26,197.31,196.3,196.81,25061.412
2025-10-15T18:45:00+00:00,196.8,198.28,196.39,198.04,29146.277
2025-10-15T19:00:00+00:00,198.04,198.08,195.57,195.97,59129.735
2025-10-15T19:15:00+00:00,195.97,197.23,195.69,196.64,42752.547
2025-10-15T19:30:00+00:00,196.63,196.88,194.73,195.42,66198.346
2025-10-15T19:45:00+00:00,195.41,195.47,194.18,194.81,68290.895
2025-10-15T20:00:00+00:00,194.81,195.86,194.72,195.29,34607.971
2025-10-15T20:15:00+00:00,195.3,196.62,193.97,194.25,57729.808
2025-10-15T20:30:00+00:00,194.25,195.17,192.24,195.11,140428.283
2025-10-15T20:45:00+00:00,195.11,195.62,193.96,194.2,68449.667
2025-10-15T21:00:00+00:00,194.19,194.64,192.4,193.3,63217.625
2025-10-15T21:15:00+00:00,193.29,194.6,192.46,194.24,44774.666
2025-10-15T21:30:00+00:00,194.24,195.28,193.74,193.91,47619.172
2025-10-15T21:45:00+00:00,193.92,194.11,192.04,192.88,40175.299
2025-10-15T22:00:00+00:00,192.89,194.0,192.6,193.92,26560.548
2025-10-15T22:15:00+00:00,193.92,194.6,193.58,193.76,28583.427
2025-10-15T22:30:00+00:00,193.76,194.59,193.64,193.98,21629.571
2025-10-15T22:45:00+00:00,193.98,194.12,192.74,193.33,44293.849
2025-10-15T23:00:00+00:00,193.33,194.15,193.0,193.89,19880.86
2025-10-15T23:15:00+00:00,193.88,194.3,193.33,194.05,16560.696
2025-10-15T23:30:00+00:00,194.05,194.83,193.86,194.5,19913.999
2025-10-15T23:45:00+00:00,194.5,194.61,193.65,193.84,18262.444
2025-10-17T14:00:00+00:00,180.65,181.0,178.93,180.17,70619.447
2025-10-17T14:15:00+00:00,180.18,180.47,178.74,178.97,39946.886
2025-10-17T14:30:00+00:00,178.96,179.04,176.25,178.61,151685.203
2025-10-17T14:45:00+00:00,178.61,180.1,177.9,178.39,81493.456
2025-10-17T15:00:00+00:00,178.39,179.75,178.02,178.48,63596.174
2025-10-17T15:15:00+00:00,178.47,180.45,178.28,180.02,48787.608
2025-10-17T15:30:00+00:00,180.02,180.87,178.35,180.19,55980.468
2025-10-17T15:45:00+00:00,180.19,182.82,180.13,182.72,96316.061
2025-10-17T16:00:00+00:00,182.71,185.03,182.25,183.11,163132.58
2025-10-17T16:15:00+00:00,183.11,184.8,183.0,183.51,96711.976
2025-10-17T16:30:00+00:00,183.51,183.93,182.49,182.96,79722.069
2025-10-17T16:45:00+00:00,182.97,183.57,181.63,182.34,75508.085
2025-10-17T17:00:00+00:00,182.34,183.75,182.12,183.68,33352.002
2025-10-17T17:15:00+00:00,183.68,183.98,182.28,182.9,25016.665
2025-10-17T17:30:00+00:00,182.89,183.98,182.41,183.56,34790.548
2025-10-17T17:45:00+00:00,183.57,184.55,182.67,183.75,45807.243
2025-10-17T18:00:00+00:00,183.75,184.47,183.27,183.31,30003.143
2025-10-17T18:15:00+00:00,183.3,184.58,183.23,184.34,31811.572
2025-10-17T18:30:00+00:00,184.34,185.41,184.13,184.15,45126.328
2025-10-17T18:45:00+00:00,184.15,184.45,183.22,183.45,25015.795
2025-10-17T19:00:00+00:00,183.45,184.18,183.22,183.66,23955.306
2025-10-17T19:15:00+00:00,183.66,183.89,182.77,182.94,38281.497
2025-10-17T19:30:00+00:00,182.94,182.94,181.42,181.94,65896.889
2025-10-17T19:45:00+00:00,181.93,182.29,181.6,181.98,33875.56
2025-10-17T20:00:00+00:00,181.98,182.66,181.47,182.48,18043.331
2025-10-17T20:15:00+00:00,182.49,183.89,182.37,183.65,27707.943
2025-10-17T20:30:00+00:00,183.65,183.9,183.06,183.36,17964.083
2025-10-17T20:45:00+00:00,183.36,184.03,183.3,183.68,20154.638
2025-10-17T21:00:00+00:00,183.67,185.5,183.46,185.42,56071.8
2025-10-17T21:15:00+00:00,185.42,186.04,185.0,185.14,49731.738
2025-10-17T21:30:00+00:00,185.14,185.66,184.67,185.38,34947.026
2025-10-17T21:45:00+00:00,185.38,185.61,185.04,185.4,19950.389
2025-10-17T22:00:00+00:00,185.4,185.94,184.26,184.32,36492.72
2025-10-17T22:15:00+00:00,184.33,184.63,183.8,184.02,16201.369
2025-10-17T22:30:00+00:00,184.03,184.07,183.18,183.43,29043.908
2025-10-17T22:45:00+00:00,183.43,184.15,183.43,183.96,13726.167
2025-10-17T23:00:00+00:00,183.96,183.97,182.66,182.84,17663.29
2025-10-17T23:15:00+00:00,182.84,183.1,182.12,182.22,19740.469
2025-10-17T23:30:00+00:00,182.22,182.49,181.8,182.27,20450.231
2025-10-17T23:45:00+00:00,182.27,182.4,181.77,181.96,25260.643
2025-10-18T00:00:00+00:00,181.97,182.3,181.75,182.21,22688.209
2025-10-18T00:15:00+00:00,182.21,183.35,181.92,183.04,35276.865
2025-10-18T00:30:00+00:00,183.03,183.54,182.59,183.42,23775.104
2025-10-18T00:45:00+00:00,183.41,183.44,182.46,182.87,19399.62
2025-10-18T01:00:00+00:00,182.87,183.74,182.66,183.71,24387.092
2025-10-18T01:15:00+00:00,183.72,184.96,183.58,184.72,43480.281
2025-10-18T01:30:00+00:00,184.71,184.8,184.16,184.51,23521.465
2025-10-18T01:45:00+00:00,184.52,184.79,184.02,184.63,22842.127
2025-10-18T02:00:00+00:00,184.64,185.54,183.87,184.13,37588.277
2025-10-18T02:15:00+00:00,184.13,184.94,183.83,184.71,26021.736
2025-10-18T02:30:00+00:00,184.71,184.96,183.93,184.0,23756.915
2025-10-18T02:45:00+00:00,183.99,184.11,183.41,183.72,16124.459
2025-10-18T03:00:00+00:00,183.72,184.74,183.7,184.57,21137.914
2025-10-18T03:15:00+00:00,184.57,185.07,184.45,184.9,18195.336
2025-10-18T03:30:00+00:00,184.9,185.47,184.7,184.8,16796.886
2025-10-18T03:45:00+00:00,184.79,185.12,184.6,184.8,14082.126
2025-10-18T04:00:00+00:00,184.8,184.8,184.02,184.47,27370.009
2025-10-18T04:15:00+00:00,184.47,184.57,183.88,184.23,22935.306
2025-10-18T04:30:00+00:00,184.24,184.3,183.2,183.24,21755.284
2025-10-18T04:45:00+00:00,183.25,183.57,183.11,183.44,11597.604
2025-10-18T05:00:00+00:00,183.43,184.37,183.42,184.34,15966.092
2025-10-18T05:15:00+00:00,184.33,184.83,184.18,184.33,30362.674
2025-10-18T05:30:00+00:00,184.33,184.45,183.72,184.16,22801.62
2025-10-18T05:45:00+00:00,184.17,184.8,184.17,184.53,20421.67
2025-10-18T06:00:00+00:00,184.54,185.8,184.21,185.53,29564.954
2025-10-18T06:15:00+00:00,185.54,185.86,185.23,185.51,27116.576
2025-10-18T06:30:00+00:00,185.52,185.66,185.12,185.38,33327.698
2025-10-18T06:45:00+00:00,185.37,186.6,185.23,186.34,29310.435
2025-10-18T07:00:00+00:00,186.33,188.26,186.21,187.95,107382.888
2025-10-18T07:15:00+00:00,187.94,188.04,187.02,187.49,52674.722
2025-10-18T07:30:00+00:00,187.49,187.75,187.08,187.47,39406.721
2025-10-18T07:45:00+00:00,187.47,187.6,185.87,186.27,66796.275
2025-10-18T08:00:00+00:00,186.26,187.18,186.07,186.88,23510.371
2025-10-18T08:15:00+00:00,186.87,187.18,186.34,186.42,32467.483
2025-10-18T08:30:00+00:00,186.41,186.71,186.18,186.35,16744.547
2025-10-18T08:45:00+00:00,186.34,186.54,185.8,185.92,23273.988
2025-10-18T09:00:00+00:00,185.91,186.33,185.39,185.73,26579.865
2025-10-18T09:15:00+00:00,185.72,186.64,185.45,186.27,19983.886
2025-10-18T09:30:00+00:00,186.27,186.39,185.46,185.87,14422.128
2025-10-18T09:45:00+00:00,185.87,186.17,185.38,185.94,23078.901
2025-10-18T10:00:00+00:00,185.93,186.0,185.36,185.49,13214.367
2025-10-18T10:15:00+00:00,185.49,185.84,185.2,185.7,16382.409
2025-10-18T10:30:00+00:00,185.7,186.25,185.59,186.09,40833.144
2025-10-18T10:45:00+00:00,186.09,186.09,184.4,185.18,76569.192
2025-10-18T11:00:00+00:00,185.18,185.27,184.63,185.19,28093.561
2025-10-18T11:15:00+00:00,185.19,185.61,184.68,184.74,23020.091
2025-10-18T11:30:00+00:00,184.73,185.97,184.63,185.92,19445.371
2025-10-18T11:45:00+00:00,185.92,186.11,185.56,186.1,13331.529
2025-10-18T12:00:00+00:00,186.11,186.8,185.84,186.67,15598.61
2025-10-18T12:15:00+00:00,186.67,187.4,186.07,186.2,25037.957
2025-10-18T12:30:00+00:00,186.2,186.23,185.71,186.11,12587.351
2025-10-18T12:45:00+00:00,186.12,186.28,185.93,186.08,6128.424
2025-10-18T13:00:00+00:00,186.08,186.15,185.32,185.58,17365.247
2025-10-18T13:15:00+00:00,185.58,185.6,184.86,185.36,16390.907
2025-10-18T13:30:00+00:00,185.37,185.66,184.8,185.2,14922.856
2025-10-18T13:45:00+00:00,185.21,185.64,184.81,185.2,40622.935
2025-10-18T14:00:00+00:00,185.2,185.69,183.96,183.98,33574.822
2025-10-18T14:15:00+00:00,183.98,184.81,183.98,184.75,13525.57
2025-10-18T14:30:00+00:00,184.74,186.2,184.74,185.5,22581.949
2025-10-18T14:45:00+00:00,185.51,185.94,185.22,185.75,14739.027
2025-10-18T15:00:00+00:00,185.76,185.97,185.13,185.25,14323.821
2025-10-18T15:15:00+00:00,185.25,185.77,185.2,185.21,8603.543
2025-10-18T15:30:00+00:00,185.2,185.2,184.61,185.1,15264.441
2025-10-18T15:45:00+00:00,185.1,185.58,185.03,185.03,9434.992
2025-10-18T16:00:00+00:00,185.04,185.57,184.52,184.68,13120.526
2025-10-18T16:15:00+00:00,184.69,184.85,183.8,184.16,18402.588
2025-10-18T16:30:00+00:00,184.17,184.83,183.2,183.62,87186.981
2025-10-18T16:45:00+00:00,183.63,184.35,183.53,184.23,12061.417
2025-10-18T17:00:00+00:00,184.23,184.55,183.79,184.55,15427.853
2025-10-18T17:15:00+00:00,184.54,185.64,184.47,185.5,31082.746
2025-10-18T17:30:00+00:00,185.51,185.75,185.0,185.09,18395.361
2025-10-18T17:45:00+00:00,185.09,186.13,184.93,185.93,17461.813
2025-10-18T18:00:00+00:00,185.93,186.17,185.35,185.36,14078.611
2025-10-18T18:15:00+00:00,185.36,185.77,185.27,185.75,6841.227
2025-10-18T18:30:00+00:00,185.74,186.07,185.57,185.7,7457.101
2025-10-18T18:45:00+00:00,185.69,186.05,185.41,185.83,7858.821
2025-10-18T19:00:00+00:00,185.83,186.41,185.64,185.96,14946.148
2025-10-18T19:15:00+00:00,185.97,186.13,185.76,185.99,7906.951
2025-10-18T19:30:00+00:00,185.98,186.05,185.76,185.95,5041.69
2025-10-18T19:45:00+00:00,185.95,186.37,185.88,186.34,9054.151
2025-10-18T20:00:00+00:00,186.35,186.86,186.13,186.6,12863.762
2025-10-18T20:15:00+00:00,186.6,187.29,186.44,187.28,21720.389
2025-10-18T20:30:00+00:00,187.28,187.67,186.84,187.07,15167.579
2025-10-18T20:45:00+00:00,187.07,187.54,186.58,186.59,14854.73
2025-10-18T21:00:00+00:00,186.58,186.95,185.9,186.1,16973.915
2025-10-18T21:15:00+00:00,186.1,186.92,185.9,186.91,11541.251
2025-10-18T21:30:00+00:00,186.91,187.2,186.77,186.93,12378.83
2025-10-18T21:45:00+00:00,186.93,187.25,186.83,187.15,6544.371
2025-10-18T22:00:00+00:00,187.15,187.36,186.81,186.99,7470.442
2025-10-18T22:15:00+00:00,187.0,187.84,186.94,187.79,12644.091
2025-10-18T22:30:00+00:00,187.78,187.79,187.26,187.36,7235.625
2025-10-18T22:45:00+00:00,187.36,187.38,187.05,187.27,5734.834
2025-10-18T23:00:00+00:00,187.28,187.6,187.07,187.35,11954.728
2025-10-18T23:15:00+00:00,187.35,187.48,186.92,187.31,8287.953
2025-10-18T23:30:00+00:00,187.31,187.58,187.19,187.42,8298.737
2025-10-18T23:45:00+00:00,187.42,187.75,187.33,187.56,6327.648
2025-10-19T00:00:00+00:00,187.55,187.87,186.59,186.69,19507.92
2025-10-19T00:15:00+00:00,186.68,187.03,186.43,186.46,14549.092
2025-10-19T00:30:00+00:00,186.46,186.51,185.68,185.77,22652.515
2025-10-19T00:45:00+00:00,185.77,185.83,185.29,185.75,14786.082
2025-10-19T01:00:00+00:00,185.76,185.77,184.88,185.25,14584.707
2025-10-19T01:15:00+00:00,185.25,185.79,185.17,185.47,13757.647
2025-10-19T01:30:00+00:00,185.47,185.57,185.02,185.26,5762.952
2025-10-19T01:45:00+00:00,185.26,185.88,185.19,185.86,11732.771
2025-10-19T02:00:00+00:00,185.86,185.88,185.39,185.43,10219.649
2025-10-19T02:15:00+00:00,185.42,185.96,185.23,185.68,10131.108
2025-10-19T02:30:00+00:00,185.68,185.88,185.49,185.51,6520.886
2025-10-19T02:45:00+00:00,185.52,185.85,185.29,185.77,12595.639
2025-10-19T03:00:00+00:00,185.77,185.77,184.96,185.14,24445.339
2025-10-19T03:15:00+00:00,185.13,186.32,185.13,186.09,16858.204
2025-10-19T03:30:00+00:00,186.08,186.84,186.01,186.67,19558.869
2025-10-19T03:45:00+00:00,186.68,187.14,186.63,187.04,21368.935
2025-10-19T04:00:00+00:00,187.03,187.14,186.46,186.68,21072.173
2025-10-19T04:15:00+00:00,186.68,186.79,186.38,186.7,15394.982
2025-10-19T04:30:00+00:00,186.71,187.0,186.69,186.82,11486.406
2025-10-19T04:45:00+00:00,186.81,186.91,186.6,186.83,9602.838
2025-10-19T05:00:00+00:00,186.84,187.12,186.68,186.84,11737.37
2025-10-19T05:15:00+00:00,186.83,187.69,186.74,187.18,18637.637
2025-10-19T05:30:00+00:00,187.17,187.33,186.68,186.84,9808.425
2025-10-19T05:45:00+00:00,186.84,186.84,186.32,186.56,8777.044
2025-10-19T06:00:00+00:00,186.56,186.92,186.3,186.33,7687.136
2025-10-19T06:15:00+00:00,186.32,186.46,186.0,186.13,9649.468
2025-10-19T06:30:00+00:00,186.13,186.13,185.19,185.51,17012.806
2025-10-19T06:45:00+00:00,185.5,185.67,185.23,185.57,6936.047
2025-10-19T07:00:00+00:00,185.57,185.77,185.24,185.68,10958.733
2025-10-19T07:15:00+00:00,185.68,185.99,185.43,185.65,8595.882
2025-10-19T07:30:00+00:00,185.66,186.14,185.53,185.73,6089.315
2025-10-19T07:45:00+00:00,185.72,185.98,185.58,185.9,6358.125
2025-10-19T08:00:00+00:00,185.89,186.34,185.88,185.97,10613.807
2025-10-19T08:15:00+00:00,185.96,187.5,183.81,185.24,119646.9
2025-10-19T08:30:00+00:00,185.24,185.26,183.88,184.17,33330.25
2025-10-19T08:45:00+00:00,184.18,184.69,183.84,184.17,29236.729
2025-10-19T09:00:00+00:00,184.16,184.16,183.19,183.99,34604.921
2025-10-19T09:15:00+00:00,183.99,184.41,183.43,183.52,22767.223
2025-10-19T09:30:00+00:00,183.51,186.24,183.47,185.95,60209.67
2025-10-19T09:45:00+00:00,185.96,188.64,185.69,187.2,157374.541
2025-10-19T10:00:00+00:00,187.19,188.15,186.71,187.23,46374.63
2025-10-19T10:15:00+00:00,187.22,189.96,186.95,189.42,88592.2
2025-10-19T10:30:00+00:00,189.42,189.52,188.43,188.99,52383.17
2025-10-19T10:45:00+00:00,188.99,189.11,188.24,189.07,19626.556
2025-10-19T11:00:00+00:00,189.06,190.05,189.01,189.74,53107.685
2025-10-19T11:15:00+00:00,189.75,190.0,188.67,188.92,32355.918
2025-10-19T11:30:00+00:00,188.93,189.38,188.76,188.92,23578.256
2025-10-19T11:45:00+00:00,188.92,189.1,188.6,188.99,21072.257
2025-10-19T12:00:00+00:00,189.0,189.39,188.28,188.55,21620.647
2025-10-19T12:15:00+00:00,188.55,188.73,188.11,188.49,21831.731
2025-10-19T12:30:00+00:00,188.5,189.12,188.32,188.6,12616.104
2025-10-19T12:45:00+00:00,188.59,188.94,188.33,188.89,13406.742
2025-10-19T13:00:00+00:00,188.89,189.12,188.32,188.58,17748.815
2025-10-19T13:15:00+00:00,188.58,188.81,188.32,188.75,16470.692
2025-10-19T13:30:00+00:00,188.75,190.34,188.7,190.13,52213.795
2025-10-19T13:45:00+00:00,190.13,191.0,189.58,190.6,82186.623
2025-10-19T14:00:00+00:00,190.6,190.86,189.79,190.34,54130.166
2025-10-19T14:15:00+00:00,190.34,191.63,190.1,191.36,66420.8
2025-10-19T14:30:00+00:00,191.36,191.51,190.45,190.88,53705.425
2025-10-19T14:45:00+00:00,190.89,191.7,190.68,191.55,27031.476
2025-10-19T15:00:00+00:00,191.55,191.68,190.52,190.68,48406.541
2025-10-19T15:15:00+00:00,190.68,191.06,190.38,190.59,29086.19
2025-10-19T15:30:00+00:00,190.59,190.67,190.23,190.28,21720.438
2025-10-19T15:45:00+00:00,190.28,190.82,190.28,190.78,12052.825
2025-10-19T16:00:00+00:00,190.77,190.89,190.21,190.27,22287.349
2025-10-19T16:15:00+00:00,190.27,190.72,189.97,190.53,28244.13
2025-10-19T16:30:00+00:00,190.52,191.61,190.22,191.52,23444.478
2025-10-19T16:45:00+00:00,191.52,191.57,190.82,190.87,28672.096
2025-10-19T17:00:00+00:00,190.88,192.18,190.81,191.96,45341.081
2025-10-19T17:15:00+00:00,191.96,192.29,191.06,191.06,40954.428
2025-10-19T17:30:00+00:00,191.05,191.41,190.8,191.01,13784.252
2025-10-19T17:45:00+00:00,191.02,191.04,189.73,190.03,35855.985
2025-10-19T18:00:00+00:00,190.03,190.38,189.25,189.55,34210.549
2025-10-19T18:15:00+00:00,189.55,189.95,189.18,189.72,33874.724
2025-10-19T18:30:00+00:00,189.73,190.02,189.41,190.0,14728.619
2025-10-19T18:45:00+00:00,190.0,190.22,189.78,189.94,16967.655
2025-10-19T19:00:00+00:00,189.93,189.95,188.75,189.0,27048.195
2025-10-19T19:15:00+00:00,188.99,189.16,188.85,189.07,10313.63
2025-10-19T19:30:00+00:00,189.08,189.25,188.64,188.82,12951.536
2025-10-19T19:45:00+00:00,188.83,188.88,188.33,188.88,28033.169
2025-10-19T20:00:00+00:00,188.88,189.16,188.7,188.87,12700.627
2025-10-19T20:15:00+00:00,188.87,189.32,188.64,189.31,6671.098
2025-10-19T20:30:00+00:00,189.32,189.63,189.06,189.63,12574.399
2025-10-19T20:45:00+00:00,189.62,189.89,189.33,189.67,13726.352
2025-10-19T21:00:00+00:00,189.67,189.83,188.95,188.96,23175.295
2025-10-19T21:15:00+00:00,188.95,189.1,188.46,188.49,25868.276
2025-10-19T21:30:00+00:00,188.48,189.34,188.37,189.26,19574.195
2025-10-19T21:45:00+00:00,189.25,189.41,188.95,189.29,7851.022
2025-10-19T22:00:00+00:00,189.3,189.58,188.92,189.33,18645.266
2025-10-19T22:15:00+00:00,189.33,189.86,189.19,189.54,16348.56
2025-10-19T22:30:00+00:00,189.54,190.01,189.45,189.79,12614.215
2025-10-19T22:45:00+00:00,189.78,190.16,189.59,189.83,16734.121
2025-10-19T23:00:00+00:00,189.83,189.83,188.71,188.81,14787.752
2025-10-19T23:15:00+00:00,188.81,188.99,188.43,188.55,12210.383
2025-10-19T23:30:00+00:00,188.55,188.68,186.96,187.11,62103.062
2025-10-19T23:45:00+00:00,187.1,187.91,186.83,187.86,17307.676
2025-10-20T00:00:00+00:00,187.86,187.86,186.32,186.39,35257.326
2025-10-20T00:15:00+00:00,186.4,186.66,184.26,184.62,70660.108
2025-10-20T00:30:00+00:00,184.62,185.44,183.82,185.0,44036.181
2025-10-20T00:45:00+00:00,184.99,185.75,184.72,185.62,35645.179
2025-10-20T01:00:00+00:00,185.62,186.05,184.97,185.49,30096.979
2025-10-20T01:15:00+00:00,185.48,185.95,185.15,185.73,21622.668
2025-10-20T01:30:00+00:00,185.73,186.34,185.41,185.83,18165.444
2025-10-20T01:45:00+00:00,185.84,186.14,185.43,185.65,17546.617
2025-10-20T02:00:00+00:00,185.65,185.65,183.94,184.61,61767.396
2025-10-20T02:15:00+00:00,184.61,186.2,184.47,185.72,29469.703
2025-10-20T02:30:00+00:00,185.73,186.76,185.15,186.55,42432.886
2025-10-20T02:45:00+00:00,186.55,187.33,186.46,186.89,31005.463
2025-10-20T03:00:00+00:00,186.89,186.98,185.9,186.75,126482.064
2025-10-20T03:15:00+00:00,186.74,187.41,186.53,186.86,40208.152
2025-10-20T03:30:00+00:00,186.86,188.38,186.65,188.05,30300.521
2025-10-20T03:45:00+00:00,188.06,191.75,187.91,191.21,108635.184
2025-10-20T04:00:00+00:00,191.21,192.47,191.21,191.58,53315.967
2025-10-20T04:15:00+00:00,191.58,191.86,190.6,191.02,44998.77
2025-10-20T04:30:00+00:00,191.01,191.99,191.01,191.79,34312.739
2025-10-20T04:45:00+00:00,191.79,192.29,191.54,192.17,30824.964
2025-10-20T05:00:00+00:00,192.18,192.32,191.62,192.1,37820.91
2025-10-20T05:15:00+00:00,192.1,192.94,191.7,192.6,34658.229
2025-10-20T05:30:00+00:00,192.59,193.1,192.19,192.57,46786.951
2025-10-20T05:45:00+00:00,192.58,193.4,192.3,193.01,33492.946
2025-10-20T06:00:00+00:00,193.01,193.43,192.78,192.96,31086.274
2025-10-20T06:15:00+00:00,192.97,193.53,192.86,193.42,32628.917
2025-10-20T06:30:00+00:00,193.43,194.07,193.41,193.87,41614.39
2025-10-20T06:45:00+00:00,193.86,194.42,193.18,193.94,30085.304
2025-10-20T07:00:00+00:00,193.93,194.0,193.25,193.8,28817.236
2025-10-20T07:15:00+00:00,193.8,194.5,193.64,193.84,26575.988
2025-10-20T07:30:00+00:00,193.84,193.86,193.25,193.45,23844.637
2025-10-20T07:45:00+00:00,193.45,193.47,192.76,193.02,33358.507
2025-10-20T08:00:00+00:00,193.02,193.2,192.58,192.85,31498.448
2025-10-20T08:15:00+00:00,192.86,193.12,191.96,193.11,43820.561
2025-10-20T08:30:00+00:00,193.11,194.18,193.07,193.65,29736.231
2025-10-20T08:45:00+00:00,193.65,194.0,192.93,193.0,14487.28
2025-10-20T09:00:00+00:00,193.0,193.63,192.71,193.5,21792.18
2025-10-20T09:15:00+00:00,193.5,193.57,192.57,192.98,31740.106
2025-10-20T09:30:00+00:00,192.99,193.24,192.63,192.97,18121.538
2025-10-20T09:45:00+00:00,192.97,193.3,192.56,193.2,21763.192
2025-10-20T10:00:00+00:00,193.19,193.64,192.45,193.04,19664.208
2025-10-20T10:15:00+00:00,193.05,193.75,193.03,193.36,25056.447
2025-10-20T10:30:00+00:00,193.36,193.62,192.55,192.58,23135.797
2025-10-20T10:45:00+00:00,192.58,192.7,191.41,191.62,36374.88
2025-10-20T11:00:00+00:00,191.62,191.73,191.0,191.17,40677.197
2025-10-20T11:15:00+00:00,191.16,191.99,191.05,191.85,19549.742
2025-10-20T11:30:00+00:00,191.85,191.85,191.25,191.59,16956.048
2025-10-20T11:45:00+00:00,191.58,192.29,191.46,192.2,17465.089
2025-10-20T12:00:00+00:00,192.21,192.22,191.68,191.85,12691.259
2025-10-20T12:15:00+00:00,191.85,192.39,191.72,192.29,12032.139
2025-10-20T12:30:00+00:00,192.28,192.49,191.71,191.94,14069.277
2025-10-20T12:45:00+00:00,191.93,192.77,191.86,192.76,18610.61
2025-10-20T13:00:00+00:00,192.77,192.98,191.7,191.71,18849.417
2025-10-20T13:15:00+00:00,191.71,192.2,191.6,192.09,22736.815
2025-10-20T13:30:00+00:00,192.08,192.99,192.06,192.6,28402.341
2025-10-20T13:45:00+00:00,192.61,192.91,192.1,192.41,24453.509
2025-10-20T14:00:00+00:00,192.42,192.61,191.85,191.89,31343.648
2025-10-20T14:15:00+00:00,191.88,192.06,190.77,192.02,70091.864
2025-10-20T14:30:00+00:00,192.02,192.04,190.88,191.34,29469.782
2025-10-20T14:45:00+00:00,191.35,191.79,191.06,191.4,36819.348
2025-10-20T15:00:00+00:00,191.4,192.33,191.0,191.01,34239.534
2025-10-20T15:15:00+00:00,191.01,191.63,190.83,191.6,20595.748
2025-10-20T15:30:00+00:00,191.59,191.87,191.41,191.69,17239.502
2025-10-20T15:45:00+00:00,191.7,192.15,190.44,190.5,48109.224
2025-10-20T16:00:00+00:00,190.51,190.51,188.0,189.16,160736.74
2025-10-20T16:15:00+00:00,189.17,189.56,188.45,188.66,50557.146
2025-10-20T16:30:00+00:00,188.66,188.68,187.12,187.31,86855.659
2025-10-20T16:45:00+00:00,187.31,187.96,186.71,187.54,92293.387
2025-10-20T17:00:00+00:00,187.53,188.44,187.05,187.18,44503.038
2025-10-20T17:15:00+00:00,187.19,187.5,186.8,187.0,21663.046
2025-10-20T17:30:00+00:00,187.0,187.21,185.56,186.16,63887.767
2025-10-20T17:45:00+00:00,186.15,188.55,186.08,187.66,47549.418
2025-10-20T18:00:00+00:00,187.66,188.28,187.51,187.88,23110.268
2025-10-20T18:15:00+00:00,187.87,187.99,187.19,187.64,16948.631
2025-10-20T18:30:00+00:00,187.64,187.98,187.33,187.9,16190.724
2025-10-20T18:45:00+00:00,187.9,188.53,187.84,188.2,21999.227
2025-10-20T19:00:00+00:00,188.2,188.52,187.59,187.98,21400.552
2025-10-20T19:15:00+00:00,187.98,188.41,187.53,188.27,9993.602
2025-10-20T19:30:00+00:00,188.27,188.94,188.08,188.87,19465.315
2025-10-20T19:45:00+00:00,188.88,189.44,188.67,188.83,29716.18
2025-10-20T20:00:00+00:00,188.83,189.46,188.26,189.24,22257.808
2025-10-20T20:15:00+00:00,189.23,189.75,189.07,189.26,28335.769
2025-10-20T20:30:00+00:00,189.26,189.83,189.06,189.83,15340.086
2025-10-20T20:45:00+00:00,189.84,190.51,189.63,190.51,19268.003
2025-10-20T21:00:00+00:00,190.51,191.18,190.32,190.37,22066.57
2025-10-20T21:15:00+00:00,190.37,190.38,189.48,189.86,23556.755
2025-10-20T21:30:00+00:00,189.86,190.01,189.27,189.57,18275.843
2025-10-20T21:45:00+00:00,189.57,189.57,188.79,188.99,14527.322
2025-10-20T22:00:00+00:00,188.99,190.15,188.78,190.08,20053.468
2025-10-20T22:15:00+00:00,190.09,190.35,189.93,190.01,13414.751
2025-10-20T22:30:00+00:00,190.0,190.8,189.93,190.78,20109.358
2025-10-20T22:45:00+00:00,190.79,190.88,190.41,190.74,10106.695
2025-10-20T23:00:00+00:00,190.74,190.84,189.73,189.91,20470.512
2025-10-20T23:15:00+00:00,189.91,190.25,189.72,190.25,7669.605
2025-10-20T23:30:00+00:00,190.25,190.67,190.04,190.25,21563.965
2025-10-20T23:45:00+00:00,190.26,190.45,189.48,189.71,14966.728
2025-10-21T00:00:00+00:00,189.71,189.71,188.7,188.8,23818.916
2025-10-21T00:15:00+00:00,188.79,189.74,188.79,189.43,15787.177
2025-10-21T00:30:00+00:00,189.43,190.21,188.9,190.06,27457.974
2025-10-21T00:45:00+00:00,190.06,190.15,189.0,189.0,20062.735
2025-10-21T01:00:00+00:00,189.0,189.24,187.1,187.93,71332.048
2025-10-21T01:15:00+00:00,187.93,188.48,187.91,188.28,25960.734
2025-10-21T01:30:00+00:00,188.28,188.34,187.49,187.57,41002.976
2025-10-21T01:45:00+00:00,187.58,187.81,186.21,186.72,65295.414
2025-10-21T02:00:00+00:00,186.72,186.9,185.58,186.19,84712.683
2025-10-21T02:15:00+00:00,186.2,186.53,185.52,186.24,52557.56
2025-10-21T02:30:00+00:00,186.24,186.75,185.99,186.22,29213.662
2025-10-21T02:45:00+00:00,186.22,186.52,185.86,186.03,37213.279
2025-10-21T03:00:00+00:00,186.04,186.46,185.93,186.21,19237.266
2025-10-21T03:15:00+00:00,186.21,186.57,186.0,186.34,13139.055
2025-10-21T03:30:00+00:00,186.33,186.6,186.2,186.25,12282.876
2025-10-21T03:45:00+00:00,186.26,186.26,185.31,185.57,30632.076
2025-10-21T04:00:00+00:00,185.57,185.63,183.2,184.23,148913.852
2025-10-21T04:15:00+00:00,184.22,184.51,183.6,184.4,51104.835
2025-10-21T04:30:00+00:00,184.4,184.41,183.43,183.68,52579.699
2025-10-21T04:45:00+00:00,183.69,184.2,183.36,183.75,35252.846
2025-10-21T05:00:00+00:00,183.75,184.24,182.72,183.89,57348.967
2025-10-21T05:15:00+00:00,183.89,184.36,183.44,184.21,29653.681
2025-10-21T05:30:00+00:00,184.2,184.21,183.46,183.76,44938.264
2025-10-21T05:45:00+00:00,183.75,184.26,183.64,183.85,22399.913
2025-10-21T06:00:00+00:00,183.85,183.85,183.17,183.66,21051.435
2025-10-21T06:15:00+00:00,183.65,184.94,183.6,184.87,37697.002
2025-10-21T06:30:00+00:00,184.86,185.06,184.21,184.25,19118.925
2025-10-21T06:45:00+00:00,184.25,184.61,184.08,184.48,13112.623
2025-10-21T07:00:00+00:00,184.47,184.57,183.73,183.79,16058.581
2025-10-21T07:15:00+00:00,183.78,184.83,183.78,184.83,23770.669
2025-10-21T07:30:00+00:00,184.84,185.06,184.71,184.75,22286.483
2025-10-21T07:45:00+00:00,184.75,185.23,184.7,185.03,22311.812
2025-10-21T08:00:00+00:00,185.04,185.04,184.01,184.14,23133.495
2025-10-21T08:15:00+00:00,184.14,184.55,184.01,184.42,15934.919
2025-10-21T08:30:00+00:00,184.42,184.42,183.8,184.02,29917.615
2025-10-21T08:45:00+00:00,184.02,184.52,183.77,184.29,18382.005
2025-10-21T09:00:00+00:00,184.28,184.48,183.77,184.38,21683.599
2025-10-21T09:15:00+00:00,184.38,184.52,184.03,184.28,13740.117
2025-10-21T09:30:00+00:00,184.28,184.41,183.96,184.25,11752.896
2025-10-21T09:45:00+00:00,184.26,184.45,184.15,184.37,7340.631
2025-10-21T10:00:00+00:00,184.37,185.12,184.2,185.05,31624.158
2025-10-21T10:15:00+00:00,185.05,185.14,184.55,184.93,9877.665
2025-10-21T10:30:00+00:00,184.94,186.17,184.88,185.51,29866.366
2025-10-21T10:45:00+00:00,185.52,186.75,185.52,185.92,30974.676
2025-10-21T11:00:00+00:00,185.91,185.95,185.06,185.39,22175.328
2025-10-21T11:15:00+00:00,185.39,185.89,185.29,185.6,9532.865
2025-10-21T11:30:00+00:00,185.6,186.21,185.29,186.02,17516.767
2025-10-21T11:45:00+00:00,186.03,186.51,186.03,186.29,10290.662
2025-10-21T12:00:00+00:00,186.28,186.57,185.92,186.2,13958.874
2025-10-21T12:15:00+00:00,186.21,187.72,186.19,186.85,40596.129
2025-10-21T12:30:00+00:00,186.85,187.76,186.35,187.56,33832.553
2025-10-21T12:45:00+00:00,187.56,187.63,186.41,186.48,31797.118
2025-10-21T13:00:00+00:00,186.49,187.0,185.29,186.25,40936.109
2025-10-21T13:15:00+00:00,186.25,186.49,185.83,186.32,22280.893
2025-10-21T13:30:00+00:00,186.32,186.84,185.44,185.84,30454.759
2025-10-21T13:45:00+00:00,185.84,185.84,183.94,185.09,81213.769
2025-10-21T14:00:00+00:00,185.1,188.5,184.98,188.5,77319.555
2025-10-21T14:15:00+00:00,188.5,189.58,187.6,187.8,93870.723
2025-10-21T14:30:00+00:00,187.8,189.21,187.7,189.01,46413.254
2025-10-21T14:45:00+00:00,189.01,192.82,188.67,192.75,192895.161
2025-10-21T15:00:00+00:00,192.76,194.34,191.93,193.64,204720.19
2025-10-21T15:15:00+00:00,193.64,194.97,193.02,194.21,101814.192
2025-10-21T15:30:00+00:00,194.21,196.9,193.55,196.73,142629.572
2025-10-21T15:45:00+00:00,196.74,197.15,195.32,196.22,114453.672
2025-10-21T16:00:00+00:00,196.22,197.11,195.82,196.98,91516.548
2025-10-21T16:15:00+00:00,196.98,197.71,196.78,197.11,80210.482
2025-10-21T16:30:00+00:00,197.11,197.47,196.02,196.25,88535.934
2025-10-21T16:45:00+00:00,196.26,196.85,192.11,192.6,241064.35
2025-10-21T17:00:00+00:00,192.59,194.63,192.25,193.85,152777.014
2025-10-21T17:15:00+00:00,193.84,194.16,192.11,193.92,114034.38
2025-10-21T17:30:00+00:00,193.92,195.45,193.47,195.2,48551.009
2025-10-21T17:45:00+00:00,195.21,195.37,194.38,194.82,35047.406
2025-10-21T18:00:00+00:00,194.81,195.44,193.51,193.91,50849.651
2025-10-21T18:15:00+00:00,193.9,194.95,193.65,194.35,32986.992
2025-10-21T18:30:00+00:00,194.34,194.58,193.6,193.81,28761.469
2025-10-21T18:45:00+00:00,193.81,194.59,193.81,194.14,25958.386
2025-10-21T19:00:00+00:00,194.14,194.49,193.98,194.37,18679.676
2025-10-21T19:15:00+00:00,194.37,194.44,193.07,193.56,32353.983
2025-10-21T19:30:00+00:00,193.55,194.36,193.22,194.17,24933.9
2025-10-21T19:45:00+00:00,194.17,194.55,193.76,193.96,18789.764
2025-10-21T20:00:00+00:00,193.97,194.22,192.37,192.68,47677.205
2025-10-21T20:15:00+00:00,192.68,192.88,190.71,191.78,88975.888
2025-10-21T20:30:00+00:00,191.79,191.99,191.1,191.55,24843.521
2025-10-21T20:45:00+00:00,191.55,191.92,191.25,191.4,28049.815
2025-10-21T21:00:00+00:00,191.4,191.75,191.02,191.28,23999.961
2025-10-21T21:15:00+00:00,191.29,191.43,188.0,189.69,160987.267
2025-10-21T21:30:00+00:00,189.68,191.29,189.12,190.94,54153.123
2025-10-21T21:45:00+00:00,190.93,191.48,190.79,191.29,13321.583
2025-10-21T22:00:00+00:00,191.29,191.49,189.97,190.63,29251.661
2025-10-21T22:15:00+00:00,190.64,190.86,188.89,189.04,29447.021
2025-10-21T22:30:00+00:00,189.03,189.51,187.79,188.67,83563.895
2025-10-21T22:45:00+00:00,188.67,189.43,188.33,188.56,21112.226
2025-10-21T23:00:00+00:00,188.56,188.94,188.15,188.18,23396.831
2025-10-21T23:15:00+00:00,188.18,188.41,187.35,187.54,36512.758
2025-10-21T23:30:00+00:00,187.54,187.54,185.11,185.46,82698.744
2025-10-21T23:45:00+00:00,185.46,186.13,185.14,185.63,57803.873
2025-10-22T00:00:00+00:00,185.62,186.59,185.38,186.36,40956.216
2025-10-22T00:15:00+00:00,186.36,186.36,184.37,184.79,55274.287
2025-10-22T00:30:00+00:00,184.79,185.59,184.14,185.06,64770.028
2025-10-22T00:45:00+00:00,185.07,185.76,184.97,185.67,35943.537
2025-10-22T01:00:00+00:00,185.68,186.96,185.62,186.92,43454.112
2025-10-22T01:15:00+00:00,186.91,186.91,185.61,186.3,30691.305
2025-10-22T01:30:00+00:00,186.29,186.6,185.72,186.47,18713.627
2025-10-22T01:45:00+00:00,186.48,187.2,186.23,187.0,33470.06
2025-10-22T02:00:00+00:00,187.0,187.36,186.66,187.22,41121.783
2025-10-22T02:15:00+00:00,187.22,187.45,186.78,186.99,30631.941
2025-10-22T02:30:00+00:00,186.99,186.99,186.16,186.24,26003.822
2025-10-22T02:45:00+00:00,186.23,186.28,185.84,185.9,20676.962
2025-10-22T03:00:00+00:00,185.9,185.9,184.76,184.86,41222.232
2025-10-22T03:15:00+00:00,184.85,185.9,184.75,185.67,24544.556
2025-10-22T03:30:00+00:00,185.67,185.96,184.5,184.75,31356.73
2025-10-22T03:45:00+00:00,184.76,185.49,184.69,185.24,17822.747
2025-10-22T04:00:00+00:00,185.23,186.26,185.06,185.5,32740.8
2025-10-22T04:15:00+00:00,185.5,185.86,185.34,185.53,24832.952
2025-10-22T04:30:00+00:00,185.53,186.31,185.42,185.98,23647.561
2025-10-22T04:45:00+00:00,185.98,185.99,185.55,185.89,18965.866
2025-10-22T05:00:00+00:00,185.88,185.95,185.17,185.23,26121.988
2025-10-22T05:15:00+00:00,185.22,185.48,183.28,184.0,97353.65
2025-10-22T05:30:00+00:00,183.99,184.42,183.68,184.33,59905.873
2025-10-22T05:45:00+00:00,184.33,184.67,184.1,184.58,25900.947
2025-10-22T06:00:00+00:00,184.57,184.57,183.88,184.4,19390.841
2025-10-22T06:15:00+00:00,184.4,184.71,184.06,184.17,23193.545
2025-10-22T06:30:00+00:00,184.16,184.91,184.12,184.74,29211.513
2025-10-22T06:45:00+00:00,184.74,184.81,184.03,184.09,22209.533
2025-10-22T07:00:00+00:00,184.09,184.18,183.42,183.43,32653.552
2025-10-22T07:15:00+00:00,183.43,184.46,183.43,184.19,24983.354
2025-10-22T07:30:00+00:00,184.2,185.0,184.1,184.65,14137.829
2025-10-22T07:45:00+00:00,184.64,185.15,184.54,185.01,15133.785
2025-10-22T08:00:00+00:00,185.01,185.03,184.28,184.3,19872.831
2025-10-22T08:15:00+00:00,184.3,184.94,184.24,184.7,18835.304
2025-10-22T08:30:00+00:00,184.7,185.0,184.32,184.96,12595.795
2025-10-22T08:45:00+00:00,184.96,185.2,184.62,184.71,13690.77
2025-10-22T09:00:00+00:00,184.71,184.94,183.94,184.02,24877.78
2025-10-22T09:15:00+00:00,184.03,184.44,183.62,184.41,23375.855
2025-10-22T09:30:00+00:00,184.41,184.6,183.57,183.6,21789.145
2025-10-22T09:45:00+00:00,183.59,184.24,183.36,184.04,19579.438
2025-10-22T10:00:00+00:00,184.05,184.5,183.68,184.22,12905.428
2025-10-22T10:15:00+00:00,184.22,184.43,183.7,183.97,15254.524
2025-10-22T10:30:00+00:00,183.97,184.13,183.36,183.44,14879.139
2025-10-22T10:45:00+00:00,183.44,183.84,183.22,183.55,18957.744
2025-10-22T11:00:00+00:00,183.56,185.27,181.92,184.96,146315.05
2025-10-22T11:15:00+00:00,184.95,185.98,184.53,184.84,42696.469
2025-10-22T11:30:00+00:00,184.84,185.8,184.84,185.21,31435.006
2025-10-22T11:45:00+00:00,185.2,185.54,184.63,185.05,30324.641
2025-10-22T12:00:00+00:00,185.05,185.34,184.41,185.12,26523.462
2025-10-22T12:15:00+00:00,185.12,186.55,185.12,186.13,40587.038
2025-10-22T12:30:00+00:00,186.12,186.91,186.02,186.3,27359.826
2025-10-22T12:45:00+00:00,186.29,186.29,185.54,185.8,24295.937
2025-10-22T13:00:00+00:00,185.81,186.45,185.1,186.14,36691.949
2025-10-22T13:15:00+00:00,186.14,186.14,185.59,185.73,17668.516
2025-10-22T13:30:00+00:00,185.73,186.11,184.15,185.37,63447.094
2025-10-22T13:45:00+00:00,185.37,186.88,184.42,186.53,69285.209
2025-10-22T14:00:00+00:00,186.53,186.65,184.57,185.0,83995.644
2025-10-22T14:15:00+00:00,185.0,185.3,182.26,182.52,139144.188
2025-10-22T14:30:00+00:00,182.53,183.97,181.28,182.7,109987.396
2025-10-22T14:45:00+00:00,182.7,185.51,182.05,185.5,91520.396
2025-10-22T15:00:00+00:00,185.5,186.04,183.69,183.8,103887.388
2025-10-22T15:15:00+00:00,183.8,183.84,182.32,182.87,46265.253
2025-10-22T15:30:00+00:00,182.88,184.37,182.52,184.36,49110.97
2025-10-22T15:45:00+00:00,184.36,185.03,183.62,183.98,36018.405
2025-10-22T16:00:00+00:00,183.99,184.7,183.3,183.64,43589.317
2025-10-22T16:15:00+00:00,183.65,184.27,182.75,184.04,46053.467
2025-10-22T16:30:00+00:00,184.04,184.96,182.5,184.24,104192.526
2025-10-22T16:45:00+00:00,184.24,184.93,183.5,183.62,34325.107
2025-10-22T17:00:00+00:00,183.63,184.23,183.45,183.82,22177.932
2025-10-22T17:15:00+00:00,183.82,183.84,182.89,183.12,40779.164
2025-10-22T17:30:00+00:00,183.12,183.72,182.03,182.25,49569.166
2025-10-22T17:45:00+00:00,182.25,182.65,181.34,181.68,48409.674
2025-10-22T18:00:00+00:00,181.68,182.34,180.52,180.97,63560.948
2025-10-22T18:15:00+00:00,180.96,181.36,180.18,181.13,61217.204
2025-10-22T18:30:00+00:00,181.12,181.5,180.42,180.56,32085.87
2025-10-22T18:45:00+00:00,180.56,181.09,180.41,180.91,40830.604
2025-10-22T19:00:00+00:00,180.9,182.56,180.8,181.78,43967.695
2025-10-22T19:15:00+00:00,181.79,182.07,181.3,181.35,26265.432
2025-10-22T19:30:00+00:00,181.36,181.56,180.4,180.58,22355.991
2025-10-22T19:45:00+00:00,180.59,181.29,177.07,180.2,183124.471
2025-10-22T20:00:00+00:00,180.21,180.72,179.74,180.16,46459.336
2025-10-22T20:15:00+00:00,180.17,180.18,179.11,179.5,37063.405
2025-10-22T20:30:00+00:00,179.5,180.78,179.24,180.58,27572.533
2025-10-22T20:45:00+00:00,180.57,180.58,179.67,180.18,29234.044
2025-10-22T21:00:00+00:00,180.17,180.26,177.04,178.97,139170.148
2025-10-22T21:15:00+00:00,178.97,179.75,177.78,177.79,49859.976
2025-10-22T21:30:00+00:00,177.78,178.65,177.33,177.89,48593.953
2025-10-22T21:45:00+00:00,177.89,178.92,177.74,178.39,31407.721
2025-10-22T22:00:00+00:00,178.38,179.57,178.27,178.98,30826.903
2025-10-22T22:15:00+00:00,178.99,179.1,177.79,177.88,32337.637
2025-10-22T22:30:00+00:00,177.88,179.16,177.88,178.99,33244.529
2025-10-22T22:45:00+00:00,178.98,179.22,178.29,178.88,24606.038
2025-10-22T23:00:00+00:00,178.88,179.96,178.78,179.7,29832.67
2025-10-22T23:15:00+00:00,179.7,180.4,179.49,179.58,39516.483
2025-10-22T23:30:00+00:00,179.57,180.49,179.57,179.76,21010.803
2025-10-22T23:45:00+00:00,179.76,180.33,179.75,180.12,13552.844
2025-10-23T00:00:00+00:00,180.13,180.41,179.84,180.33,33732.377
2025-10-23T00:15:00+00:00,180.33,180.65,179.68,179.92,19056.518
2025-10-23T00:30:00+00:00,179.93,180.94,179.83,180.55,21777.855
2025-10-23T00:45:00+00:00,180.55,181.14,180.51,181.01,14693.121
2025-10-23T01:00:00+00:00,181.02,181.93,180.79,181.81,20176.586
2025-10-23T01:15:00+00:00,181.8,182.05,180.58,180.92,40942.522
2025-10-23T01:30:00+00:00,180.92,181.95,180.8,181.92,32387.679
2025-10-23T01:45:00+00:00,181.92,182.01,181.62,181.78,12242.375
2025-10-23T02:00:00+00:00,181.79,181.83,181.41,181.73,8989.958
2025-10-23T02:15:00+00:00,181.74,182.2,181.74,182.02,10885.77
2025-10-23T02:30:00+00:00,182.03,182.47,181.95,182.06,12003.263
2025-10-23T02:45:00+00:00,182.06,182.31,181.8,182.27,20194.079
2025-10-23T03:00:00+00:00,182.27,182.66,182.14,182.53,20900.461
2025-10-23T03:15:00+00:00,182.54,183.25,182.53,183.2,22213.435
2025-10-23T03:30:00+00:00,183.2,183.4,182.68,182.68,29144.529
2025-10-23T03:45:00+00:00,182.69,183.0,182.45,182.86,13881.198
2025-10-23T04:00:00+00:00,182.87,183.1,182.7,182.79,8119.432
2025-10-23T04:15:00+00:00,182.78,183.98,182.75,183.62,20612.049
2025-10-23T04:30:00+00:00,183.63,184.28,183.37,184.14,22358.517
2025-10-23T04:45:00+00:00,184.15,184.24,183.85,184.02,21620.475
2025-10-23T05:00:00+00:00,184.02,184.62,184.0,184.58,21816.444
2025-10-23T05:15:00+00:00,184.58,184.59,184.03,184.1,13179.161
2025-10-23T05:30:00+00:00,184.1,184.31,183.9,183.9,13747.204
2025-10-23T05:45:00+00:00,183.9,184.84,183.79,184.84,29903.446
2025-10-23T06:00:00+00:00,184.83,185.46,184.54,185.36,46762.268
2025-10-23T06:15:00+00:00,185.36,187.04,185.36,186.26,89604.193
2025-10-23T06:30:00+00:00,186.25,186.57,185.95,186.35,33993.895
2025-10-23T06:45:00+00:00,186.35,187.6,186.31,187.43,41601.491
2025-10-23T07:00:00+00:00,187.44,187.64,186.63,186.63,41826.258
2025-10-23T07:15:00+00:00,186.63,187.25,186.17,187.15,29371.67
2025-10-23T07:30:00+00:00,187.16,188.0,186.81,187.25,51424.943
2025-10-23T07:45:00+00:00,187.25,187.83,187.11,187.48,24204.763
2025-10-23T08:00:00+00:00,187.48,188.49,187.48,188.14,46079.037
2025-10-23T08:15:00+00:00,188.13,188.71,187.83,187.98,35318.385
2025-10-23T08:30:00+00:00,187.98,188.09,187.59,187.91,32052.644
2025-10-23T08:45:00+00:00,187.91,188.39,187.62,187.97,46066.963
2025-10-23T09:00:00+00:00,187.97,188.3,187.48,187.53,39240.514
2025-10-23T09:15:00+00:00,187.54,188.88,187.54,188.58,50396.978
2025-10-23T09:30:00+00:00,188.58,188.6,187.82,188.18,19408.682
2025-10-23T09:45:00+00:00,188.18,188.64,188.05,188.39,24272.319
2025-10-23T10:00:00+00:00,188.39,188.81,188.24,188.41,31562.216
2025-10-23T10:15:00+00:00,188.41,189.34,188.41,189.04,42698.597
2025-10-23T10:30:00+00:00,189.03,189.07,188.53,188.7,25248.393
2025-10-23T10:45:00+00:00,188.69,188.81,188.22,188.25,25245.82
2025-10-23T11:00:00+00:00,188.25,189.2,188.11,188.71,38059.714
2025-10-23T11:15:00+00:00,188.7,189.49,188.39,189.03,32108.151
2025-10-23T11:30:00+00:00,189.03,189.16,187.95,188.16,48491.189
2025-10-23T11:45:00+00:00,188.16,188.19,187.51,187.98,54040.163
2025-10-23T12:00:00+00:00,187.98,188.08,186.6,187.43,68351.572
2025-10-23T12:15:00+00:00,187.43,189.34,187.21,188.97,54250.503
2025-10-23T12:30:00+00:00,188.97,189.03,188.07,188.71,37279.415
2025-10-23T12:45:00+00:00,188.71,189.39,188.43,189.32,31149.919
2025-10-23T13:00:00+00:00,189.32,189.79,188.4,189.65,48760.914
2025-10-23T13:15:00+00:00,189.65,190.45,189.06,190.4,89199.323
2025-10-23T13:30:00+00:00,190.4,192.62,190.05,190.94,204524.228
2025-10-23T13:45:00+00:00,190.95,191.41,189.96,190.37,57728.411
2025-10-23T14:00:00+00:00,190.37,190.5,188.46,188.58,65633.848
2025-10-23T14:15:00+00:00,188.58,189.64,188.13,189.3,67446.746
2025-10-23T14:30:00+00:00,189.31,191.29,189.2,190.03,44880.803
2025-10-23T14:45:00+00:00,190.02,190.35,189.34,189.77,53130.997
2025-10-23T15:00:00+00:00,189.78,191.63,189.43,190.84,86540.277
2025-10-23T15:15:00+00:00,190.84,191.18,190.04,190.8,47443.828
2025-10-23T15:30:00+00:00,190.8,191.86,190.78,191.18,86268.458
2025-10-23T15:45:00+00:00,191.17,191.87,190.98,191.04,41929.547
2025-10-23T16:00:00+00:00,191.04,191.51,190.42,190.9,34538.382
2025-10-23T16:15:00+00:00,190.91,191.42,190.61,191.09,33381.493
2025-10-23T16:30:00+00:00,191.08,191.57,190.89,191.29,24111.747
2025-10-23T16:45:00+00:00,191.3,192.43,191.21,191.95,53467.087
2025-10-23T17:00:00+00:00,191.95,191.98,190.5,190.54,49038.338
2025-10-23T17:15:00+00:00,190.54,191.35,190.1,191.16,32115.165
2025-10-23T17:30:00+00:00,191.16,193.44,191.16,192.82,99506.944
2025-10-23T17:45:00+00:00,192.83,193.45,192.37,192.5,51376.025
2025-10-23T18:00:00+00:00,192.49,192.87,191.48,191.58,30238.45
2025-10-23T18:15:00+00:00,191.58,192.03,191.42,191.54,16305.803
2025-10-23T18:30:00+00:00,191.54,191.95,191.29,191.46,26694.808
2025-10-23T18:45:00+00:00,191.45,191.68,190.84,191.53,32893.134
2025-10-23T19:00:00+00:00,191.52,191.58,190.55,191.3,39348.233
2025-10-23T19:15:00+00:00,191.3,191.87,190.74,191.79,21351.718
2025-10-23T19:30:00+00:00,191.79,191.8,191.13,191.16,9632.909
2025-10-23T19:45:00+00:00,191.17,191.78,191.15,191.15,12207.35
2025-10-23T20:00:00+00:00,191.14,191.29,189.57,189.95,74260.063
2025-10-23T20:15:00+00:00,189.94,190.46,189.9,190.23,40242.217
2025-10-23T20:30:00+00:00,190.22,190.49,189.84,190.0,19802.491
2025-10-23T20:45:00+00:00,189.99,190.0,188.31,188.8,52101.398
2025-10-23T21:00:00+00:00,188.8,189.46,188.51,189.22,33070.964
2025-10-23T21:15:00+00:00,189.21,189.38,188.69,189.28,22546.078
2025-10-23T21:30:00+00:00,189.27,189.32,188.7,188.76,21586.383
2025-10-23T21:45:00+00:00,188.76,189.22,188.67,188.8,10278.529
2025-10-23T22:00:00+00:00,188.79,189.64,188.65,189.3,19875.029
2025-10-23T22:15:00+00:00,189.3,189.53,188.95,189.53,12634.498
2025-10-23T22:30:00+00:00,189.53,190.27,189.52,190.12,30567.639
2025-10-23T22:45:00+00:00,190.11,190.58,189.91,190.43,16760.377
2025-10-23T23:00:00+00:00,190.42,190.77,190.41,190.76,10430.506
2025-10-23T23:15:00+00:00,190.77,191.44,190.47,191.15,19638.659
2025-10-23T23:30:00+00:00,191.14,191.36,190.71,191.08,22136.069
2025-10-23T23:45:00+00:00,191.09,191.51,191.0,191.35,11644.14
2025-10-24T00:00:00+00:00,191.36,192.21,190.95,192.17,42451.088
2025-10-24T00:15:00+00:00,192.17,192.3,191.51,191.69,23149.404
2025-10-24T00:30:00+00:00,191.69,192.63,191.64,192.35,25299.117
2025-10-24T00:45:00+00:00,192.36,193.85,192.35,192.53,77838.249
2025-10-24T01:00:00+00:00,192.54,193.06,192.34,192.59,22678.06
2025-10-24T01:15:00+00:00,192.59,193.0,192.17,192.31,24116.275
2025-10-24T01:30:00+00:00,192.31,193.12,192.15,192.97,19690.992
2025-10-24T01:45:00+00:00,192.97,193.39,192.76,192.96,20849.52
2025-10-24T02:00:00+00:00,192.95,192.96,192.2,192.29,15291.743
2025-10-24T02:15:00+00:00,192.3,192.53,191.4,191.61,32888.574
2025-10-24T02:30:00+00:00,191.62,192.92,191.62,192.8,26672.391
2025-10-24T02:45:00+00:00,192.8,193.07,192.17,192.21,19895.818
2025-10-24T03:00:00+00:00,192.22,192.36,191.78,191.92,17086.731
2025-10-24T03:15:00+00:00,191.91,192.0,191.48,191.54,13308.355
2025-10-24T03:30:00+00:00,191.55,191.65,190.94,191.26,21325.699
2025-10-24T03:45:00+00:00,191.26,191.41,190.85,191.31,18424.147
2025-10-24T04:00:00+00:00,191.31,191.7,190.82,191.67,20182.772
2025-10-24T04:15:00+00:00,191.68,193.08,191.45,192.78,46960.358
2025-10-24T04:30:00+00:00,192.77,194.6,192.71,193.85,101254.429
2025-10-24T04:45:00+00:00,193.86,194.25,193.37,193.49,51913.305
2025-10-24T05:00:00+00:00,193.49,193.9,192.92,193.43,37121.306
2025-10-24T05:15:00+00:00,193.43,193.86,193.18,193.42,22043.705
2025-10-24T05:30:00+00:00,193.43,193.7,193.11,193.26,16338.384
2025-10-24T05:45:00+00:00,193.26,193.64,193.08,193.3,23532.808
2025-10-24T06:00:00+00:00,193.3,193.68,192.6,192.93,23354.633
2025-10-24T06:15:00+00:00,192.93,193.31,192.67,193.19,18307.153
2025-10-24T06:30:00+00:00,193.2,193.42,193.06,193.16,18022.175
2025-10-24T06:45:00+00:00,193.15,193.44,193.0,193.29,12189.08
2025-10-24T07:00:00+00:00,193.3,193.43,192.61,192.64,18901.417
2025-10-24T07:15:00+00:00,192.64,193.14,192.36,193.13,25033.012
2025-10-24T07:30:00+00:00,193.14,193.18,192.32,192.33,20093.868
2025-10-24T07:45:00+00:00,192.33,192.34,191.5,192.15,49375.563
2025-10-24T08:00:00+00:00,192.15,192.71,191.7,192.46,22031.703
2025-10-24T08:15:00+00:00,192.47,192.58,192.07,192.41,17701.015
2025-10-24T08:30:00+00:00,192.41,193.36,192.31,193.36,20441.174
2025-10-24T08:45:00+00:00,193.35,193.45,192.93,192.97,21701.893
2025-10-24T09:00:00+00:00,192.96,193.39,192.82,193.27,15459.321
2025-10-24T09:15:00+00:00,193.27,193.35,192.89,192.96,13703.76
2025-10-24T09:30:00+00:00,192.95,192.99,192.42,192.7,26683.632
2025-10-24T09:45:00+00:00,192.69,192.76,191.88,192.11,22768.757
2025-10-24T10:00:00+00:00,192.11,192.11,191.59,191.95,27187.057
2025-10-24T10:15:00+00:00,191.96,191.98,191.44,191.55,20267.602
2025-10-24T10:30:00+00:00,191.55,192.16,191.54,191.85,22793.812
2025-10-24T10:45:00+00:00,191.85,192.02,191.65,191.78,14018.201
2025-10-24T11:00:00+00:00,191.78,192.1,191.56,191.8,14132.353
2025-10-24T11:15:00+00:00,191.8,191.81,191.24,191.66,17241.503
2025-10-24T11:30:00+00:00,191.67,191.67,190.58,191.56,24458.699
2025-10-24T11:45:00+00:00,191.56,192.2,191.3,192.13,20689.555
2025-10-24T12:00:00+00:00,192.13,193.06,192.13,192.89,29880.632
2025-10-24T12:15:00+00:00,192.88,193.08,192.46,193.01,22040.191
2025-10-24T12:30:00+00:00,193.0,197.0,192.73,194.04,381193.101
2025-10-24T12:45:00+00:00,194.04,194.17,193.01,193.66,38678.996
2025-10-24T13:00:00+00:00,193.67,194.28,193.42,193.74,33661.322
2025-10-24T13:15:00+00:00,193.73,194.03,193.33,193.36,27220.65
2025-10-24T13:30:00+00:00,193.35,193.43,191.66,191.73,63232.424
2025-10-24T13:45:00+00:00,191.73,192.48,190.84,192.47,126369.423
2025-10-24T14:00:00+00:00,192.46,192.46,191.17,191.77,47744.017
2025-10-24T14:15:00+00:00,191.77,191.85,189.49,190.34,112417.06
2025-10-24T14:30:00+00:00,190.34,190.87,189.81,190.85,52251.192
2025-10-24T14:45:00+00:00,190.86,190.92,189.94,190.18,41026.243
2025-10-24T15:00:00+00:00,190.19,190.89,189.83,190.39,141976.951
2025-10-24T15:15:00+00:00,190.39,190.82,189.68,189.83,117561.39
2025-10-24T15:30:00+00:00,189.84,189.86,189.01,189.47,53657.795
2025-10-24T15:45:00+00:00,189.48,189.73,188.83,189.45,46873.031
2025-10-24T16:00:00+00:00,189.45,189.82,188.83,189.82,40842.17
2025-10-24T16:15:00+00:00,189.82,190.2,189.68,190.12,75233.631
2025-10-24T16:30:00+00:00,190.12,190.16,189.53,189.78,17448.525
2025-10-24T16:45:00+00:00,189.77,190.7,189.74,190.65,100786.281
2025-10-24T17:00:00+00:00,190.65,191.48,190.42,190.77,36565.906
2025-10-24T17:15:00+00:00,190.77,191.75,190.74,191.62,22309.798
2025-10-24T17:30:00+00:00,191.61,191.7,191.19,191.26,20392.859
2025-10-24T17:45:00+00:00,191.26,191.5,190.86,191.16,26271.943
2025-10-24T18:00:00+00:00,191.17,191.73,191.02,191.39,20165.079
2025-10-24T18:15:00+00:00,191.4,191.92,191.15,191.33,23154.288
2025-10-24T18:30:00+00:00,191.34,191.63,191.14,191.46,18607.938
2025-10-24T18:45:00+00:00,191.47,191.86,191.37,191.84,16773.681
2025-10-24T19:00:00+00:00,191.83,192.8,191.83,192.58,36535.923
2025-10-24T19:15:00+00:00,192.59,193.14,192.53,193.14,24850.307
2025-10-24T19:30:00+00:00,193.14,193.64,193.07,193.51,47943.907
2025-10-24T19:45:00+00:00,193.5,193.5,192.85,193.09,17450.629
2025-10-24T20:00:00+00:00,193.1,193.84,192.84,193.56,25582.045
2025-10-24T20:15:00+00:00,193.56,193.95,193.56,193.69,7094.546
2025-10-24T20:30:00+00:00,193.69,194.14,193.34,193.58,26395.356
2025-10-24T20:45:00+00:00,193.59,193.94,193.2,193.6,14782.905
2025-10-24T21:00:00+00:00,193.61,194.0,193.28,193.45,13460.196
2025-10-24T21:15:00+00:00,193.46,193.86,193.26,193.43,11796.874
2025-10-24T21:30:00+00:00,193.43,193.7,193.29,193.5,12027.603
2025-10-24T21:45:00+00:00,193.5,193.96,193.32,193.78,15265.632
2025-10-24T22:00:00+00:00,193.78,193.87,193.2,193.3,8664.395
2025-10-24T22:15:00+00:00,193.29,194.02,193.29,193.9,10508.038
2025-10-24T22:30:00+00:00,193.89,194.14,193.6,193.64,27307.58
2025-10-24T22:45:00+00:00,193.64,193.83,193.47,193.79,6528.748
2025-10-24T23:00:00+00:00,193.78,193.78,193.25,193.27,11453.746
2025-10-24T23:15:00+00:00,193.26,193.48,193.12,193.43,20568.132
2025-10-24T23:30:00+00:00,193.43,193.66,193.26,193.3,7850.636
2025-10-24T23:45:00+00:00,193.29,193.63,193.26,193.59,9488.743
2025-10-25T00:00:00+00:00,193.58,193.64,192.85,192.94,21193.026
2025-10-25T00:15:00+00:00,192.94,193.0,192.49,192.78,26197.787
2025-10-25T00:30:00+00:00,192.78,192.95,192.45,192.84,9092.782
2025-10-25T00:45:00+00:00,192.85,193.47,192.59,192.98,16769.376
2025-10-25T01:00:00+00:00,192.99,193.53,192.86,193.4,8579.968
2025-10-25T01:15:00+00:00,193.4,194.44,193.31,193.88,52772.408
2025-10-25T01:30:00+00:00,193.87,194.49,193.58,193.62,15545.924
2025-10-25T01:45:00+00:00,193.63,193.87,193.53,193.76,5675.198
2025-10-25T02:00:00+00:00,193.76,193.88,193.46,193.5,5976.102
2025-10-25T02:15:00+00:00,193.51,193.84,193.46,193.75,7567.875
2025-10-25T02:30:00+00:00,193.75,193.77,193.33,193.46,18327.389
2025-10-25T02:45:00+00:00,193.47,194.16,193.42,193.85,32091.051
2025-10-25T03:00:00+00:00,193.85,193.93,193.3,193.5,27355.964
2025-10-25T03:15:00+00:00,193.5,194.0,193.48,193.65,14496.983
2025-10-25T03:30:00+00:00,193.65,193.75,193.48,193.75,4910.914
2025-10-25T03:45:00+00:00,193.74,193.74,193.39,193.47,8177.145
2025-10-25T04:00:00+00:00,193.48,193.87,193.44,193.84,16262.144
2025-10-25T04:15:00+00:00,193.84,194.27,193.77,193.87,18886.501
2025-10-25T04:30:00+00:00,193.87,193.98,193.5,193.63,9895.625
2025-10-25T04:45:00+00:00,193.64,194.48,193.58,194.21,25126.938
2025-10-25T05:00:00+00:00,194.22,194.32,193.5,193.84,14024.134
2025-10-25T05:15:00+00:00,193.83,194.2,193.74,194.07,7432.943
2025-10-25T05:30:00+00:00,194.07,194.34,193.9,194.28,8389.429
2025-10-25T05:45:00+00:00,194.28,194.75,194.15,194.47,29989.178
2025-10-25T06:00:00+00:00,194.48,194.75,194.2,194.36,20278.083
2025-10-25T06:15:00+00:00,194.36,194.58,194.23,194.57,27958.737
2025-10-25T06:30:00+00:00,194.57,194.6,194.12,194.18,10972.042
2025-10-25T06:45:00+00:00,194.18,194.46,194.01,194.05,10927.243
2025-10-25T07:00:00+00:00,194.06,194.25,193.99,194.17,10058.441
2025-10-25T07:15:00+00:00,194.17,194.7,194.16,194.55,13750.072
2025-10-25T07:30:00+00:00,194.56,194.91,193.83,194.03,29267.576
2025-10-25T07:45:00+00:00,194.04,194.08,193.83,193.96,11616.154
2025-10-25T08:00:00+00:00,193.97,194.35,193.89,194.24,7814.972
2025-10-25T08:15:00+00:00,194.24,195.24,194.18,195.13,35218.831
2025-10-25T08:30:00+00:00,195.12,195.25,194.5,194.59,16707.079
2025-10-25T08:45:00+00:00,194.59,194.94,194.53,194.86,15442.093
2025-10-25T09:00:00+00:00,194.86,194.9,194.49,194.58,11126.399
2025-10-25T09:15:00+00:00,194.58,194.58,193.55,193.76,37963.708
2025-10-25T09:30:00+00:00,193.76,193.77,193.28,193.61,19038.963
2025-10-25T09:45:00+00:00,193.62,193.62,192.36,192.58,39922.813
2025-10-25T10:00:00+00:00,192.58,192.75,191.19,191.69,53925.194
2025-10-25T10:15:00+00:00,191.7,192.12,191.69,191.74,23810.465
2025-10-25T10:30:00+00:00,191.74,192.23,191.69,191.93,19821.387
2025-10-25T10:45:00+00:00,191.94,192.11,191.78,192.0,18926.115
2025-10-25T11:00:00+00:00,191.99,192.09,191.72,191.98,15174.459
2025-10-25T11:15:00+00:00,191.98,192.66,191.96,192.64,22675.474
2025-10-25T11:30:00+00:00,192.63,192.73,192.34,192.53,19264.128
2025-10-25T11:45:00+00:00,192.53,192.91,192.44,192.71,17788.9
2025-10-25T12:00:00+00:00,192.7,193.35,192.6,193.35,16261.951
2025-10-25T12:15:00+00:00,193.35,193.67,193.28,193.39,12896.506
2025-10-25T12:30:00+00:00,193.39,193.93,193.14,193.92,18651.27
2025-10-25T12:45:00+00:00,193.92,194.22,193.67,193.91,17790.197
2025-10-25T13:00:00+00:00,193.92,193.95,193.14,193.25,15339.739
2025-10-25T13:15:00+00:00,193.25,193.48,192.7,193.01,25937.522
2025-10-25T13:30:00+00:00,193.01,193.14,192.64,192.74,10285.107
2025-10-25T13:45:00+00:00,192.74,192.94,192.5,192.9,14576.775
2025-10-25T14:00:00+00:00,192.9,192.9,191.99,192.28,30317.659
2025-10-25T14:15:00+00:00,192.28,192.79,192.23,192.59,15275.989
2025-10-25T14:30:00+00:00,192.6,192.87,192.26,192.74,9687.976
2025-10-25T14:45:00+00:00,192.74,192.74,192.48,192.61,6362.028
2025-10-25T15:00:00+00:00,192.6,192.61,191.84,191.96,23944.463
2025-10-25T15:15:00+00:00,191.96,192.35,191.9,192.27,19050.093
2025-10-25T15:30:00+00:00,192.27,192.57,191.94,192.26,20401.796
2025-10-25T15:45:00+00:00,192.27,192.28,191.8,191.89,20084.426
2025-10-25T16:00:00+00:00,191.88,191.96,191.6,191.7,20314.622
2025-10-25T16:15:00+00:00,191.7,191.94,191.42,191.52,20759.49
2025-10-25T16:30:00+00:00,191.52,191.76,191.48,191.68,11870.554
2025-10-25T16:45:00+00:00,191.68,192.11,191.5,191.93,12005.171
2025-10-25T17:00:00+00:00,191.93,192.4,191.82,192.37,8027.974
2025-10-25T17:15:00+00:00,192.37,192.38,192.09,192.1,6804.37
2025-10-25T17:30:00+00:00,192.1,192.4,192.1,192.4,4151.627
2025-10-25T17:45:00+00:00,192.4,192.49,192.25,192.38,5747.227
2025-10-25T18:00:00+00:00,192.37,193.32,192.3,193.27,20670.772
2025-10-25T18:15:00+00:00,193.28,193.95,192.82,193.92,35284.529
2025-10-25T18:30:00+00:00,193.93,194.24,193.72,194.03,38107.871
2025-10-25T18:45:00+00:00,194.03,194.36,193.82,194.26,21713.814
2025-10-25T19:00:00+00:00,194.26,194.28,193.93,194.1,18157.648
2025-10-25T19:15:00+00:00,194.1,194.58,194.1,194.36,25639.944
2025-10-25T19:30:00+00:00,194.35,194.62,194.33,194.45,10540.42
2025-10-25T19:45:00+00:00,194.45,194.65,194.4,194.53,9939.246
2025-10-25T20:00:00+00:00,194.53,194.6,194.37,194.38,8680.35
2025-10-25T20:15:00+00:00,194.38,194.64,194.3,194.51,10345.979
2025-10-25T20:30:00+00:00,194.5,194.5,193.76,194.15,20590.421
2025-10-25T20:45:00+00:00,194.16,194.91,194.11,194.16,24387.777
2025-10-25T21:00:00+00:00,194.16,194.73,194.08,194.6,15962.865
2025-10-25T21:15:00+00:00,194.61,194.79,194.32,194.42,9672.012
2025-10-25T21:30:00+00:00,194.41,194.47,193.94,193.94,13587.55
2025-10-25T21:45:00+00:00,193.95,194.39,193.83,194.38,8338.772
2025-10-25T22:00:00+00:00,194.39,194.39,194.0,194.08,9294.402
2025-10-25T22:15:00+00:00,194.07,194.37,193.93,194.14,7945.233
2025-10-25T22:30:00+00:00,194.14,194.44,194.13,194.34,4135.241
2025-10-25T22:45:00+00:00,194.34,194.72,194.25,194.51,5808.378
2025-10-25T23:00:00+00:00,194.51,194.74,194.27,194.7,7100.448
2025-10-25T23:15:00+00:00,194.7,194.73,194.13,194.27,7969.568
2025-10-25T23:30:00+00:00,194.26,194.26,194.01,194.02,4226.801
2025-10-25T23:45:00+00:00,194.02,194.16,193.83,193.84,8008.253
2025-10-26T00:00:00+00:00,193.84,193.86,193.13,193.47,15724.648
2025-10-26T00:15:00+00:00,193.48,194.06,193.48,194.02,10723.954
2025-10-26T00:30:00+00:00,194.02,194.36,193.95,194.16,8848.311
2025-10-26T00:45:00+00:00,194.15,194.31,193.26,193.3,12780.29
2025-10-26T01:00:00+00:00,193.29,193.66,193.16,193.56,15155.32
2025-10-26T01:15:00+00:00,193.56,193.73,193.33,193.43,8085.666
2025-10-26T01:30:00+00:00,193.44,193.66,193.32,193.56,5638.627
2025-10-26T01:45:00+00:00,193.56,193.66,192.31,192.84,25674.064
2025-10-26T02:00:00+00:00,192.84,192.98,192.49,192.78,10870.688
2025-10-26T02:15:00+00:00,192.77,193.08,192.59,192.98,21145.931
2025-10-26T02:30:00+00:00,192.99,193.13,192.53,192.57,9754.982
2025-10-26T02:45:00+00:00,192.57,192.63,191.9,192.28,27766.643
2025-10-26T03:00:00+00:00,192.27,192.37,192.02,192.31,15697.993
2025-10-26T03:15:00+00:00,192.3,192.98,192.22,192.97,11740.885
2025-10-26T03:30:00+00:00,192.97,193.07,192.66,192.71,7003.096
2025-10-26T03:45:00+00:00,192.71,193.0,192.61,192.97,6827.525
2025-10-26T04:00:00+00:00,192.98,193.37,192.85,193.34,7007.542
2025-10-26T04:15:00+00:00,193.35,193.5,193.22,193.24,7364.741
2025-10-26T04:30:00+00:00,193.24,193.35,193.13,193.2,5293.06
2025-10-26T04:45:00+00:00,193.19,193.36,192.81,192.9,16658.413
2025-10-26T05:00:00+00:00,192.89,193.17,192.73,193.14,9202.579
2025-10-26T05:15:00+00:00,193.13,193.38,193.04,193.34,7613.014
2025-10-26T05:30:00+00:00,193.34,193.65,193.24,193.63,7404.567
2025-10-26T05:45:00+00:00,193.63,193.78,193.61,193.64,10384.465
2025-10-26T06:00:00+00:00,193.64,193.77,193.55,193.71,12122.584
2025-10-26T06:15:00+00:00,193.7,194.05,193.51,194.04,10851.776
2025-10-26T06:30:00+00:00,194.05,194.08,193.84,193.96,10551.853
2025-10-26T06:45:00+00:00,193.95,194.18,193.84,194.07,12793.407
2025-10-26T07:00:00+00:00,194.07,194.31,194.01,194.21,11816.829
2025-10-26T07:15:00+00:00,194.2,194.28,193.85,193.88,11190.289
2025-10-26T07:30:00+00:00,193.87,194.3,193.85,194.19,7539.387
2025-10-26T07:45:00+00:00,194.19,194.29,193.85,193.86,9647.403
2025-10-26T08:00:00+00:00,193.85,194.11,193.73,193.96,14866.639
2025-10-26T08:15:00+00:00,193.96,194.08,193.73,194.08,5916.538
2025-10-26T08:30:00+00:00,194.07,194.21,193.89,194.11,11125.766
2025-10-26T08:45:00+00:00,194.11,194.43,194.08,194.35,11713.211
2025-10-26T09:00:00+00:00,194.34,194.37,193.95,193.96,7737.076
2025-10-26T09:15:00+00:00,193.96,196.14,193.96,196.1,94723.95
2025-10-26T09:30:00+00:00,196.1,196.43,195.38,195.86,62709.268
2025-10-26T09:45:00+00:00,195.87,196.06,195.38,195.96,31811.809
2025-10-26T10:00:00+00:00,195.96,196.11,195.26,195.66,27387.881
2025-10-26T10:15:00+00:00,195.67,195.71,195.27,195.42,14053.375
2025-10-26T10:30:00+00:00,195.42,195.42,194.6,194.93,54630.592
2025-10-26T10:45:00+00:00,194.93,195.13,194.77,194.8,33462.863
2025-10-26T11:00:00+00:00,194.81,195.13,194.34,194.77,22754.528
2025-10-26T11:15:00+00:00,194.78,196.0,194.77,195.96,32741.051
2025-10-26T11:30:00+00:00,195.96,197.4,195.96,197.15,77921.446
2025-10-26T11:45:00+00:00,197.15,197.9,196.76,197.75,101212.075
2025-10-26T12:00:00+00:00,197.74,198.24,197.62,197.99,91867.18
2025-10-26T12:15:00+00:00,198.0,198.4,197.18,197.34,43975.328
2025-10-26T12:30:00+00:00,197.35,197.66,196.91,196.92,26337.598
2025-10-26T12:45:00+00:00,196.93,198.22,196.92,198.01,44042.163
2025-10-26T13:00:00+00:00,198.01,198.35,197.64,197.68,24304.933
2025-10-26T13:15:00+00:00,197.68,198.77,197.53,198.71,29170.043
2025-10-26T13:30:00+00:00,198.7,199.65,198.41,199.09,63499.619
2025-10-26T13:45:00+00:00,199.08,199.66,198.72,199.07,61305.676
2025-10-26T14:00:00+00:00,199.07,199.5,198.84,199.32,28394.455
2025-10-26T14:15:00+00:00,199.31,199.96,198.69,199.03,80022.344
2025-10-26T14:30:00+00:00,199.04,199.48,198.87,199.26,27241.667
2025-10-26T14:45:00+00:00,199.26,199.33,198.82,198.86,22296.401
2025-10-26T15:00:00+00:00,198.86,199.24,198.56,198.85,33583.004
2025-10-26T15:15:00+00:00,198.85,199.77,198.84,199.44,35201.688
2025-10-26T15:30:00+00:00,199.44,199.74,199.23,199.37,11497.626
2025-10-26T15:45:00+00:00,199.37,199.78,199.26,199.53,19227.771
2025-10-26T16:00:00+00:00,199.53,199.55,198.18,198.6,50689.048
2025-10-26T16:15:00+00:00,198.61,199.15,198.26,198.78,27862.508
2025-10-26T16:30:00+00:00,198.78,199.18,198.57,199.13,22285.956
2025-10-26T16:45:00+00:00,199.12,199.39,198.72,198.74,15465.993
2025-10-26T17:00:00+00:00,198.74,199.2,198.44,198.88,15700.405
2025-10-26T17:15:00+00:00,198.88,199.19,198.82,198.99,11445.229
2025-10-26T17:30:00+00:00,198.99,199.25,198.93,199.03,11159.35
2025-10-26T17:45:00+00:00,199.02,199.24,198.92,198.93,10995.113
2025-10-26T18:00:00+00:00,198.93,199.64,198.9,199.32,19939.571
2025-10-26T18:15:00+00:00,199.31,199.67,198.92,199.01,14365.662
2025-10-26T18:30:00+00:00,199.0,199.41,198.93,199.34,9203.998
2025-10-26T18:45:00+00:00,199.34,199.53,199.08,199.12,12829.994
2025-10-26T19:00:00+00:00,199.12,199.13,198.55,198.74,12161.668
2025-10-26T19:15:00+00:00,198.75,198.89,198.51,198.79,7180.729
2025-10-26T19:30:00+00:00,198.79,198.87,198.54,198.72,6871.774
2025-10-26T19:45:00+00:00,198.72,198.89,198.63,198.87,7025.974
2025-10-26T20:00:00+00:00,198.87,198.87,198.41,198.47,9954.639
2025-10-26T20:15:00+00:00,198.47,198.52,197.4,197.74,66400.533
2025-10-26T20:30:00+00:00,197.75,198.09,197.75,197.94,18598.726
2025-10-26T20:45:00+00:00,197.94,198.03,197.37,197.45,10443.194
2025-10-26T21:00:00+00:00,197.44,197.62,197.29,197.62,15664.815
2025-10-26T21:15:00+00:00,197.62,197.66,196.86,197.19,23571.516
2025-10-26T21:30:00+00:00,197.18,198.4,196.9,197.88,21641.014
2025-10-26T21:45:00+00:00,197.88,198.47,197.79,198.46,8913.364
2025-10-26T22:00:00+00:00,198.47,202.43,198.47,199.73,242392.505
2025-10-26T22:15:00+00:00,199.73,199.97,198.53,198.77,41347.029
2025-10-26T22:30:00+00:00,198.77,199.85,198.62,199.82,46419.492
2025-10-26T22:45:00+00:00,199.82,200.4,199.62,200.2,55177.548
2025-10-26T23:00:00+00:00,200.2,200.49,199.7,200.16,71074.718
2025-10-26T23:15:00+00:00,200.16,200.47,199.87,200.35,16377.755
2025-10-26T23:30:00+00:00,200.34,200.99,200.31,200.56,29760.137
2025-10-26T23:45:00+00:00,200.57,200.81,199.72,200.03,27214.077
2025-10-27T00:00:00+00:00,200.03,200.81,199.48,200.76,37947.705
2025-10-27T00:15:00+00:00,200.77,202.14,200.75,201.81,73127.638
2025-10-27T00:30:00+00:00,201.8,203.4,201.57,203.3,73261.916
2025-10-27T00:45:00+00:00,203.29,203.51,202.51,203.25,55425.73
2025-10-27T01:00:00+00:00,203.24,204.12,202.81,204.03,63017.622
2025-10-27T01:15:00+00:00,204.03,205.05,203.8,204.52,76112.582
2025-10-27T01:30:00+00:00,204.52,205.05,204.14,204.16,32915.998
2025-10-27T01:45:00+00:00,204.16,204.69,204.16,204.37,13536.675
2025-10-27T02:00:00+00:00,204.37,205.0,204.32,204.65,22890.453
2025-10-27T02:15:00+00:00,204.65,205.08,203.91,203.99,34347.76
2025-10-27T02:30:00+00:00,203.99,204.4,203.32,204.3,46760.291
2025-10-27T02:45:00+00:00,204.29,204.39,203.78,203.97,44003.368
2025-10-27T03:00:00+00:00,203.96,204.25,203.91,204.15,13801.935
2025-10-27T03:15:00+00:00,204.15,204.33,203.4,203.59,39279.18
2025-10-27T03:30:00+00:00,203.58,203.82,203.29,203.45,20895.172
2025-10-27T03:45:00+00:00,203.45,204.61,203.37,204.33,32682.776
2025-10-27T04:00:00+00:00,204.33,204.61,202.93,203.64,137702.087
2025-10-27T04:15:00+00:00,203.65,203.7,203.26,203.69,16804.249
2025-10-27T04:30:00+00:00,203.69,203.92,203.35,203.83,13104.357
2025-10-27T04:45:00+00:00,203.84,204.06,203.65,204.01,14277.782
2025-10-27T05:00:00+00:00,204.0,204.86,203.91,204.61,53532.594
2025-10-27T05:15:00+00:00,204.61,205.33,204.54,205.14,63150.836
2025-10-27T05:30:00+00:00,205.15,205.22,204.63,204.69,19996.37
2025-10-27T05:45:00+00:00,204.69,204.7,204.26,204.32,18025.008
2025-10-27T06:00:00+00:00,204.32,204.37,203.52,203.74,48422.483
2025-10-27T06:15:00+00:00,203.74,204.92,203.66,204.88,19963.314
2025-10-27T06:30:00+00:00,204.89,204.94,203.68,203.89,26443.258
2025-10-27T06:45:00+00:00,203.9,204.9,203.87,204.75,41729.782
2025-10-27T07:00:00+00:00,204.76,205.21,204.13,204.26,46530.522
2025-10-27T07:15:00+00:00,204.26,204.52,204.01,204.02,27136.19
2025-10-27T07:30:00+00:00,204.03,204.04,202.26,202.97,44732.399
2025-10-27T07:45:00+00:00,202.96,203.36,202.37,202.51,24894.778
2025-10-27T08:00:00+00:00,202.5,202.54,201.32,201.64,65310.868
2025-10-27T08:15:00+00:00,201.64,201.83,200.02,200.19,68703.053
2025-10-27T08:30:00+00:00,200.19,201.05,200.19,200.88,36662.095
2025-10-27T08:45:00+00:00,200.89,200.89,199.91,200.47,44585.927
2025-10-27T09:00:00+00:00,200.46,200.52,198.02,199.54,158349.483
2025-10-27T09:15:00+00:00,199.54,200.01,198.87,199.47,66278.365
2025-10-27T09:30:00+00:00,199.46,200.14,199.21,200.09,52156.702
2025-10-27T09:45:00+00:00,200.09,200.11,199.52,199.96,31843.17
2025-10-27T10:00:00+00:00,199.96,200.59,199.64,200.26,23584.385
2025-10-27T10:15:00+00:00,200.25,200.76,200.1,200.21,32972.288
2025-10-27T10:30:00+00:00,200.2,200.35,200.0,200.11,15854.337
2025-10-27T10:45:00+00:00,200.11,200.77,200.0,200.43,21486.919
2025-10-27T11:00:00+00:00,200.43,200.95,200.3,200.34,20609.228
2025-10-27T11:15:00+00:00,200.35,200.54,198.84,199.29,80212.535
2025-10-27T11:30:00+00:00,199.3,200.7,199.15,200.42,19306.35
2025-10-27T11:45:00+00:00,200.42,200.52,199.87,200.18,17028.554
2025-10-27T12:00:00+00:00,200.18,200.28,199.53,199.76,26610.682
2025-10-27T12:15:00+00:00,199.76,199.9,199.44,199.8,17846.265
2025-10-27T12:30:00+00:00,199.79,199.8,199.0,199.34,22769.835
2025-10-27T12:45:00+00:00,199.33,199.82,199.29,199.51,21621.069
2025-10-27T13:00:00+00:00,199.5,200.4,199.46,200.06,19387.015
2025-10-27T13:15:00+00:00,200.05,200.39,199.98,200.16,12205.428
2025-10-27T13:30:00+00:00,200.17,200.58,198.45,199.19,46304.406
2025-10-27T13:45:00+00:00,199.18,200.57,198.73,200.33,39467.15
2025-10-27T14:00:00+00:00,200.34,200.52,198.61,198.92,58326.723
2025-10-27T14:15:00+00:00,198.91,199.71,198.3,199.65,39273.282
2025-10-27T14:30:00+00:00,199.66,199.88,199.23,199.48,32080.981
2025-10-27T14:45:00+00:00,199.48,199.84,198.85,199.11,22062.441
2025-10-27T15:00:00+00:00,199.11,200.09,198.94,200.0,30319.838
2025-10-27T15:15:00+00:00,200.01,200.47,199.64,200.32,30746.338
2025-10-27T15:30:00+00:00,200.32,200.49,200.0,200.12,25951.585
2025-10-27T15:45:00+00:00,200.11,200.34,199.74,200.11,22181.587
2025-10-27T16:00:00+00:00,200.11,201.96,200.02,201.26,44027.832
2025-10-27T16:15:00+00:00,201.27,201.62,200.72,201.25,19177.832
2025-10-27T16:30:00+00:00,201.24,203.1,201.0,202.06,83794.647
2025-10-27T16:45:00+00:00,202.06,203.11,201.68,202.47,53793.829
2025-10-27T17:00:00+00:00,202.46,202.96,202.0,202.81,39514.492
2025-10-27T17:15:00+00:00,202.8,203.25,201.91,201.99,47644.736
2025-10-27T17:30:00+00:00,202.0,202.79,201.69,202.54,22860.334
2025-10-27T17:45:00+00:00,202.54,202.61,202.03,202.28,15911.002
2025-10-27T18:00:00+00:00,202.27,203.22,202.1,202.99,42156.238
2025-10-27T18:15:00+00:00,202.99,203.13,201.23,201.5,30926.553
2025-10-27T18:30:00+00:00,201.49,202.21,201.39,202.01,27108.337
2025-10-27T18:45:00+00:00,202.0,202.34,201.61,201.65,28572.875
2025-10-27T19:00:00+00:00,201.66,201.74,200.41,201.54,53912.732
2025-10-27T19:15:00+00:00,201.54,201.54,200.61,200.73,24433.679
2025-10-27T19:30:00+00:00,200.73,200.81,199.82,200.1,40363.286
2025-10-27T19:45:00+00:00,200.1,200.6,199.89,200.03,16614.221
2025-10-27T20:00:00+00:00,200.03,200.05,199.26,199.7,37224.424
2025-10-27T20:15:00+00:00,199.7,200.23,199.05,199.16,28961.591
2025-10-27T20:30:00+00:00,199.16,199.44,198.66,199.35,34182.837
2025-10-27T20:45:00+00:00,199.35,199.57,198.73,198.73,23068.185
2025-10-27T21:00:00+00:00,198.72,199.26,198.61,198.73,19841.05
2025-10-27T21:15:00+00:00,198.73,199.23,197.71,198.05,42408.398
2025-10-27T21:30:00+00:00,198.04,198.92,197.96,198.71,19080.567
2025-10-27T21:45:00+00:00,198.72,199.56,198.72,198.73,17360.072
2025-10-27T22:00:00+00:00,198.73,199.33,198.38,198.65,16943.778
2025-10-27T22:15:00+00:00,198.64,199.43,198.29,198.97,32658.675
2025-10-27T22:30:00+00:00,198.96,199.04,198.05,198.12,15754.514
2025-10-27T22:45:00+00:00,198.11,198.76,198.05,198.3,15603.118
2025-10-27T23:00:00+00:00,198.31,198.32,197.34,198.01,39594.772
2025-10-27T23:15:00+00:00,198.01,198.35,197.45,198.29,27797.05
2025-10-27T23:30:00+00:00,198.3,198.93,198.28,198.64,22613.93
2025-10-27T23:45:00+00:00,198.65,198.96,198.6,198.7,13152.107
2025-10-29T14:00:00+00:00,200.75,201.0,199.02,200.11,62021.995
2025-10-29T14:15:00+00:00,200.11,200.5,198.78,198.93,68169.655
2025-10-29T14:30:00+00:00,198.92,199.97,198.7,199.84,39575.175
2025-10-29T14:45:00+00:00,199.84,200.89,199.62,200.03,41000.419
2025-10-29T15:00:00+00:00,200.04,200.68,199.45,199.45,55817.149
2025-10-29T15:15:00+00:00,199.44,199.89,198.9,198.92,30940.697
2025-10-29T15:30:00+00:00,198.93,199.28,197.57,197.82,68950.645
2025-10-29T15:45:00+00:00,197.83,198.07,196.37,196.78,91644.628
2025-10-29T16:00:00+00:00,196.78,196.88,195.05,195.37,104138.467
2025-10-29T16:15:00+00:00,195.36,196.8,195.22,195.83,47452.441
2025-10-29T16:30:00+00:00,195.83,195.89,194.72,195.19,62362.03
2025-10-29T16:45:00+00:00,195.19,195.6,194.79,195.35,23405.689
2025-10-29T17:00:00+00:00,195.35,196.11,195.17,195.56,34686.059
2025-10-29T17:15:00+00:00,195.57,195.68,194.87,195.61,24860.805
2025-10-29T17:30:00+00:00,195.6,198.77,195.45,198.14,73409.439
2025-10-29T17:45:00+00:00,198.13,198.64,197.32,198.5,47728.657
2025-10-29T18:00:00+00:00,198.51,198.56,195.62,195.62,151321.223
2025-10-29T18:15:00+00:00,195.62,197.2,195.57,196.4,44794.192
2025-10-29T18:30:00+00:00,196.4,198.22,189.37,191.06,663783.697
2025-10-29T18:45:00+00:00,191.07,195.45,190.85,193.54,211855.859
2025-10-29T19:00:00+00:00,193.55,195.29,193.41,194.94,139884.854
2025-10-29T19:15:00+00:00,194.94,195.29,193.85,194.08,70672.454
2025-10-29T19:30:00+00:00,194.08,194.1,191.36,192.02,133721.835
2025-10-29T19:45:00+00:00,192.02,193.75,192.0,192.76,68932.167
2025-10-29T20:00:00+00:00,192.75,193.71,191.92,193.2,88466.312
2025-10-29T20:15:00+00:00,193.19,195.48,192.89,195.39,44031.894
2025-10-29T20:30:00+00:00,195.38,196.26,195.14,195.5,45212.597
2025-10-29T20:45:00+00:00,195.49,195.96,195.29,195.56,18293.794
2025-10-29T21:00:00+00:00,195.56,195.76,195.08,195.3,26907.301
2025-10-29T21:15:00+00:00,195.29,195.79,195.13,195.66,28515.004
2025-10-29T21:30:00+00:00,195.66,197.06,195.65,195.83,36996.623
2025-10-29T21:45:00+00:00,195.83,196.5,195.7,196.03,24441.114
2025-10-29T22:00:00+00:00,196.04,196.2,195.64,195.99,24385.609
2025-10-29T22:15:00+00:00,195.99,196.41,195.63,195.73,19630.695
2025-10-29T22:30:00+00:00,195.72,195.9,195.24,195.63,21732.861
2025-10-29T22:45:00+00:00,195.63,195.92,195.3,195.37,13092.454
2025-10-29T23:00:00+00:00,195.37,195.56,194.27,194.62,30500.966
2025-10-29T23:15:00+00:00,194.61,195.44,194.54,194.65,19085.423
2025-10-29T23:30:00+00:00,194.66,194.91,192.98,193.94,65516.45
2025-10-29T23:45:00+00:00,193.94,194.69,193.75,193.88,23359.34
2025-10-30T00:00:00+00:00,193.89,193.99,192.12,193.32,48903.007
2025-10-30T00:15:00+00:00,193.31,194.26,193.25,194.08,22012.244
2025-10-30T00:30:00+00:00,194.09,194.3,192.92,193.93,20356.689
2025-10-30T00:45:00+00:00,193.93,194.72,193.46,194.67,17090.765
2025-10-30T01:00:00+00:00,194.66,194.72,193.5,194.25,23286.911
2025-10-30T01:15:00+00:00,194.24,194.7,193.47,193.87,19146.484
2025-10-30T01:30:00+00:00,193.86,194.6,193.64,194.35,11326.95
2025-10-30T01:45:00+00:00,194.36,196.01,194.24,195.51,33556.813
2025-10-30T02:00:00+00:00,195.52,196.11,195.24,195.99,29533.581
2025-10-30T02:15:00+00:00,195.99,196.94,195.98,196.92,37657.646
2025-10-30T02:30:00+00:00,196.92,197.3,196.6,197.14,24300.071
2025-10-30T02:45:00+00:00,197.13,198.19,196.75,198.17,43970.47
2025-10-30T03:00:00+00:00,198.18,198.19,197.25,197.52,35088.985
2025-10-30T03:15:00+00:00,197.51,197.72,197.01,197.57,20877.074
2025-10-30T03:30:00+00:00,197.57,197.76,196.85,196.95,29520.785
2025-10-30T03:45:00+00:00,196.95,197.18,196.6,197.1,22217.585
2025-10-30T04:00:00+00:00,197.09,197.18,193.83,194.16,81074.517
2025-10-30T04:15:00+00:00,194.15,194.19,190.38,191.59,220670.491
2025-10-30T04:30:00+00:00,191.59,194.46,190.35,192.84,163695.203
2025-10-30T04:45:00+00:00,192.84,193.65,191.64,191.81,50035.928
2025-10-30T05:00:00+00:00,191.81,192.68,191.43,192.61,45398.835
2025-10-30T05:15:00+00:00,192.61,192.61,191.46,192.51,43272.654
2025-10-30T05:30:00+00:00,192.5,195.24,192.29,194.94,57454.805
2025-10-30T05:45:00+00:00,194.93,195.66,194.69,195.15,63674.093
2025-10-30T06:00:00+00:00,195.15,195.45,194.38,194.48,44447.592
2025-10-30T06:15:00+00:00,194.49,194.54,193.33,193.94,73244.735
2025-10-30T06:30:00+00:00,193.93,195.38,193.84,195.11,33115.962
2025-10-30T06:45:00+00:00,195.11,195.24,194.17,194.18,28767.255
2025-10-30T07:00:00+00:00,194.18,195.53,193.92,195.17,36329.87
2025-10-30T07:15:00+00:00,195.17,196.07,195.13,195.77,60768.291
2025-10-30T07:30:00+00:00,195.78,196.11,195.5,196.0,28458.194
2025-10-30T07:45:00+00:00,196.0,196.19,195.5,195.8,22468.42
2025-10-30T08:00:00+00:00,195.79,196.11,194.98,195.19,40324.83
2025-10-30T08:15:00+00:00,195.2,195.43,194.65,194.78,37190.84
2025-10-30T08:30:00+00:00,194.77,195.7,194.6,195.69,26086.15
2025-10-30T08:45:00+00:00,195.69,195.7,195.22,195.39,18842.88
2025-10-30T09:00:00+00:00,195.38,195.46,193.97,194.01,25648.213
2025-10-30T09:15:00+00:00,194.02,194.26,192.7,193.31,58985.014
2025-10-30T09:30:00+00:00,193.3,193.66,192.43,192.67,22849.444
2025-10-30T09:45:00+00:00,192.66,192.93,192.32,192.39,36759.643
2025-10-30T10:00:00+00:00,192.39,192.47,191.3,191.37,55749.642
2025-10-30T10:15:00+00:00,191.38,192.3,191.08,192.05,47543.107
2025-10-30T10:30:00+00:00,192.05,192.48,191.66,191.68,23227.124
2025-10-30T10:45:00+00:00,191.69,192.48,191.01,192.19,42538.039
2025-10-30T11:00:00+00:00,192.19,192.54,191.45,192.01,31657.671
2025-10-30T11:15:00+00:00,192.0,192.52,191.27,192.19,29553.858
2025-10-30T11:30:00+00:00,192.19,192.58,191.66,192.14,12889.766
2025-10-30T11:45:00+00:00,192.14,192.65,191.58,191.85,24048.076
2025-10-30T12:00:00+00:00,191.85,192.06,191.04,191.47,36449.164
2025-10-30T12:15:00+00:00,191.46,191.47,188.03,189.05,198525.326
2025-10-30T12:30:00+00:00,189.05,189.93,186.36,186.68,235584.669
2025-10-30T12:45:00+00:00,186.68,187.9,186.64,187.85,100875.522
2025-10-30T13:00:00+00:00,187.85,188.69,187.17,187.62,54165.054
2025-10-30T13:15:00+00:00,187.62,188.23,186.99,187.82,52414.177
2025-10-30T13:30:00+00:00,187.82,187.94,184.91,185.96,178197.604
2025-10-30T13:45:00+00:00,185.96,186.98,185.61,185.74,116934.352
2025-10-30T14:00:00+00:00,185.74,187.33,185.66,186.67,67056.972
2025-10-30T14:15:00+00:00,186.66,187.13,186.17,186.26,41061.145
2025-10-30T14:30:00+00:00,186.26,187.63,185.69,187.45,56240.758
2025-10-30T14:45:00+00:00,187.45,187.86,186.58,187.28,40286.802
2025-10-30T15:00:00+00:00,187.27,187.64,186.15,186.6,31831.034
2025-10-30T15:15:00+00:00,186.59,186.9,185.7,185.89,37091.074
2025-10-30T15:30:00+00:00,185.89,186.09,184.97,185.47,56247.614
2025-10-30T15:45:00+00:00,185.48,185.48,184.49,185.02,52021.931
2025-10-30T16:00:00+00:00,185.01,185.99,183.96,185.78,87599.096
2025-10-30T16:15:00+00:00,185.78,186.35,184.94,186.11,30647.176
2025-10-30T16:30:00+00:00,186.12,186.16,184.6,184.83,35123.373
2025-10-30T16:45:00+00:00,184.83,185.32,184.65,185.31,23633.66
2025-10-30T17:00:00+00:00,185.31,185.34,183.54,184.08,53432.752
2025-10-30T17:15:00+00:00,184.07,184.39,182.8,183.0,66218.039
2025-10-30T17:30:00+00:00,183.0,183.0,181.42,182.57,89917.641
2025-10-30T17:45:00+00:00,182.58,184.04,182.55,183.8,36868.011
2025-10-30T18:00:00+00:00,183.8,183.94,182.83,182.84,23537.188
2025-10-30T18:15:00+00:00,182.83,183.13,181.89,182.24,35792.784
2025-10-30T18:30:00+00:00,182.24,182.82,180.82,181.35,68811.445
2025-10-30T18:45:00+00:00,181.36,181.9,181.24,181.31,43045.919
2025-10-30T19:00:00+00:00,181.3,181.9,180.5,181.17,84777.627
2025-10-30T19:15:00+00:00,181.17,181.41,180.24,180.72,55802.67
2025-10-30T19:30:00+00:00,180.72,181.16,179.05,179.81,122388.436
2025-10-30T19:45:00+00:00,179.81,180.87,178.65,179.06,79206.97
2025-10-30T20:00:00+00:00,179.05,180.81,178.79,180.12,60008.254
2025-10-30T20:15:00+00:00,180.12,180.75,179.88,180.28,45133.074
2025-10-30T20:30:00+00:00,180.28,181.58,179.45,180.69,86249.088
2025-10-30T20:45:00+00:00,180.68,182.59,180.38,182.25,72435.874
2025-10-30T21:00:00+00:00,182.26,182.67,181.74,182.32,51011.764
2025-10-30T21:15:00+00:00,182.31,182.56,181.76,181.92,43068.006
2025-10-30T21:30:00+00:00,181.92,182.45,181.13,182.05,34197.304
2025-10-30T21:45:00+00:00,182.05,182.71,182.0,182.39,44748.558
2025-10-30T22:00:00+00:00,182.39,182.77,182.11,182.48,31025.718
2025-10-30T22:15:00+00:00,182.47,183.0,182.35,182.85,25550.62
2025-10-30T22:30:00+00:00,182.84,183.49,182.61,183.28,37105.943
2025-10-30T22:45:00+00:00,183.28,183.74,182.81,183.66,47491.075
2025-10-30T23:00:00+00:00,183.65,183.69,182.6,182.98,43045.939
2025-10-30T23:15:00+00:00,182.99,183.56,182.93,183.54,21137.217
2025-10-30T23:30:00+00:00,183.53,184.5,183.35,183.47,57867.151
2025-10-30T23:45:00+00:00,183.48,184.74,183.42,184.69,37059.491
2025-10-31T00:00:00+00:00,184.69,184.85,184.2,184.84,41560.651
2025-10-31T00:15:00+00:00,184.85,184.96,184.06,184.19,33232.015
2025-10-31T00:30:00+00:00,184.19,185.01,184.15,184.99,26873.976
2025-10-31T00:45:00+00:00,184.99,186.52,184.79,185.45,78380.745
2025-10-31T01:00:00+00:00,185.45,186.75,185.04,186.46,64705.393
2025-10-31T01:15:00+00:00,186.46,186.91,186.25,186.65,45212.418
2025-10-31T01:30:00+00:00,186.66,186.69,185.74,186.12,56492.687
2025-10-31T01:45:00+00:00,186.12,186.77,185.95,186.25,30281.762
2025-10-31T02:00:00+00:00,186.26,186.3,184.38,184.65,49657.39
2025-10-31T02:15:00+00:00,184.66,185.96,184.66,185.82,31583.648
2025-10-31T02:30:00+00:00,185.82,185.99,183.73,183.96,56614.855
2025-10-31T02:45:00+00:00,183.97,184.83,183.7,184.63,28104.471
2025-10-31T03:00:00+00:00,184.63,185.65,184.13,185.25,22499.083
2025-10-31T03:15:00+00:00,185.24,185.49,184.92,185.22,28749.354
2025-10-31T03:30:00+00:00,185.21,185.75,184.28,184.45,33937.032
2025-10-31T03:45:00+00:00,184.46,185.25,184.46,185.15,20723.414
2025-10-31T04:00:00+00:00,185.14,186.57,184.95,186.12,48528.179
2025-10-31T04:15:00+00:00,186.11,186.86,185.7,186.37,33703.574
2025-10-31T04:30:00+00:00,186.38,187.03,186.21,186.76,32203.891
2025-10-31T04:45:00+00:00,186.76,186.81,186.27,186.65,21687.981
2025-10-31T05:00:00+00:00,186.64,186.64,185.7,185.83,27143.607
2025-10-31T05:15:00+00:00,185.83,186.06,185.32,185.76,66055.086
2025-10-31T05:30:00+00:00,185.76,186.03,185.43,185.51,13822.439
2025-10-31T05:45:00+00:00,185.51,185.84,185.32,185.71,14576.96
2025-10-31T06:00:00+00:00,185.71,185.87,184.98,185.21,20797.338
2025-10-31T06:15:00+00:00,185.21,185.49,184.94,185.41,15481.114
2025-10-31T06:30:00+00:00,185.4,185.57,185.13,185.16,22679.044
2025-10-31T06:45:00+00:00,185.16,185.55,185.16,185.55,10329.131
2025-10-31T07:00:00+00:00,185.56,186.06,185.19,185.99,18460.734
2025-10-31T07:15:00+00:00,185.99,186.13,185.61,185.9,15874.884
2025-10-31T07:30:00+00:00,185.9,186.1,185.41,185.43,30881.745
2025-10-31T07:45:00+00:00,185.44,185.54,184.77,185.36,48447.058
2025-10-31T08:00:00+00:00,185.36,185.87,184.68,184.72,25956.362
2025-10-31T08:15:00+00:00,184.73,185.92,184.58,185.83,33821.686
2025-10-31T08:30:00+00:00,185.83,186.04,185.46,185.74,11896.493
2025-10-31T08:45:00+00:00,185.75,186.58,185.67,186.5,26139.955
2025-10-31T09:00:00+00:00,186.5,187.03,186.0,186.54,25527.211
2025-10-31T09:15:00+00:00,186.53,186.98,186.1,186.31,22214.797
2025-10-31T09:30:00+00:00,186.32,186.7,186.25,186.63,27204.915
2025-10-31T09:45:00+00:00,186.63,186.9,186.34,186.63,58494.366
2025-10-31T10:00:00+00:00,186.64,186.98,186.25,186.41,28082.472
2025-10-31T10:15:00+00:00,186.42,186.81,186.24,186.38,15777.117
2025-10-31T10:30:00+00:00,186.37,187.24,186.22,187.1,23090.713
2025-10-31T10:45:00+00:00,187.1,187.37,186.37,186.41,27484.865
2025-10-31T11:00:00+00:00,186.41,186.79,186.23,186.42,23007.734
2025-10-31T11:15:00+00:00,186.42,186.99,186.35,186.58,12378.933
2025-10-31T11:30:00+00:00,186.58,187.11,186.27,187.05,14296.022
2025-10-31T11:45:00+00:00,187.04,189.22,187.04,188.89,83229.274
2025-10-31T12:00:00+00:00,188.89,189.4,187.57,187.84,86524.643
2025-10-31T12:15:00+00:00,187.85,188.96,187.84,188.33,80926.37
2025-10-31T12:30:00+00:00,188.33,188.8,187.32,187.53,57167.752
2025-10-31T12:45:00+00:00,187.54,187.63,186.34,186.51,66565.412
2025-10-31T13:00:00+00:00,186.51,187.35,186.5,187.12,25414.827
2025-10-31T13:15:00+00:00,187.12,187.79,186.75,186.94,23904.877
2025-10-31T13:30:00+00:00,186.94,187.0,186.0,186.4,50704.42
2025-10-31T13:45:00+00:00,186.41,188.58,186.36,188.35,37624.331
2025-10-31T14:00:00+00:00,188.36,188.68,187.43,187.46,37112.094
2025-10-31T14:15:00+00:00,187.47,188.03,186.96,187.53,21481.062
2025-10-31T14:30:00+00:00,187.52,188.29,187.15,188.08,39250.361
2025-10-31T14:45:00+00:00,188.07,189.47,187.81,189.08,67018.935
2025-10-31T15:00:00+00:00,189.08,190.26,188.6,189.89,85647.169
2025-10-31T15:15:00+00:00,189.9,190.05,188.83,188.96,46649.117
2025-10-31T15:30:00+00:00,188.97,189.0,188.09,188.98,34140.916
2025-10-31T15:45:00+00:00,188.98,189.56,187.95,188.13,41427.225
2025-10-31T16:00:00+00:00,188.12,188.6,187.57,187.65,26939.198
2025-10-31T16:15:00+00:00,187.65,187.67,186.63,187.07,33584.613
2025-10-31T16:30:00+00:00,187.06,187.28,186.12,186.27,22391.59
2025-10-31T16:45:00+00:00,186.27,186.4,184.68,185.05,83310.321
2025-10-31T17:00:00+00:00,185.05,185.63,184.44,185.23,37599.422
2025-10-31T17:15:00+00:00,185.22,185.46,184.38,184.85,58585.363
2025-10-31T17:30:00+00:00,184.84,185.39,184.5,185.27,32847.496
2025-10-31T17:45:00+00:00,185.26,185.95,185.01,185.36,25330.75
2025-10-31T18:00:00+00:00,185.35,185.88,185.1,185.68,19808.359
2025-10-31T18:15:00+00:00,185.68,185.88,185.17,185.56,10063.603
2025-10-31T18:30:00+00:00,185.57,186.57,184.5,186.26,78111.069
2025-10-31T18:45:00+00:00,186.25,186.26,185.46,185.97,20993.031
2025-10-31T19:00:00+00:00,185.96,185.96,185.01,185.9,25115.879
2025-10-31T19:15:00+00:00,185.9,187.4,185.68,187.17,48207.855
2025-10-31T19:30:00+00:00,187.17,188.6,187.14,188.5,29505.448
2025-10-31T19:45:00+00:00,188.5,189.04,188.35,188.42,36990.974
2025-10-31T20:00:00+00:00,188.41,188.7,187.67,188.46,37002.17
2025-10-31T20:15:00+00:00,188.47,188.78,188.13,188.22,19956.302
2025-10-31T20:30:00+00:00,188.22,188.33,187.36,187.41,19936.203
2025-10-31T20:45:00+00:00,187.4,188.06,186.71,186.92,30382.781
2025-10-31T21:00:00+00:00,186.92,187.25,186.54,186.59,12565.0
2025-10-31T21:15:00+00:00,186.58,187.2,186.54,187.08,12700.202
2025-10-31T21:30:00+00:00,187.07,187.7,186.79,187.16,14356.162
2025-10-31T21:45:00+00:00,187.16,187.54,187.13,187.25,7014.484
2025-10-31T22:00:00+00:00,187.25,187.67,187.06,187.58,13177.95
2025-10-31T22:15:00+00:00,187.58,187.89,187.0,187.28,21103.89
2025-10-31T22:30:00+00:00,187.28,187.66,187.1,187.11,13517.872
2025-10-31T22:45:00+00:00,187.11,187.53,187.08,187.27,10388.723
2025-10-31T23:00:00+00:00,187.27,187.59,187.21,187.29,6977.704
2025-10-31T23:15:00+00:00,187.28,187.81,187.18,187.74,13077.025
2025-10-31T23:30:00+00:00,187.74,187.81,187.32,187.71,12373.466
2025-10-31T23:45:00+00:00,187.71,187.77,187.13,187.21,10034.85
2025-11-01T00:00:00+00:00,187.21,187.34,186.46,186.52,25383.193
2025-11-01T00:15:00+00:00,186.52,186.85,186.04,186.62,75207.06
2025-11-01T00:30:00+00:00,186.62,186.79,186.31,186.76,15632.418
2025-11-01T00:45:00+00:00,186.76,187.17,186.75,187.11,17228.669
2025-11-01T01:00:00+00:00,187.11,187.45,186.99,187.04,15530.019
2025-11-01T01:15:00+00:00,187.03,187.29,186.63,187.09,10206.598
2025-11-01T01:30:00+00:00,187.08,187.37,186.54,186.67,12966.223
2025-11-01T01:45:00+00:00,186.67,186.69,186.12,186.12,9864.548
2025-11-01T02:00:00+00:00,186.13,186.13,185.5,185.8,16234.236
2025-11-01T02:15:00+00:00,185.81,186.34,185.8,185.97,10829.981
2025-11-01T02:30:00+00:00,185.97,186.12,185.61,186.08,11875.383
2025-11-01T02:45:00+00:00,186.07,186.76,186.05,186.61,14819.474
2025-11-01T03:00:00+00:00,186.6,186.93,186.57,186.78,8253.501
2025-11-01T03:15:00+00:00,186.77,187.36,186.75,186.99,15543.21
2025-11-01T03:30:00+00:00,186.99,187.48,186.91,187.16,11296.723
2025-11-01T03:45:00+00:00,187.16,187.38,187.01,187.2,8813.291
2025-11-01T04:00:00+00:00,187.2,187.55,186.83,186.89,16923.154
2025-11-01T04:15:00+00:00,186.9,186.9,186.3,186.63,17357.605
2025-11-01T04:30:00+00:00,186.63,186.8,186.3,186.72,12767.807
2025-11-01T04:45:00+00:00,186.71,187.1,186.69,187.08,8957.159
2025-11-01T05:00:00+00:00,187.07,187.13,186.47,186.6,5252.891
2025-11-01T05:15:00+00:00,186.59,186.97,186.49,186.81,6399.226
2025-11-01T05:30:00+00:00,186.82,186.95,186.52,186.78,6990.748
2025-11-01T05:45:00+00:00,186.78,186.79,186.16,186.23,8448.865
2025-11-01T06:00:00+00:00,186.23,186.38,185.84,185.86,12732.165
2025-11-01T06:15:00+00:00,185.85,185.92,185.5,185.64,16087.375
2025-11-01T06:30:00+00:00,185.64,185.85,185.0,185.14,28483.966
2025-11-01T06:45:00+00:00,185.14,185.72,185.11,185.71,12529.919
2025-11-01T07:00:00+00:00,185.71,185.98,185.55,185.82,14638.53
2025-11-01T07:15:00+00:00,185.82,186.37,185.81,186.03,12235.021
2025-11-01T07:30:00+00:00,186.03,186.17,185.34,185.57,15869.269
2025-11-01T07:45:00+00:00,185.58,185.91,185.32,185.8,8947.022
2025-11-01T08:00:00+00:00,185.79,186.09,185.66,185.78,12961.481
2025-11-01T08:15:00+00:00,185.79,186.21,185.79,186.19,15408.873
2025-11-01T08:30:00+00:00,186.19,186.32,186.11,186.16,7827.404
2025-11-01T08:45:00+00:00,186.15,186.54,186.15,186.54,9947.756
2025-11-01T09:00:00+00:00,186.54,186.72,186.06,186.65,13134.944
2025-11-01T09:15:00+00:00,186.65,186.7,186.28,186.46,13950.856
2025-11-01T09:30:00+00:00,186.47,186.51,185.81,185.81,7419.627
2025-11-01T09:45:00+00:00,185.82,186.23,185.73,185.82,20277.279
2025-11-01T10:00:00+00:00,185.82,185.95,185.28,185.41,13258.479
2025-11-01T10:15:00+00:00,185.4,185.78,185.4,185.77,15005.436
2025-11-01T10:30:00+00:00,185.78,186.1,185.61,186.07,8334.985
2025-11-01T10:45:00+00:00,186.07,186.42,186.04,186.16,19811.465
2025-11-01T11:00:00+00:00,186.16,186.65,186.16,186.35,20560.549
2025-11-01T11:15:00+00:00,186.35,186.6,186.07,186.11,16674.556
2025-11-01T11:30:00+00:00,186.11,186.12,185.7,185.96,18194.552
2025-11-01T11:45:00+00:00,185.96,186.22,185.91,186.22,9965.313
2025-11-01T12:00:00+00:00,186.22,186.6,186.22,186.5,17404.519
2025-11-01T12:15:00+00:00,186.5,186.62,186.29,186.44,14388.732
2025-11-01T12:30:00+00:00,186.44,186.65,186.4,186.61,18247.663
2025-11-01T12:45:00+00:00,186.62,186.62,186.28,186.4,20631.941
2025-11-01T13:00:00+00:00,186.41,186.49,186.1,186.3,14993.486
2025-11-01T13:15:00+00:00,186.3,186.39,185.91,186.01,8692.091
2025-11-01T13:30:00+00:00,186.0,186.24,184.8,185.1,30939.213
2025-11-01T13:45:00+00:00,185.1,185.43,184.87,185.34,14527.467
2025-11-01T14:00:00+00:00,185.33,185.59,184.13,184.3,35197.417
2025-11-01T14:15:00+00:00,184.3,184.45,183.79,184.28,34787.11
2025-11-01T14:30:00+00:00,184.27,185.36,184.03,185.16,15789.475
2025-11-01T14:45:00+00:00,185.16,185.34,184.68,185.03,11067.361
2025-11-01T15:00:00+00:00,185.03,186.43,184.88,186.01,30435.817
2025-11-01T15:15:00+00:00,186.01,186.26,185.1,185.41,35430.469
2025-11-01T15:30:00+00:00,185.4,185.95,185.24,185.58,20587.585
2025-11-01T15:45:00+00:00,185.59,186.42,185.38,186.42,20607.623
2025-11-01T16:00:00+00:00,186.42,187.12,186.11,186.13,27407.262
2025-11-01T16:15:00+00:00,186.14,186.59,186.0,186.23,16223.59
2025-11-01T16:30:00+00:00,186.24,187.06,186.23,186.81,24584.385
2025-11-01T16:45:00+00:00,186.81,187.07,186.43,186.43,17736.228
2025-11-01T17:00:00+00:00,186.44,186.55,185.83,186.09,12907.633
2025-11-01T17:15:00+00:00,186.09,186.14,185.4,185.43,10911.771
2025-11-01T17:30:00+00:00,185.42,185.77,185.26,185.27,20164.184
2025-11-01T17:45:00+00:00,185.26,185.39,184.9,184.96,28172.072
2025-11-01T18:00:00+00:00,184.96,185.47,184.87,185.08,43329.427
2025-11-01T18:15:00+00:00,185.08,185.32,184.95,185.15,17411.96
2025-11-01T18:30:00+00:00,185.15,185.44,185.11,185.4,15534.373
2025-11-01T18:45:00+00:00,185.39,185.76,185.34,185.73,11938.039
2025-11-01T19:00:00+00:00,185.73,185.73,185.4,185.61,5813.893
2025-11-01T19:15:00+00:00,185.61,185.94,185.61,185.76,7296.915
2025-11-01T19:30:00+00:00,185.76,185.93,185.58,185.92,6699.084
2025-11-01T19:45:00+00:00,185.92,186.37,185.83,186.27,7880.692
2025-11-01T20:00:00+00:00,186.28,186.46,186.15,186.36,7385.251
2025-11-01T20:15:00+00:00,186.37,186.91,186.23,186.89,8562.344
2025-11-01T20:30:00+00:00,186.89,186.96,186.64,186.83,10044.732
2025-11-01T20:45:00+00:00,186.84,186.87,186.46,186.49,18791.034
2025-11-01T21:00:00+00:00,186.49,186.61,186.12,186.13,9360.519
2025-11-01T21:15:00+00:00,186.13,186.48,185.94,186.4,8407.4
2025-11-01T21:30:00+00:00,186.4,186.56,185.95,185.99,8307.05
2025-11-01T21:45:00+00:00,185.99,186.06,185.3,185.35,8935.435
2025-11-01T22:00:00+00:00,185.35,185.78,185.15,185.15,12346.682
2025-11-01T22:15:00+00:00,185.15,185.75,184.98,185.63,14139.387
2025-11-01T22:30:00+00:00,185.63,185.7,185.46,185.67,16645.454
2025-11-01T22:45:00+00:00,185.67,186.26,185.52,186.14,12557.462
2025-11-01T23:00:00+00:00,186.14,186.2,185.84,185.99,6845.24
2025-11-01T23:15:00+00:00,186.0,186.35,185.87,186.3,3620.86
2025-11-01T23:30:00+00:00,186.31,186.48,186.0,186.47,7819.723
2025-11-01T23:45:00+00:00,186.46,186.56,186.28,186.35,5958.366
2025-11-02T00:00:00+00:00,186.35,186.37,185.61,186.0,9034.401
2025-11-02T00:15:00+00:00,186.0,186.0,185.25,185.5,11835.026
2025-11-02T00:30:00+00:00,185.49,185.74,185.31,185.62,13255.768
2025-11-02T00:45:00+00:00,185.61,185.68,185.07,185.1,23233.481
2025-11-02T01:00:00+00:00,185.1,185.3,184.82,185.11,41275.142
2025-11-02T01:15:00+00:00,185.11,185.48,184.94,185.45,13738.7
2025-11-02T01:30:00+00:00,185.44,185.5,185.14,185.16,7339.908
2025-11-02T01:45:00+00:00,185.16,185.17,184.66,184.8,18741.206
2025-11-02T02:00:00+00:00,184.81,185.46,184.78,185.44,8740.716
2025-11-02T02:15:00+00:00,185.44,185.49,185.09,185.31,4947.818
2025-11-02T02:30:00+00:00,185.31,186.0,185.28,185.54,17426.984
2025-11-02T02:45:00+00:00,185.53,185.82,185.19,185.37,11409.589
2025-11-02T03:00:00+00:00,185.37,185.51,185.0,185.31,5070.925
2025-11-02T03:15:00+00:00,185.32,185.38,185.11,185.16,9981.361
2025-11-02T03:30:00+00:00,185.16,185.52,184.97,185.14,9129.385
2025-11-02T03:45:00+00:00,185.14,185.32,184.97,185.29,3794.376
2025-11-02T04:00:00+00:00,185.3,185.78,185.02,185.73,8832.281
2025-11-02T04:15:00+00:00,185.73,186.4,185.63,186.3,12681.895
2025-11-02T04:30:00+00:00,186.31,186.83,186.12,186.82,19735.682
2025-11-02T04:45:00+00:00,186.81,188.03,186.69,187.79,73522.421
2025-11-02T05:00:00+00:00,187.8,187.84,187.11,187.39,24088.677
2025-11-02T05:15:00+00:00,187.39,187.72,186.76,186.99,16943.28
2025-11-02T05:30:00+00:00,186.99,187.22,186.54,187.1,17612.376
2025-11-02T05:45:00+00:00,187.11,187.17,186.63,187.09,12871.048
2025-11-02T06:00:00+00:00,187.09,187.33,186.62,186.83,11114.65
2025-11-02T06:15:00+00:00,186.83,187.02,186.64,186.92,7643.948
2025-11-02T06:30:00+00:00,186.92,187.3,186.63,187.3,7433.297
2025-11-02T06:45:00+00:00,187.29,187.69,187.29,187.41,12972.217
2025-11-02T07:00:00+00:00,187.41,187.47,186.83,186.93,8739.866
2025-11-02T07:15:00+00:00,186.93,187.18,186.7,187.06,6169.298
2025-11-02T07:30:00+00:00,187.06,187.56,186.9,187.52,7627.431
2025-11-02T07:45:00+00:00,187.51,188.34,187.46,187.72,41893.706
2025-11-02T08:00:00+00:00,187.72,187.95,187.46,187.69,10669.057
2025-11-02T08:15:00+00:00,187.69,187.84,187.18,187.26,15379.819
2025-11-02T08:30:00+00:00,187.26,187.5,187.15,187.39,10484.969
2025-11-02T08:45:00+00:00,187.39,187.4,186.96,187.14,7071.658
2025-11-02T09:00:00+00:00,187.14,187.45,187.07,187.4,6684.614
2025-11-02T09:15:00+00:00,187.41,187.91,187.11,187.56,12835.839
2025-11-02T09:30:00+00:00,187.56,187.56,186.39,186.65,26571.626
2025-11-02T09:45:00+00:00,186.65,186.66,185.81,185.91,19088.561
2025-11-02T10:00:00+00:00,185.91,186.2,185.54,186.02,18976.16
2025-11-02T10:15:00+00:00,186.02,186.02,185.3,185.31,20786.204
2025-11-02T10:30:00+00:00,185.3,185.31,184.45,184.64,63106.48
2025-11-02T10:45:00+00:00,184.64,185.06,184.56,185.04,20249.154
2025-11-02T11:00:00+00:00,185.04,185.54,184.88,185.08,24132.756
2025-11-02T11:15:00+00:00,185.08,185.78,185.01,185.71,9334.923
2025-11-02T11:30:00+00:00,185.72,186.28,185.39,186.23,37630.858
2025-11-02T11:45:00+00:00,186.24,186.38,185.99,186.15,13941.366
2025-11-02T12:00:00+00:00,186.14,186.21,185.76,186.08,36848.452
2025-11-02T12:15:00+00:00,186.08,186.5,185.83,186.12,26329.565
2025-11-02T12:30:00+00:00,186.12,186.25,185.56,185.65,23127.557
2025-11-02T12:45:00+00:00,185.64,185.69,185.26,185.52,27441.205
2025-11-02T13:00:00+00:00,185.53,185.57,185.03,185.03,14300.131
2025-11-02T13:15:00+00:00,185.03,185.04,183.93,184.76,43440.72
2025-11-02T13:30:00+00:00,184.76,185.14,184.62,185.01,12811.6
2025-11-02T13:45:00+00:00,185.02,185.24,184.78,185.09,16110.384
2025-11-02T14:00:00+00:00,185.09,185.37,184.44,184.67,16356.288
2025-11-02T14:15:00+00:00,184.67,184.88,184.03,184.18,17390.732
2025-11-02T14:30:00+00:00,184.18,184.97,184.16,184.29,25824.206
2025-11-02T14:45:00+00:00,184.29,184.75,183.53,184.35,49801.276
2025-11-02T15:00:00+00:00,184.36,184.73,183.74,184.46,25340.405
2025-11-02T15:15:00+00:00,184.47,185.05,184.35,184.95,18468.32
2025-11-02T15:30:00+00:00,184.96,184.99,184.3,184.49,12615.36
2025-11-02T15:45:00+00:00,184.48,184.7,183.73,183.77,30278.686
2025-11-02T16:00:00+00:00,183.77,184.02,182.51,182.83,67853.904
2025-11-02T16:15:00+00:00,182.83,183.63,182.0,183.53,48195.86
2025-11-02T16:30:00+00:00,183.53,183.74,183.17,183.72,13761.802
2025-11-02T16:45:00+00:00,183.72,184.45,183.56,184.29,19233.653
2025-11-02T17:00:00+00:00,184.29,184.61,184.1,184.13,18042.52
2025-11-02T17:15:00+00:00,184.14,184.31,183.76,184.0,12723.106
2025-11-02T17:30:00+00:00,184.0,184.01,183.58,183.94,22892.698
2025-11-02T17:45:00+00:00,183.94,184.43,183.72,184.42,10638.626
2025-11-02T18:00:00+00:00,184.42,184.68,184.11,184.12,10000.57
2025-11-02T18:15:00+00:00,184.12,184.45,184.0,184.35,4293.614
2025-11-02T18:30:00+00:00,184.35,184.55,184.16,184.51,4987.342
2025-11-02T18:45:00+00:00,184.51,184.54,184.07,184.25,6618.735
2025-11-02T19:00:00+00:00,184.25,184.3,183.81,184.13,7950.175
2025-11-02T19:15:00+00:00,184.13,184.13,183.14,183.15,18223.816
2025-11-02T19:30:00+00:00,183.15,183.69,183.06,183.46,11585.737
2025-11-02T19:45:00+00:00,183.46,184.03,183.46,184.02,4294.764
2025-11-02T20:00:00+00:00,184.02,184.15,183.58,183.63,3505.85
2025-11-02T20:15:00+00:00,183.63,184.04,183.63,183.99,3649.907
2025-11-02T20:30:00+00:00,184.0,184.23,183.95,184.14,3794.764
2025-11-02T20:45:00+00:00,184.14,184.57,184.09,184.56,5214.174
2025-11-02T21:00:00+00:00,184.57,185.04,184.53,184.75,7833.954
2025-11-02T21:15:00+00:00,184.76,185.5,184.61,185.28,7143.824
2025-11-02T21:30:00+00:00,185.28,185.5,185.1,185.49,15965.703
2025-11-02T21:45:00+00:00,185.5,186.0,185.36,185.49,16702.332
2025-11-02T22:00:00+00:00,185.49,185.57,185.18,185.21,11960.368
2025-11-02T22:15:00+00:00,185.2,185.68,185.16,185.43,7516.071
2025-11-02T22:30:00+00:00,185.44,185.5,184.36,184.65,35090.396
2025-11-02T22:45:00+00:00,184.65,184.94,184.34,184.91,9116.652
2025-11-02T23:00:00+00:00,184.92,186.43,184.92,186.38,25770.184
2025-11-02T23:15:00+00:00,186.37,186.49,185.99,186.46,25115.689
2025-11-02T23:30:00+00:00,186.47,187.22,186.43,186.83,31836.432
2025-11-02T23:45:00+00:00,186.83,188.1,186.74,187.71,57518.545
2025-11-03T00:00:00+00:00,187.71,189.13,187.47,188.78,78351.341
2025-11-03T00:15:00+00:00,188.77,188.86,187.67,187.78,36376.248
2025-11-03T00:30:00+00:00,187.78,188.32,187.71,188.18,19661.463
2025-11-03T00:45:00+00:00,188.18,188.43,186.58,186.58,31188.735
2025-11-03T01:00:00+00:00,186.58,187.02,186.23,186.88,28181.404
2025-11-03T01:15:00+00:00,186.88,187.17,186.15,186.53,20566.796
2025-11-03T01:30:00+00:00,186.53,186.85,185.36,186.1,36592.044
2025-11-03T01:45:00+00:00,186.1,186.57,185.51,185.53,21124.205
2025-11-03T02:00:00+00:00,185.53,185.93,184.67,185.33,72794.801
2025-11-03T02:15:00+00:00,185.33,185.39,184.33,184.45,46651.054
2025-11-03T02:30:00+00:00,184.44,184.44,183.37,183.79,70077.295
2025-11-03T02:45:00+00:00,183.78,184.18,183.0,183.48,57449.738
2025-11-03T03:00:00+00:00,183.47,183.67,180.49,180.69,143537.411
2025-11-03T03:15:00+00:00,180.68,181.44,180.18,180.55,72696.526
2025-11-03T03:30:00+00:00,180.55,180.59,179.0,179.11,174804.611
2025-11-03T03:45:00+00:00,179.1,179.1,176.73,177.57,184324.762
2025-11-03T04:00:00+00:00,177.56,177.57,175.88,177.37,115922.725
2025-11-03T04:15:00+00:00,177.37,178.4,176.8,178.06,58863.205
2025-11-03T04:30:00+00:00,178.06,178.06,177.07,177.11,53301.517
2025-11-03T04:45:00+00:00,177.12,178.01,177.04,177.94,48979.197
2025-11-03T05:00:00+00:00,177.95,178.75,177.88,178.6,51955.492
2025-11-03T05:15:00+00:00,178.6,178.64,177.64,178.25,40572.064
2025-11-03T05:30:00+00:00,178.26,178.43,176.61,176.81,48599.808
2025-11-03T05:45:00+00:00,176.81,177.01,176.44,176.81,29956.75
2025-11-03T06:00:00+00:00,176.82,177.26,175.51,176.12,60039.854
2025-11-03T06:15:00+00:00,176.11,176.57,175.89,176.09,28537.322
2025-11-03T06:30:00+00:00,176.09,176.28,175.22,175.31,63375.853
2025-11-03T06:45:00+00:00,175.31,176.32,174.22,176.11,136509.397
2025-11-03T07:00:00+00:00,176.11,176.22,175.44,175.93,30826.712
2025-11-03T07:15:00+00:00,175.92,176.97,175.74,176.55,36508.875
2025-11-03T07:30:00+00:00,176.55,177.13,176.07,176.07,38135.433
2025-11-03T07:45:00+00:00,176.08,176.78,176.01,176.5,21577.528
2025-11-03T08:00:00+00:00,176.51,176.61,176.09,176.25,35606.513
2025-11-03T08:15:00+00:00,176.26,176.4,175.52,175.78,47295.706
2025-11-03T08:30:00+00:00,175.78,175.92,174.89,175.47,61283.861
2025-11-03T08:45:00+00:00,175.47,176.1,173.0,175.67,286189.401
2025-11-03T09:00:00+00:00,175.67,176.92,175.4,176.57,45868.852
2025-11-03T09:15:00+00:00,176.56,176.58,173.99,175.58,88212.113
2025-11-03T09:30:00+00:00,175.59,175.86,175.12,175.51,24660.78
2025-11-03T09:45:00+00:00,175.51,175.69,174.65,174.94,54751.948
2025-11-03T10:00:00+00:00,174.93,175.68,174.9,175.48,36032.682
2025-11-03T10:15:00+00:00,175.48,175.92,175.4,175.83,30263.985
2025-11-03T10:30:00+00:00,175.84,175.84,174.62,174.66,40166.511
2025-11-03T10:45:00+00:00,174.66,175.11,173.64,174.11,71085.549
2025-11-03T11:00:00+00:00,174.12,175.6,174.09,175.08,64790.223
2025-11-03T11:15:00+00:00,175.09,176.11,174.66,175.23,45854.252
2025-11-03T11:30:00+00:00,175.24,175.44,174.73,175.25,31180.946
2025-11-03T11:45:00+00:00,175.25,175.84,175.25,175.32,39464.406
2025-11-03T12:00:00+00:00,175.32,176.22,175.03,176.05,55778.428
2025-11-03T12:15:00+00:00,176.05,176.6,176.05,176.45,23581.388
2025-11-03T12:30:00+00:00,176.45,176.5,175.82,175.84,29165.18
2025-11-03T12:45:00+00:00,175.85,176.18,175.41,175.56,22843.192
2025-11-03T13:00:00+00:00,175.56,175.6,175.05,175.38,35439.065
2025-11-03T13:15:00+00:00,175.38,175.65,174.97,175.61,41741.977
2025-11-03T13:30:00+00:00,175.61,176.33,175.6,175.96,18526.032
2025-11-03T13:45:00+00:00,175.96,176.24,175.38,175.84,34463.958
2025-11-03T14:00:00+00:00,175.83,176.95,175.83,175.95,58283.812
2025-11-03T14:15:00+00:00,175.94,176.15,175.21,175.42,45978.167
2025-11-03T14:30:00+00:00,175.42,176.07,174.86,175.42,29121.877
2025-11-03T14:45:00+00:00,175.41,176.5,175.1,176.44,33635.6
2025-11-03T15:00:00+00:00,176.44,176.75,175.07,175.26,34800.277
2025-11-03T15:15:00+00:00,175.25,175.25,166.14,167.83,705917.677
2025-11-03T15:30:00+00:00,167.88,169.97,165.0,167.88,801917.936
2025-11-03T15:45:00+00:00,167.88,168.64,165.76,166.79,363405.089
2025-11-03T16:00:00+00:00,166.79,168.6,165.61,168.18,233193.525
2025-11-03T16:15:00+00:00,168.18,168.94,167.46,168.28,129278.607
2025-11-03T16:30:00+00:00,168.28,168.79,167.72,168.19,86296.758
2025-11-03T16:45:00+00:00,168.19,169.2,168.01,168.37,88249.425
2025-11-03T17:00:00+00:00,168.38,169.5,168.08,169.38,99055.56
2025-11-03T17:15:00+00:00,169.38,171.0,168.83,169.2,115836.968
2025-11-03T17:30:00+00:00,169.21,170.48,169.14,169.68,65209.395
2025-11-03T17:45:00+00:00,169.68,170.63,169.6,169.93,48619.244
2025-11-03T18:00:00+00:00,169.93,170.15,169.0,169.38,64379.367
2025-11-03T18:15:00+00:00,169.37,169.66,168.73,168.83,30939.675
2025-11-03T18:30:00+00:00,168.83,169.32,168.28,168.35,58376.524
2025-11-03T18:45:00+00:00,168.35,168.46,167.76,167.88,30325.603
2025-11-03T19:00:00+00:00,167.88,168.12,166.85,167.53,57309.654
2025-11-03T19:15:00+00:00,167.53,168.34,166.93,167.1,33160.309
2025-11-03T19:30:00+00:00,167.1,168.14,167.07,167.95,23828.99
2025-11-03T19:45:00+00:00,167.95,168.12,166.62,166.74,39502.513
2025-11-03T20:00:00+00:00,166.75,167.24,165.86,166.0,59692.829
2025-11-03T20:15:00+00:00,166.0,166.29,165.28,166.12,47235.64
2025-11-03T20:30:00+00:00,166.12,166.82,165.42,165.61,32720.933
2025-11-03T20:45:00+00:00,165.62,165.78,163.15,164.4,175959.859
2025-11-03T21:00:00+00:00,164.39,166.13,164.34,164.79,78256.612
2025-11-03T21:15:00+00:00,164.8,165.64,163.25,164.8,88101.039
2025-11-03T21:30:00+00:00,164.8,166.04,164.43,166.03,51091.702
2025-11-03T21:45:00+00:00,166.03,166.22,165.67,165.94,42395.737
2025-11-03T22:00:00+00:00,165.94,166.1,165.01,165.46,46048.247
2025-11-03T22:15:00+00:00,165.46,166.28,164.91,164.93,41117.692
2025-11-03T22:30:00+00:00,164.93,165.63,164.2,165.31,45322.841
2025-11-03T22:45:00+00:00,165.3,166.1,165.28,165.75,21069.81
2025-11-03T23:00:00+00:00,165.75,165.75,164.47,164.94,20663.675
2025-11-03T23:15:00+00:00,164.94,165.93,164.9,165.71,23603.953
2025-11-03T23:30:00+00:00,165.7,166.21,165.55,166.06,32531.093
2025-11-03T23:45:00+00:00,166.06,166.32,165.63,166.06,22891.735
2025-11-04T00:00:00+00:00,166.06,166.12,165.28,165.64,25333.202
2025-11-04T00:15:00+00:00,165.64,166.09,164.18,164.21,39831.885
2025-11-04T00:30:00+00:00,164.21,167.24,164.2,166.88,71535.809
2025-11-04T00:45:00+00:00,166.89,166.92,166.04,166.58,25180.324
2025-11-04T01:00:00+00:00,166.58,166.98,165.88,166.64,21804.613
2025-11-04T01:15:00+00:00,166.64,167.7,166.43,167.4,39820.689
2025-11-04T01:30:00+00:00,167.41,168.37,167.2,167.75,39471.252
2025-11-04T01:45:00+00:00,167.76,168.27,167.19,167.85,29974.026
2025-11-04T02:00:00+00:00,167.84,168.14,167.3,167.98,17875.736
2025-11-04T02:15:00+00:00,167.97,168.42,167.58,167.64,18042.945
2025-11-04T02:30:00+00:00,167.65,167.83,166.93,167.11,19422.33
2025-11-04T02:45:00+00:00,167.1,167.1,166.43,166.68,23948.223
2025-11-04T03:00:00+00:00,166.69,167.66,166.26,167.62,24788.231
2025-11-04T03:15:00+00:00,167.63,167.96,167.28,167.77,16380.506
2025-11-04T03:30:00+00:00,167.77,168.26,167.39,167.86,23126.518
2025-11-04T03:45:00+00:00,167.86,168.03,167.43,167.66,19742.914
2025-11-04T04:00:00+00:00,167.66,168.13,167.36,167.56,29640.569
2025-11-04T04:15:00+00:00,167.56,167.57,166.01,166.13,48691.203
2025-11-04T04:30:00+00:00,166.14,166.39,164.8,165.05,54871.161
2025-11-04T04:45:00+00:00,165.05,165.53,164.75,165.03,62134.962
2025-11-04T05:00:00+00:00,165.04,165.49,164.8,164.96,31886.32
2025-11-04T05:15:00+00:00,164.96,165.0,160.36,160.79,295398.701
2025-11-04T05:30:00+00:00,160.79,160.91,158.34,159.37,286930.235
2025-11-04T05:45:00+00:00,159.37,159.69,157.17,157.69,197885.01
2025-11-04T06:00:00+00:00,157.7,159.97,157.62,159.91,108699.906
2025-11-04T06:15:00+00:00,159.92,161.34,159.67,159.96,108326.024
2025-11-04T06:30:00+00:00,159.97,160.01,158.08,158.28,66774.408
2025-11-04T06:45:00+00:00,158.27,159.0,158.27,158.58,42445.248
2025-11-04T07:00:00+00:00,158.59,158.92,157.45,157.73,78224.287
2025-11-04T07:15:00+00:00,157.72,158.6,156.76,156.91,101638.425
2025-11-04T07:30:00+00:00,156.92,158.02,156.19,156.52,115851.404
2025-11-04T07:45:00+00:00,156.51,157.13,155.87,157.07,97837.245
2025-11-04T08:00:00+00:00,157.07,157.55,156.41,156.99,74726.728
2025-11-04T08:15:00+00:00,156.99,159.11,156.64,159.03,109703.099
2025-11-04T08:30:00+00:00,159.02,160.47,158.94,159.86,88236.773
2025-11-04T08:45:00+00:00,159.86,159.97,158.68,159.25,50108.741
2025-11-04T09:00:00+00:00,159.25,159.93,158.94,159.26,48283.429
2025-11-04T09:15:00+00:00,159.25,160.08,158.66,159.61,52617.086
2025-11-04T09:30:00+00:00,159.62,160.43,159.25,160.17,34311.782
2025-11-04T09:45:00+00:00,160.17,160.46,159.36,160.39,41559.505
2025-11-04T10:00:00+00:00,160.38,160.83,160.24,160.39,37281.01
2025-11-04T10:15:00+00:00,160.39,161.09,160.34,160.64,49781.947
2025-11-04T10:30:00+00:00,160.63,161.4,160.46,160.6,44430.123
2025-11-04T10:45:00+00:00,160.6,160.86,159.95,160.49,52734.291
2025-11-04T11:00:00+00:00,160.48,161.78,160.33,161.29,88486.384
2025-11-04T11:15:00+00:00,161.28,162.25,161.14,161.38,52621.503
2025-11-04T11:30:00+00:00,161.38,161.96,161.17,161.94,28068.138
2025-11-04T11:45:00+00:00,161.93,161.96,161.35,161.71,25385.82
2025-11-04T12:00:00+00:00,161.71,162.54,161.15,161.4,46911.109
2025-11-04T12:15:00+00:00,161.39,161.6,160.84,161.24,53613.947
2025-11-04T12:30:00+00:00,161.23,161.65,160.96,161.14,32041.7
2025-11-04T12:45:00+00:00,161.14,162.0,160.82,161.43,34313.417
2025-11-04T13:00:00+00:00,161.42,161.94,160.81,161.45,64866.11
2025-11-04T13:15:00+00:00,161.45,161.54,160.62,160.67,48447.275
2025-11-04T13:30:00+00:00,160.67,162.62,160.51,161.9,63714.962
2025-11-04T13:45:00+00:00,161.9,161.9,161.21,161.28,35306.107
2025-11-04T14:00:00+00:00,161.27,161.73,160.33,161.0,40012.172
2025-11-04T14:15:00+00:00,161.01,161.15,159.8,160.22,45070.63
2025-11-04T14:30:00+00:00,160.21,162.9,159.32,162.86,141886.194
2025-11-04T14:45:00+00:00,162.87,164.76,162.42,164.39,152167.71
2025-11-04T15:00:00+00:00,164.4,165.08,162.75,162.88,83756.974
2025-11-04T15:15:00+00:00,162.88,165.27,162.82,164.1,91270.277
2025-11-04T15:30:00+00:00,164.09,164.11,163.04,163.3,45254.856
2025-11-04T15:45:00+00:00,163.3,163.3,161.27,161.5,89178.426
2025-11-04T16:00:00+00:00,161.5,162.36,160.98,161.5,46793.283
2025-11-04T16:15:00+00:00,161.51,161.95,159.8,160.6,97448.388
2025-11-04T16:30:00+00:00,160.59,161.52,159.36,159.44,92625.657
2025-11-04T16:45:00+00:00,159.43,159.64,158.16,158.2,96612.735
2025-11-04T17:00:00+00:00,158.21,158.24,153.7,154.71,280152.697
2025-11-04T17:15:00+00:00,154.7,157.28,153.05,156.15,222539.392
2025-11-04T17:30:00+00:00,156.14,158.07,156.12,156.67,97836.176
2025-11-04T17:45:00+00:00,156.67,157.02,155.87,156.21,57999.856
2025-11-04T18:00:00+00:00,156.2,156.29,154.37,154.63,91099.841
2025-11-04T18:15:00+00:00,154.64,154.97,153.36,154.26,115824.887
2025-11-04T18:30:00+00:00,154.25,155.65,152.26,155.65,202446.719
2025-11-04T18:45:00+00:00,155.64,156.56,153.85,156.43,114991.886
2025-11-04T19:00:00+00:00,156.42,157.23,155.48,156.28,75463.119
2025-11-04T19:15:00+00:00,156.27,157.44,155.79,156.24,67520.714
2025-11-04T19:30:00+00:00,156.23,156.55,154.59,155.09,50355.217
2025-11-04T19:45:00+00:00,155.08,155.32,154.21,154.62,48371.858
2025-11-04T20:00:00+00:00,154.62,155.07,152.82,153.19,86654.962
2025-11-04T20:15:00+00:00,153.18,153.21,148.29,152.74,562176.083
2025-11-04T20:30:00+00:00,152.74,154.84,151.02,154.16,124532.221
2025-11-04T20:45:00+00:00,154.16,154.62,152.04,153.4,92346.396
2025-11-04T21:00:00+00:00,153.41,154.12,151.46,151.73,75975.621
2025-11-04T21:15:00+00:00,151.73,151.9,149.39,149.85,117137.042
2025-11-04T21:30:00+00:00,149.85,149.97,145.85,148.11,380808.406
2025-11-04T21:45:00+00:00,148.11,151.21,148.03,151.17,262964.56
2025-11-04T22:00:00+00:00,151.17,153.35,150.48,152.91,124124.905
2025-11-04T22:15:00+00:00,152.92,154.04,152.7,154.03,133323.818
2025-11-04T22:30:00+00:00,154.04,155.17,153.71,154.37,112525.981
2025-11-04T22:45:00+00:00,154.37,155.6,154.25,155.22,67720.497
2025-11-04T23:00:00+00:00,155.22,155.9,154.63,155.34,84686.849
2025-11-04T23:15:00+00:00,155.34,155.57,154.06,154.11,78219.613
2025-11-04T23:30:00+00:00,154.11,155.42,153.9,155.4,44462.419
2025-11-04T23:45:00+00:00,155.41,155.85,155.03,155.03,53173.231
2025-11-05T00:00:00+00:00,155.04,155.54,154.4,154.47,55564.51
2025-11-05T00:15:00+00:00,154.47,155.64,153.84,153.93,39154.733
2025-11-05T00:30:00+00:00,153.94,154.13,152.49,152.54,71337.972
2025-11-05T00:45:00+00:00,152.55,153.74,152.5,153.35,52708.571
2025-11-05T01:00:00+00:00,153.35,153.56,151.42,152.5,62217.075
2025-11-05T01:15:00+00:00,152.49,152.49,148.93,148.97,115063.037
2025-11-05T01:30:00+00:00,148.97,150.26,147.29,147.95,174689.904
2025-11-05T01:45:00+00:00,147.94,153.28,147.75,152.66,132417.451
2025-11-05T02:00:00+00:00,152.65,155.38,152.6,154.47,173514.413
2025-11-05T02:15:00+00:00,154.47,155.25,153.67,154.26,76413.427
2025-11-05T02:30:00+00:00,154.26,155.44,153.8,155.44,63648.421
2025-11-05T02:45:00+00:00,155.44,156.21,154.47,156.13,87088.45
2025-11-05T03:00:00+00:00,156.13,156.69,155.42,155.77,47504.006
2025-11-05T03:15:00+00:00,155.76,156.33,155.06,156.11,40627.921
2025-11-05T03:30:00+00:00,156.1,156.79,155.79,156.64,45651.142
2025-11-05T03:45:00+00:00,156.64,157.42,156.35,156.93,73904.489
2025-11-05T04:00:00+00:00,156.93,157.5,156.43,156.72,50557.108
2025-11-05T04:15:00+00:00,156.72,156.92,155.66,155.83,41252.081
2025-11-05T04:30:00+00:00,155.83,157.73,155.75,157.63,36780.487
2025-11-05T04:45:00+00:00,157.64,158.06,156.83,157.04,36994.793
2025-11-05T05:00:00+00:00,157.05,158.62,156.83,158.27,42134.451
2025-11-05T05:15:00+00:00,158.27,158.42,157.22,157.6,29891.223
2025-11-05T05:30:00+00:00,157.61,158.02,157.32,157.55,21339.501
2025-11-05T05:45:00+00:00,157.54,157.72,156.92,157.52,26035.124
2025-11-05T06:00:00+00:00,157.52,157.61,156.6,156.88,57349.12
2025-11-05T06:15:00+00:00,156.89,157.75,156.63,157.36,34994.331
2025-11-05T06:30:00+00:00,157.35,157.94,156.95,157.1,46885.376
2025-11-05T06:45:00+00:00,157.1,158.15,156.94,158.03,41851.206
2025-11-05T07:00:00+00:00,158.03,158.11,156.65,157.01,33124.236
2025-11-05T07:15:00+00:00,157.0,157.06,155.95,156.25,47154.517
2025-11-05T07:30:00+00:00,156.25,156.73,156.04,156.73,26212.691
2025-11-05T07:45:00+00:00,156.72,157.08,156.34,156.47,46186.034
2025-11-05T08:00:00+00:00,156.47,156.48,155.36,155.52,58201.671
2025-11-05T08:15:00+00:00,155.53,155.62,153.67,154.39,120074.175
2025-11-05T08:30:00+00:00,154.39,155.97,154.25,155.19,78571.527
2025-11-05T08:45:00+00:00,155.19,155.9,154.33,155.7,89260.291
2025-11-05T09:00:00+00:00,155.69,157.17,155.58,156.54,71760.064
2025-11-05T09:15:00+00:00,156.54,157.01,156.01,156.83,25845.106
2025-11-05T09:30:00+00:00,156.82,157.08,156.09,156.84,25582.506
2025-11-05T09:45:00+00:00,156.84,157.34,156.42,157.04,21888.094
2025-11-05T10:00:00+00:00,157.03,157.08,156.04,156.28,27318.34
2025-11-05T10:15:00+00:00,156.28,156.47,155.66,156.25,20779.823
2025-11-05T10:30:00+00:00,156.25,156.5,155.37,155.6,26248.33
2025-11-05T10:45:00+00:00,155.6,155.68,154.69,154.86,20614.696
2025-11-05T11:00:00+00:00,154.87,156.23,154.87,155.93,22881.445
2025-11-05T11:15:00+00:00,155.92,157.05,155.9,156.45,24171.657
2025-11-05T11:30:00+00:00,156.45,157.27,156.37,156.92,26981.673
2025-11-05T11:45:00+00:00,156.92,157.63,156.8,157.48,28338.096
2025-11-05T12:00:00+00:00,157.48,157.72,156.77,157.15,37133.15
2025-11-05T12:15:00+00:00,157.15,158.77,157.05,158.55,54558.87
2025-11-05T12:30:00+00:00,158.54,158.54,157.8,158.36,37971.425
2025-11-05T12:45:00+00:00,158.35,158.37,157.6,158.3,23872.131
2025-11-05T13:00:00+00:00,158.29,158.77,157.85,157.96,32795.272
2025-11-05T13:15:00+00:00,157.96,158.55,157.6,158.37,34340.68
2025-11-05T13:30:00+00:00,158.36,159.54,158.15,159.21,46807.731
2025-11-05T13:45:00+00:00,159.22,159.93,158.94,159.45,82633.653
2025-11-05T14:00:00+00:00,159.44,159.65,158.5,158.61,41549.827
2025-11-05T14:15:00+00:00,158.61,158.76,157.8,157.82,44312.323
2025-11-05T14:30:00+00:00,157.82,159.07,156.94,158.32,76013.037
2025-11-05T14:45:00+00:00,158.33,159.53,158.24,158.74,66718.443
2025-11-05T15:00:00+00:00,158.75,159.08,157.91,158.41,65917.817
2025-11-05T15:15:00+00:00,158.4,159.12,158.04,158.77,47187.557
2025-11-05T15:30:00+00:00,158.77,160.48,158.41,159.78,99475.831
2025-11-05T15:45:00+00:00,159.77,160.57,159.6,160.5,56768.369
2025-11-05T16:00:00+00:00,160.5,160.53,158.85,159.04,58124.634
2025-11-05T16:15:00+00:00,159.05,159.37,158.57,159.3,29995.903
2025-11-05T16:30:00+00:00,159.3,160.28,159.2,160.05,46265.322
2025-11-05T16:45:00+00:00,160.05,162.09,159.87,161.83,76764.545
2025-11-05T17:00:00+00:00,161.84,161.87,160.94,161.09,36988.065
2025-11-05T17:15:00+00:00,161.09,162.49,160.93,162.22,57027.81
2025-11-05T17:30:00+00:00,162.21,162.48,161.87,162.46,67658.32
2025-11-05T17:45:00+00:00,162.47,162.48,161.8,162.03,57956.942
2025-11-05T18:00:00+00:00,162.03,162.35,161.7,162.08,35302.956
2025-11-05T18:15:00+00:00,162.09,163.06,161.98,163.06,44378.283
2025-11-05T18:30:00+00:00,163.05,163.83,162.78,163.25,60535.989
2025-11-05T18:45:00+00:00,163.24,163.93,163.06,163.14,64047.996
2025-11-05T19:00:00+00:00,163.15,163.39,162.2,162.56,44798.785
2025-11-05T19:15:00+00:00,162.56,163.44,162.52,162.7,35946.721
2025-11-05T19:30:00+00:00,162.7,163.35,162.61,163.21,36943.35
2025-11-05T19:45:00+00:00,163.21,163.27,162.25,162.53,40523.863
2025-11-05T20:00:00+00:00,162.53,163.79,162.47,163.65,29861.709
2025-11-05T20:15:00+00:00,163.66,163.97,162.61,162.7,29228.109
2025-11-05T20:30:00+00:00,162.69,163.15,162.37,162.84,33836.765
2025-11-05T20:45:00+00:00,162.85,163.13,162.36,162.57,27039.6
2025-11-05T21:00:00+00:00,162.56,162.56,161.39,161.55,39425.494
2025-11-05T21:15:00+00:00,161.55,161.98,161.16,161.56,29829.609
2025-11-05T21:30:00+00:00,161.56,161.86,161.12,161.73,35857.689
2025-11-05T21:45:00+00:00,161.72,162.5,161.68,161.86,25428.94
2025-11-05T22:00:00+00:00,161.86,162.11,161.31,161.47,13510.033
2025-11-05T22:15:00+00:00,161.46,162.0,161.41,161.87,16285.185
2025-11-05T22:30:00+00:00,161.86,162.51,161.74,162.4,16504.588
2025-11-05T22:45:00+00:00,162.41,162.91,162.22,162.82,16711.848
2025-11-05T23:00:00+00:00,162.82,163.02,162.14,162.58,16203.381
2025-11-05T23:15:00+00:00,162.58,163.0,162.38,162.95,22597.756
2025-11-05T23:30:00+00:00,162.95,163.06,162.62,162.99,22732.834
2025-11-05T23:45:00+00:00,162.98,163.0,162.32,162.37,15397.253
2025-11-06T00:00:00+00:00,162.37,162.37,160.87,161.49,53461.374
2025-11-06T00:15:00+00:00,161.49,161.75,160.98,161.31,52870.692
2025-11-06T00:30:00+00:00,161.3,161.46,160.47,160.91,74683.434
2025-11-06T00:45:00+00:00,160.91,161.56,160.67,161.38,42942.454
2025-11-06T01:00:00+00:00,161.37,161.37,160.04,160.74,55128.916
2025-11-06T01:15:00+00:00,160.73,161.01,159.7,159.96,71574.556
2025-11-06T01:30:00+00:00,159.97,161.1,159.97,160.85,55841.467
2025-11-06T01:45:00+00:00,160.84,161.67,160.69,160.8,51836.881
2025-11-06T02:00:00+00:00,160.8,161.32,160.11,160.2,19832.521
2025-11-06T02:15:00+00:00,160.2,161.17,160.2,160.7,25438.122
2025-11-06T02:30:00+00:00,160.7,162.17,160.59,161.81,29733.474
2025-11-06T02:45:00+00:00,161.81,162.33,161.65,161.75,32264.028
2025-11-06T03:00:00+00:00,161.75,162.28,161.61,162.05,20480.637
2025-11-06T03:15:00+00:00,162.04,162.91,161.92,162.0,30796.236
2025-11-06T03:30:00+00:00,162.0,162.48,161.97,162.22,16219.081
2025-11-06T03:45:00+00:00,162.21,162.63,162.12,162.45,13481.635
2025-11-06T04:00:00+00:00,162.46,162.68,162.01,162.48,13865.084
2025-11-06T04:15:00+00:00,162.49,162.67,161.79,161.8,9970.643
2025-11-06T04:30:00+00:00,161.81,162.28,161.71,162.19,11736.519
2025-11-06T04:45:00+00:00,162.19,162.75,161.95,162.13,21765.5
2025-11-06T05:00:00+00:00,162.12,162.12,160.21,160.39,27298.937
2025-11-06T05:15:00+00:00,160.39,160.44,159.83,160.01,30708.767
2025-11-06T05:30:00+00:00,160.01,160.16,159.12,159.63,29167.75
2025-11-06T05:45:00+00:00,159.63,159.72,158.83,159.33,45127.203
2025-11-06T06:00:00+00:00,159.32,159.65,158.86,159.36,32498.77
2025-11-06T06:15:00+00:00,159.35,159.87,159.3,159.78,16511.268
2025-11-06T06:30:00+00:00,159.78,160.0,159.03,159.56,25833.89
2025-11-06T06:45:00+00:00,159.57,159.64,158.78,158.8,20990.329
2025-11-06T07:00:00+00:00,158.8,159.5,158.68,159.22,17718.995
2025-11-06T07:15:00+00:00,159.22,159.99,158.25,159.55,42344.344
2025-11-06T07:30:00+00:00,159.54,159.59,158.5,158.77,18520.83
2025-11-06T07:45:00+00:00,158.76,159.11,158.56,158.84,11309.204
2025-11-06T08:00:00+00:00,158.84,159.14,158.51,158.97,13606.486
2025-11-06T08:15:00+00:00,158.98,159.53,158.91,159.28,46323.993
2025-11-06T08:30:00+00:00,159.29,159.51,159.04,159.13,11986.874
2025-11-06T08:45:00+00:00,159.12,159.37,158.64,159.34,15916.08
2025-11-06T09:00:00+00:00,159.34,159.7,158.83,159.7,36585.645
2025-11-06T09:15:00+00:00,159.69,159.9,159.31,159.31,13243.294
2025-11-06T09:30:00+00:00,159.31,159.84,159.31,159.37,12570.197
2025-11-06T09:45:00+00:00,159.38,159.44,158.77,158.78,26044.853
2025-11-06T10:00:00+00:00,158.78,158.9,157.66,158.12,50749.103
2025-11-06T10:15:00+00:00,158.13,159.4,157.97,159.07,26435.414
2025-11-06T10:30:00+00:00,159.06,159.76,158.94,159.14,29062.912
2025-11-06T10:45:00+00:00,159.13,159.41,158.68,159.05,22861.477
2025-11-06T11:00:00+00:00,159.06,159.06,158.18,158.44,24454.394
2025-11-06T11:15:00+00:00,158.44,159.33,158.24,159.14,78542.935
2025-11-06T11:30:00+00:00,159.14,159.4,158.73,158.79,31590.685
2025-11-06T11:45:00+00:00,158.79,159.29,158.62,158.85,22442.858
2025-11-06T12:00:00+00:00,158.85,159.43,158.37,158.86,38294.738
2025-11-06T12:15:00+00:00,158.86,158.87,157.74,157.97,40928.498
2025-11-06T12:30:00+00:00,157.97,158.46,157.11,157.15,39251.198
2025-11-06T12:45:00+00:00,157.15,157.75,157.13,157.49,29103.579
2025-11-06T13:00:00+00:00,157.48,158.4,157.48,158.25,18653.449
2025-11-06T13:15:00+00:00,158.25,161.26,158.25,160.85,121589.689
2025-11-06T13:30:00+00:00,160.85,161.15,160.27,160.75,49742.08
2025-11-06T13:45:00+00:00,160.75,161.33,160.48,160.65,32210.697
2025-11-06T14:00:00+00:00,160.64,161.51,159.06,159.55,47814.943
2025-11-06T14:15:00+00:00,159.54,159.85,158.49,158.79,24639.939
2025-11-06T14:30:00+00:00,158.79,158.85,157.35,158.11,85693.838
2025-11-06T14:45:00+00:00,158.11,159.16,157.47,157.8,64603.864
2025-11-06T15:00:00+00:00,157.79,158.62,157.27,157.83,61642.612
2025-11-06T15:15:00+00:00,157.82,158.99,157.35,157.63,64754.876
2025-11-06T15:30:00+00:00,157.64,157.81,155.52,155.6,114737.194
2025-11-06T15:45:00+00:00,155.6,156.33,155.4,155.92,99353.018
2025-11-06T16:00:00+00:00,155.92,156.99,155.74,156.05,57117.139
2025-11-06T16:15:00+00:00,156.05,156.62,155.7,156.56,51140.404
2025-11-06T16:30:00+00:00,156.55,156.66,153.8,154.66,130747.159
2025-11-06T16:45:00+00:00,154.66,156.16,154.48,155.4,90657.058
2025-11-06T17:00:00+00:00,155.4,156.66,155.29,155.49,59479.42
2025-11-06T17:15:00+00:00,155.49,156.66,154.84,156.51,52350.784
2025-11-06T17:30:00+00:00,156.5,156.82,156.08,156.46,29523.023
2025-11-06T17:45:00+00:00,156.46,157.64,156.45,157.26,43519.701
2025-11-06T18:00:00+00:00,157.26,157.59,156.36,156.72,36124.826
2025-11-06T18:15:00+00:00,156.71,156.8,155.46,156.03,37529.452
2025-11-06T18:30:00+00:00,156.02,158.19,155.97,157.84,41686.488
2025-11-06T18:45:00+00:00,157.85,158.67,157.32,157.49,33248.151
2025-11-06T19:00:00+00:00,157.49,157.83,157.04,157.57,26721.783
2025-11-06T19:15:00+00:00,157.57,157.78,156.91,157.29,21102.311
2025-11-06T19:30:00+00:00,157.29,157.55,156.15,156.76,28198.331
2025-11-06T19:45:00+00:00,156.76,157.14,156.22,156.89,29745.337
2025-11-06T20:00:00+00:00,156.89,157.82,156.89,157.03,28263.108
2025-11-06T20:15:00+00:00,157.04,157.56,156.36,156.42,17810.626
2025-11-06T20:30:00+00:00,156.43,156.47,154.85,155.0,33955.279
2025-11-06T20:45:00+00:00,155.01,155.63,154.64,155.31,41386.733
2025-11-06T21:00:00+00:00,155.31,155.84,154.8,155.06,23579.726
2025-11-06T21:15:00+00:00,155.06,155.62,154.67,155.56,21437.915
2025-11-06T21:30:00+00:00,155.57,156.68,155.52,156.38,18454.049
2025-11-06T21:45:00+00:00,156.37,156.94,155.85,156.49,21333.931
2025-11-06T22:00:00+00:00,156.49,156.81,155.77,155.82,15265.156
2025-11-06T22:15:00+00:00,155.82,156.37,155.09,155.11,14546.771
2025-11-06T22:30:00+00:00,155.12,155.34,154.26,154.98,37562.513
2025-11-06T22:45:00+00:00,154.99,155.79,154.43,155.58,18131.876
2025-11-06T23:00:00+00:00,155.57,155.57,154.33,154.69,24293.731
2025-11-06T23:15:00+00:00,154.7,154.75,153.45,154.54,33731.797
2025-11-06T23:30:00+00:00,154.55,154.69,153.85,154.66,19902.115
2025-11-06T23:45:00+00:00,154.66,155.33,154.66,155.28,20821.681
2025-11-07T00:00:00+00:00,155.27,156.43,155.04,156.19,31367.964
2025-11-07T00:15:00+00:00,156.2,156.59,154.89,155.22,36589.778
2025-11-07T00:30:00+00:00,155.21,156.94,155.09,156.48,40554.14
2025-11-07T00:45:00+00:00,156.49,157.14,156.14,156.77,27410.137
2025-11-07T01:00:00+00:00,156.78,157.0,155.41,156.02,22541.801
2025-11-07T01:15:00+00:00,156.01,157.25,155.82,156.69,27268.377
2025-11-07T01:30:00+00:00,156.68,156.82,154.22,155.23,56441.518
2025-11-07T01:45:00+00:00,155.22,157.09,154.72,157.05,31275.238
2025-11-07T02:00:00+00:00,157.04,157.63,156.83,156.95,35732.098
2025-11-07T02:15:00+00:00,156.95,157.38,156.16,156.2,23321.322
2025-11-07T02:30:00+00:00,156.21,157.36,156.19,157.19,32646.919
2025-11-07T02:45:00+00:00,157.2,158.1,156.94,158.01,31447.709
2025-11-07T03:00:00+00:00,158.02,158.62,157.78,158.12,43248.633
2025-11-07T03:15:00+00:00,158.11,158.13,157.46,157.71,24934.858
2025-11-07T03:30:00+00:00,157.72,157.8,157.26,157.28,26965.648
2025-11-07T03:45:00+00:00,157.29,157.44,156.79,156.85,24769.876
2025-11-07T04:00:00+00:00,156.86,157.08,155.78,155.8,46716.758
2025-11-07T04:15:00+00:00,155.81,156.56,155.81,156.43,21098.65
2025-11-07T04:30:00+00:00,156.42,156.43,155.24,155.59,37169.375
2025-11-07T04:45:00+00:00,155.59,156.25,155.5,156.17,17457.106
2025-11-07T05:00:00+00:00,156.17,157.98,156.15,157.68,27545.776
2025-11-07T05:15:00+00:00,157.68,157.78,156.95,157.47,24417.015
2025-11-07T05:30:00+00:00,157.47,157.72,157.15,157.55,19605.04
2025-11-07T05:45:00+00:00,157.55,158.24,157.46,158.09,23123.24
2025-11-07T06:00:00+00:00,158.1,158.18,157.7,157.9,14967.578
2025-11-07T06:15:00+00:00,157.9,158.28,157.7,157.79,17915.128
2025-11-07T06:30:00+00:00,157.8,157.82,157.25,157.36,13855.001
2025-11-07T06:45:00+00:00,157.36,157.42,156.8,156.8,10669.05
2025-11-07T07:00:00+00:00,156.81,157.24,156.8,157.08,13619.968
2025-11-07T07:15:00+00:00,157.09,157.63,156.62,157.1,19805.096
2025-11-07T07:30:00+00:00,157.1,157.21,156.37,156.65,18236.664
2025-11-07T07:45:00+00:00,156.66,157.87,156.66,157.79,17393.687
2025-11-07T08:00:00+00:00,157.79,158.21,157.6,158.12,19735.598
2025-11-07T08:15:00+00:00,158.12,158.16,157.27,157.68,15280.394
2025-11-07T08:30:00+00:00,157.69,157.84,156.85,157.21,13177.074
2025-11-07T08:45:00+00:00,157.2,157.41,156.95,157.3,12646.115
2025-11-07T09:00:00+00:00,157.3,157.33,155.9,156.47,23655.64
2025-11-07T09:15:00+00:00,156.47,156.87,154.92,155.07,35494.116
2025-11-07T09:30:00+00:00,155.07,155.39,154.13,154.45,38490.642
2025-11-07T09:45:00+00:00,154.44,154.91,154.36,154.74,30852.641
2025-11-07T10:00:00+00:00,154.73,155.76,154.47,154.99,36104.976
2025-11-07T10:15:00+00:00,154.99,155.02,154.17,154.46,36858.966
2025-11-07T10:30:00+00:00,154.47,155.16,154.28,155.16,22688.739
2025-11-07T10:45:00+00:00,155.15,155.25,153.64,154.25,30784.522
2025-11-07T11:00:00+00:00,154.26,154.26,151.9,152.05,70020.387
2025-11-07T11:15:00+00:00,152.05,153.09,151.67,152.25,85797.883
2025-11-07T11:30:00+00:00,152.25,153.09,152.03,152.8,37037.5
2025-11-07T11:45:00+00:00,152.8,154.19,152.8,153.85,48946.695
2025-11-07T12:00:00+00:00,153.86,154.17,153.02,153.06,34086.228
2025-11-07T12:15:00+00:00,153.06,153.14,151.88,152.02,33327.225
2025-11-07T12:30:00+00:00,152.02,152.4,151.45,152.02,72627.152
2025-11-07T12:45:00+00:00,152.01,152.09,150.92,151.64,81971.023
2025-11-07T13:00:00+00:00,151.64,152.91,151.0,152.13,118633.411
2025-11-07T13:15:00+00:00,152.12,153.22,151.73,151.9,116338.535
2025-11-07T13:30:00+00:00,151.89,152.62,151.53,151.9,42348.777
2025-11-07T13:45:00+00:00,151.91,153.0,151.79,152.31,32746.446
2025-11-07T14:00:00+00:00,152.3,152.98,151.22,152.5,39711.375
2025-11-07T14:15:00+00:00,152.51,152.57,151.76,152.36,30067.461
2025-11-07T14:30:00+00:00,152.37,153.81,149.82,153.8,202607.53
2025-11-07T14:45:00+00:00,153.8,155.14,152.95,154.76,150933.41
2025-11-07T15:00:00+00:00,154.77,155.62,153.29,155.14,91317.774
2025-11-07T15:15:00+00:00,155.14,155.29,154.13,154.64,66220.763
2025-11-07T15:30:00+00:00,154.63,154.97,153.68,153.92,38827.794
2025-11-07T15:45:00+00:00,153.93,156.27,153.88,155.42,55672.102
2025-11-07T16:00:00+00:00,155.42,155.71,154.4,154.55,44758.277
2025-11-07T16:15:00+00:00,154.55,157.68,154.55,157.48,70141.328
2025-11-07T16:30:00+00:00,157.47,158.13,156.64,157.56,66825.58
2025-11-07T16:45:00+00:00,157.56,157.78,156.48,157.29,61669.945
2025-11-07T17:00:00+00:00,157.28,159.2,156.51,159.07,66098.656
2025-11-07T17:15:00+00:00,159.06,161.23,158.96,161.11,180657.236
2025-11-07T17:30:00+00:00,161.1,161.52,160.31,160.95,78015.408
2025-11-07T17:45:00+00:00,160.95,161.24,160.02,161.16,59652.187
2025-11-07T18:00:00+00:00,161.17,162.23,160.91,161.7,52889.205
2025-11-07T18:15:00+00:00,161.71,162.61,160.97,162.49,48655.916
2025-11-07T18:30:00+00:00,162.48,162.97,161.92,162.6,45493.035
2025-11-07T18:45:00+00:00,162.61,162.72,161.75,162.11,59513.752
2025-11-07T19:00:00+00:00,162.12,163.04,161.52,162.95,46416.39
2025-11-07T19:15:00+00:00,162.95,163.5,162.8,162.92,32315.406
2025-11-07T19:30:00+00:00,162.93,164.15,162.92,164.07,59298.282
2025-11-07T19:45:00+00:00,164.08,164.48,163.27,164.17,47199.893
2025-11-07T20:00:00+00:00,164.17,164.41,163.36,163.58,49108.217
2025-11-07T20:15:00+00:00,163.59,163.75,161.84,162.7,129518.156
2025-11-07T20:30:00+00:00,162.7,163.96,162.7,163.83,29016.607
2025-11-07T20:45:00+00:00,163.82,163.86,163.04,163.36,30560.675
2025-11-07T21:00:00+00:00,163.35,163.61,162.68,163.23,57884.281
2025-11-07T21:15:00+00:00,163.23,163.82,163.23,163.47,20385.223
2025-11-07T21:30:00+00:00,163.48,163.67,163.17,163.58,22717.774
2025-11-07T21:45:00+00:00,163.58,163.66,163.28,163.52,11832.13
2025-11-07T22:00:00+00:00,163.51,163.91,162.8,162.97,33899.914
2025-11-07T22:15:00+00:00,162.98,163.63,162.98,163.61,21332.32
2025-11-07T22:30:00+00:00,163.62,163.67,162.76,162.89,18200.789
2025-11-07T22:45:00+00:00,162.9,163.48,162.83,163.22,15077.535
2025-11-07T23:00:00+00:00,163.23,163.27,162.61,162.73,36206.334
2025-11-07T23:15:00+00:00,162.74,162.97,161.95,162.01,44027.344
2025-11-07T23:30:00+00:00,162.02,162.56,161.98,162.1,17929.207
2025-11-07T23:45:00+00:00,162.11,162.37,161.61,161.79,30660.928
2025-11-08T00:00:00+00:00,161.8,162.14,161.43,162.03,35588.755
2025-11-08T00:15:00+00:00,162.04,162.52,161.42,161.56,34496.461
2025-11-08T00:30:00+00:00,161.56,161.74,160.59,161.5,35758.22
2025-11-08T00:45:00+00:00,161.5,162.6,160.81,160.88,25713.862
2025-11-08T01:00:00+00:00,160.87,162.29,160.82,161.77,28847.391
2025-11-08T01:15:00+00:00,161.77,162.48,161.76,162.38,24009.587
2025-11-08T01:30:00+00:00,162.37,162.37,161.63,161.78,19066.268
2025-11-08T01:45:00+00:00,161.77,162.08,161.48,162.04,27781.651
2025-11-08T02:00:00+00:00,162.04,162.86,161.93,162.62,18824.446
2025-11-08T02:15:00+00:00,162.62,163.54,162.59,163.42,41214.529
2025-11-08T02:30:00+00:00,163.43,164.44,163.25,164.11,51635.917
2025-11-08T02:45:00+00:00,164.12,164.24,163.26,163.41,32940.593
2025-11-08T03:00:00+00:00,163.41,164.89,163.36,164.1,53366.18
2025-11-08T03:15:00+00:00,164.09,164.44,163.75,163.83,47198.967
2025-11-08T03:30:00+00:00,163.84,164.04,162.94,163.29,29682.082
2025-11-08T03:45:00+00:00,163.28,163.59,162.48,162.52,40270.397
2025-11-08T04:00:00+00:00,162.52,163.23,162.51,163.18,16841.227
2025-11-08T04:15:00+00:00,163.17,163.56,162.57,162.62,17695.376
2025-11-08T04:30:00+00:00,162.62,163.66,162.51,163.4,24380.239
2025-11-08T04:45:00+00:00,163.39,163.56,162.64,162.71,9895.957
2025-11-08T05:00:00+00:00,162.72,163.08,161.85,162.06,19194.47
2025-11-08T05:15:00+00:00,162.05,162.27,161.75,162.06,12813.999
2025-11-08T05:30:00+00:00,162.06,162.2,161.19,161.42,29537.744
2025-11-08T05:45:00+00:00,161.42,161.68,161.03,161.37,20385.005
2025-11-08T06:00:00+00:00,161.37,161.62,160.16,160.23,46026.107
2025-11-08T06:15:00+00:00,160.23,161.45,160.22,161.25,20302.996
2025-11-08T06:30:00+00:00,161.25,161.89,160.98,161.62,11873.739
2025-11-08T06:45:00+00:00,161.62,161.97,161.07,161.14,13886.303
2025-11-08T07:00:00+00:00,161.14,161.2,160.69,160.88,14888.136
2025-11-08T07:15:00+00:00,160.88,161.08,159.58,160.19,52681.699
2025-11-08T07:30:00+00:00,160.2,160.59,159.93,160.45,24318.545
2025-11-08T07:45:00+00:00,160.44,161.11,160.37,161.06,12221.734
2025-11-08T08:00:00+00:00,161.05,161.67,160.77,161.14,25314.045
2025-11-08T08:15:00+00:00,161.14,161.78,160.3,161.48,35726.311
2025-11-08T08:30:00+00:00,161.48,161.99,161.44,161.8,17368.014
2025-11-08T08:45:00+00:00,161.79,162.07,161.56,161.56,15340.708
2025-11-08T09:00:00+00:00,161.57,161.57,161.08,161.26,27920.332
2025-11-08T09:15:00+00:00,161.26,162.13,161.15,162.01,13510.322
2025-11-08T09:30:00+00:00,162.0,162.34,161.87,161.93,13924.762
2025-11-08T09:45:00+00:00,161.93,162.0,161.0,161.13,27593.082
2025-11-08T10:00:00+00:00,161.13,161.17,160.68,160.68,12443.881
2025-11-08T10:15:00+00:00,160.69,161.25,160.52,161.11,19327.544
2025-11-08T10:30:00+00:00,161.1,161.17,160.66,160.78,26150.566
2025-11-08T10:45:00+00:00,160.79,161.13,160.79,160.82,14576.2
2025-11-08T11:00:00+00:00,160.83,161.17,160.47,161.12,15757.245
2025-11-08T11:15:00+00:00,161.12,161.18,160.7,161.01,30651.744
2025-11-08T11:30:00+00:00,161.0,161.01,159.42,159.57,55379.001
2025-11-08T11:45:00+00:00,159.56,159.96,159.01,159.39,70724.74
2025-11-08T12:00:00+00:00,159.39,159.7,158.78,158.85,34025.659
2025-11-08T12:15:00+00:00,158.86,159.7,158.86,159.51,21748.872
2025-11-08T12:30:00+00:00,159.52,159.69,159.11,159.13,15642.532
2025-11-08T12:45:00+00:00,159.12,159.56,159.0,159.43,13100.831
2025-11-08T13:00:00+00:00,159.44,159.48,158.34,159.1,48936.472
2025-11-08T13:15:00+00:00,159.1,159.35,158.72,159.15,21533.855
2025-11-08T13:30:00+00:00,159.14,159.42,158.39,159.18,27374.249
2025-11-08T13:45:00+00:00,159.17,159.23,158.12,158.21,29848.703
2025-11-08T14:00:00+00:00,158.22,158.53,157.18,157.31,61575.451
2025-11-08T14:15:00+00:00,157.31,157.65,156.8,157.38,56886.771
2025-11-08T14:30:00+00:00,157.37,158.18,157.3,157.66,35515.921
2025-11-08T14:45:00+00:00,157.65,158.0,157.45,157.67,20171.631
2025-11-08T15:00:00+00:00,157.67,157.83,157.12,157.32,33176.987
2025-11-08T15:15:00+00:00,157.32,157.56,156.08,156.57,65295.532
2025-11-08T15:30:00+00:00,156.56,156.86,155.9,156.24,58486.3
2025-11-08T15:45:00+00:00,156.25,156.81,156.04,156.65,29301.16
2025-11-08T16:00:00+00:00,156.65,157.19,155.8,157.03,38986.891
2025-11-08T16:15:00+00:00,157.02,157.28,156.24,156.94,51443.632
2025-11-08T16:30:00+00:00,156.94,157.38,156.69,156.79,19008.308
2025-11-08T16:45:00+00:00,156.79,156.96,156.13,156.76,24943.212
2025-11-08T17:00:00+00:00,156.75,156.87,156.03,156.33,20845.06
2025-11-08T17:15:00+00:00,156.34,157.37,156.34,157.11,18218.763
2025-11-08T17:30:00+00:00,157.11,157.56,156.95,157.48,13946.477
2025-11-08T17:45:00+00:00,157.47,157.69,157.2,157.6,18855.042
2025-11-08T18:00:00+00:00,157.59,157.75,157.25,157.62,13734.893
2025-11-08T18:15:00+00:00,157.63,157.64,156.94,157.18,9978.411
2025-11-08T18:30:00+00:00,157.18,157.89,157.18,157.78,23060.587
2025-11-08T18:45:00+00:00,157.78,158.18,157.76,157.96,30284.134
2025-11-08T19:00:00+00:00,157.95,158.04,157.69,157.87,21498.015
2025-11-08T19:15:00+00:00,157.87,157.91,156.22,156.65,32922.187
2025-11-08T19:30:00+00:00,156.66,157.43,156.35,157.38,17690.751
2025-11-08T19:45:00+00:00,157.37,157.54,157.08,157.36,20511.631
2025-11-08T20:00:00+00:00,157.36,157.75,157.22,157.32,18303.926
2025-11-08T20:15:00+00:00,157.32,157.93,157.24,157.9,13574.407
2025-11-08T20:30:00+00:00,157.91,158.15,157.84,158.1,29676.596
2025-11-08T20:45:00+00:00,158.1,158.28,157.38,157.69,44590.77
2025-11-08T21:00:00+00:00,157.69,157.91,157.6,157.69,12290.333
2025-11-08T21:15:00+00:00,157.69,158.07,157.69,157.96,6121.038
2025-11-08T21:30:00+00:00,157.97,158.2,157.71,158.13,9535.558
2025-11-08T21:45:00+00:00,158.14,158.26,157.92,158.05,12211.357
2025-11-08T22:00:00+00:00,158.05,158.05,157.7,157.9,8198.423
2025-11-08T22:15:00+00:00,157.89,158.11,157.62,158.04,8501.607
2025-11-08T22:30:00+00:00,158.04,158.04,157.62,157.72,12126.223
2025-11-08T22:45:00+00:00,157.72,158.4,157.71,158.02,9926.989
2025-11-08T23:00:00+00:00,158.02,158.14,157.85,158.1,10338.117
2025-11-08T23:15:00+00:00,158.09,158.33,157.95,158.27,13180.401
2025-11-08T23:30:00+00:00,158.27,158.44,158.12,158.33,22209.245
2025-11-08T23:45:00+00:00,158.33,158.39,157.98,158.02,8546.251
2025-11-10T14:00:00+00:00,169.72,169.73,168.01,168.06,37899.575
2025-11-10T14:15:00+00:00,168.05,168.71,167.8,168.36,42686.377
2025-11-10T14:30:00+00:00,168.37,168.52,167.44,167.75,108522.039
2025-11-10T14:45:00+00:00,167.75,167.84,165.26,166.15,111037.591
2025-11-10T15:00:00+00:00,166.15,166.91,165.84,165.91,57606.811
2025-11-10T15:15:00+00:00,165.92,166.6,165.56,166.48,35002.98
2025-11-10T15:30:00+00:00,166.49,167.28,166.15,167.05,41557.102
2025-11-10T15:45:00+00:00,167.04,167.04,165.2,166.26,173249.106
2025-11-10T16:00:00+00:00,166.26,167.06,165.53,166.67,111747.71
2025-11-10T16:15:00+00:00,166.66,166.94,165.84,166.1,33668.875
2025-11-10T16:30:00+00:00,166.1,166.52,165.5,165.68,44170.087
2025-11-10T16:45:00+00:00,165.68,166.48,165.25,166.11,78905.986
2025-11-10T17:00:00+00:00,166.1,167.03,165.95,166.5,27687.384
2025-11-10T17:15:00+00:00,166.5,167.19,166.47,166.83,22087.562
2025-11-10T17:30:00+00:00,166.83,168.24,166.8,168.15,50438.04
2025-11-10T17:45:00+00:00,168.15,168.49,167.51,167.84,26729.912
2025-11-10T18:00:00+00:00,167.83,168.12,166.59,166.7,37226.631
2025-11-10T18:15:00+00:00,166.71,167.18,166.46,166.79,22649.262
2025-11-10T18:30:00+00:00,166.8,167.15,166.63,166.94,25225.943
2025-11-10T18:45:00+00:00,166.93,167.06,165.66,165.66,28855.506
2025-11-10T19:00:00+00:00,165.66,166.82,165.63,166.81,32138.152
2025-11-10T19:15:00+00:00,166.81,166.85,166.2,166.37,14794.139
2025-11-10T19:30:00+00:00,166.36,167.16,165.6,166.81,24130.654
2025-11-10T19:45:00+00:00,166.82,167.68,166.81,167.19,18582.917
2025-11-10T20:00:00+00:00,167.19,167.88,167.04,167.72,18867.445
2025-11-10T20:15:00+00:00,167.73,167.75,167.0,167.09,42673.291
2025-11-10T20:30:00+00:00,167.1,168.23,166.85,168.09,22859.5
2025-11-10T20:45:00+00:00,168.09,168.41,167.5,167.85,29699.886
2025-11-10T21:00:00+00:00,167.85,167.87,166.07,166.38,22511.785
2025-11-10T21:15:00+00:00,166.38,166.45,165.86,166.17,19567.038
2025-11-10T21:30:00+00:00,166.17,166.51,165.81,166.18,20226.5
2025-11-10T21:45:00+00:00,166.19,166.3,164.81,165.52,37166.641
2025-11-10T22:00:00+00:00,165.52,166.32,165.14,165.43,15458.078
2025-11-10T22:15:00+00:00,165.42,166.27,165.35,166.08,33082.727
2025-11-10T22:30:00+00:00,166.08,166.53,166.01,166.36,39278.519
2025-11-10T22:45:00+00:00,166.36,167.8,166.29,167.64,31536.861
2025-11-10T23:00:00+00:00,167.64,167.88,167.28,167.65,20498.68
2025-11-10T23:15:00+00:00,167.66,168.06,167.48,167.84,17647.009
2025-11-10T23:30:00+00:00,167.84,167.99,167.2,167.69,11921.922
2025-11-10T23:45:00+00:00,167.69,168.1,167.19,167.31,16006.413
2025-11-11T00:00:00+00:00,167.31,167.61,166.5,166.93,19781.138
2025-11-11T00:15:00+00:00,166.94,167.57,166.6,166.84,14299.755
2025-11-11T00:30:00+00:00,166.83,167.28,166.23,166.26,17571.107
2025-11-11T00:45:00+00:00,166.25,167.59,166.0,167.51,19795.228
2025-11-11T01:00:00+00:00,167.5,167.91,167.26,167.91,19196.869
2025-11-11T01:15:00+00:00,167.91,171.0,167.9,168.89,133456.672
2025-11-11T01:30:00+00:00,168.9,169.0,166.63,167.5,68135.788
2025-11-11T01:45:00+00:00,167.5,168.33,167.01,167.41,35688.696
2025-11-11T02:00:00+00:00,167.41,167.93,166.25,167.78,43259.897
2025-11-11T02:15:00+00:00,167.79,168.64,167.31,168.64,24534.828
2025-11-11T02:30:00+00:00,168.65,170.93,168.59,170.53,99643.866
2025-11-11T02:45:00+00:00,170.53,171.0,169.75,170.28,47793.583
2025-11-11T03:00:00+00:00,170.28,171.63,170.11,171.55,85245.944
2025-11-11T03:15:00+00:00,171.54,171.94,170.85,170.86,53018.346
2025-11-11T03:30:00+00:00,170.85,170.91,169.54,169.63,37073.494
2025-11-11T03:45:00+00:00,169.62,170.2,169.5,169.97,35073.142
2025-11-11T04:00:00+00:00,169.97,170.11,168.91,168.98,32991.931
2025-11-11T04:15:00+00:00,168.97,169.35,168.58,168.7,26946.779
2025-11-11T04:30:00+00:00,168.7,169.03,167.7,167.93,53222.533
2025-11-11T04:45:00+00:00,167.92,167.95,166.57,166.92,83106.226
2025-11-11T05:00:00+00:00,166.92,166.93,165.0,165.2,201702.351
2025-11-11T05:15:00+00:00,165.21,165.94,165.04,165.9,50963.53
2025-11-11T05:30:00+00:00,165.9,165.94,165.22,165.43,33171.675
2025-11-11T05:45:00+00:00,165.43,165.9,165.06,165.16,33318.91
2025-11-11T06:00:00+00:00,165.16,165.29,163.57,164.31,123356.8
2025-11-11T06:15:00+00:00,164.3,165.06,164.28,164.76,41622.996
2025-11-11T06:30:00+00:00,164.75,165.32,164.72,164.73,37196.783
2025-11-11T06:45:00+00:00,164.74,165.19,163.8,164.95,89766.529
2025-11-11T07:00:00+00:00,164.95,165.2,164.5,165.14,45057.115
2025-11-11T07:15:00+00:00,165.15,165.22,164.34,165.0,28316.831
2025-11-11T07:30:00+00:00,165.0,165.15,164.22,164.63,14317.523
2025-11-11T07:45:00+00:00,164.63,164.94,163.87,163.98,27886.036
2025-11-11T08:00:00+00:00,163.98,164.93,163.6,164.52,27232.423
2025-11-11T08:15:00+00:00,164.53,164.75,164.0,164.03,24952.375
2025-11-11T08:30:00+00:00,164.02,164.46,163.82,164.37,19995.953
2025-11-11T08:45:00+00:00,164.37,164.5,163.96,164.01,23992.144
2025-11-11T09:00:00+00:00,164.01,164.97,163.77,163.78,35428.217
2025-11-11T09:15:00+00:00,163.78,164.17,163.15,164.11,37211.328
2025-11-11T09:30:00+00:00,164.12,164.55,163.89,163.92,22210.133
2025-11-11T09:45:00+00:00,163.92,164.26,163.84,164.02,25801.516
2025-11-11T10:00:00+00:00,164.02,164.38,163.25,163.78,27776.599
2025-11-11T10:15:00+00:00,163.79,164.34,162.7,163.27,196088.706
2025-11-11T10:30:00+00:00,163.28,163.67,162.82,163.61,24925.48
2025-11-11T10:45:00+00:00,163.61,163.77,163.32,163.77,12652.46
2025-11-11T11:00:00+00:00,163.78,164.58,163.78,164.54,24491.385
2025-11-11T11:15:00+00:00,164.54,164.55,163.64,163.85,32427.407
2025-11-11T11:30:00+00:00,163.84,164.27,163.79,164.19,14251.147
2025-11-11T11:45:00+00:00,164.18,164.3,163.0,163.69,27011.118
2025-11-11T12:00:00+00:00,163.69,164.37,163.38,163.7,20188.841
2025-11-11T12:15:00+00:00,163.69,163.84,163.1,163.32,18326.874
2025-11-11T12:30:00+00:00,163.31,163.59,163.0,163.05,22970.204
2025-11-11T12:45:00+00:00,163.04,163.62,162.56,163.34,52378.467
2025-11-11T13:00:00+00:00,163.34,163.96,163.34,163.76,15985.208
2025-11-11T13:15:00+00:00,163.76,163.85,162.87,163.16,24619.284
2025-11-11T13:30:00+00:00,163.17,163.62,163.09,163.29,13619.159
2025-11-11T13:45:00+00:00,163.29,163.8,162.29,162.81,44975.998
2025-11-11T14:00:00+00:00,162.8,163.03,161.87,162.31,84768.084
2025-11-11T14:15:00+00:00,162.31,163.28,162.17,162.96,64050.75
2025-11-11T14:30:00+00:00,162.97,163.03,162.07,162.15,33604.888
2025-11-11T14:45:00+00:00,162.16,163.0,160.91,163.0,204420.212
2025-11-11T15:00:00+00:00,162.99,162.99,161.53,161.95,132793.34
2025-11-11T15:15:00+00:00,161.94,162.35,160.96,161.23,225823.13
2025-11-11T15:30:00+00:00,161.22,161.43,160.39,160.82,70483.928
2025-11-11T15:45:00+00:00,160.82,161.1,160.0,160.89,151828.996
2025-11-11T16:00:00+00:00,160.88,161.22,160.01,160.68,140066.138
2025-11-11T16:15:00+00:00,160.69,160.92,160.13,160.24,27421.144
2025-11-11T16:30:00+00:00,160.25,160.78,159.7,160.56,50029.605
2025-11-11T16:45:00+00:00,160.56,161.02,160.44,160.64,20817.403
2025-11-11T17:00:00+00:00,160.64,161.04,160.29,160.3,25536.105
2025-11-11T17:15:00+00:00,160.3,160.43,159.63,159.78,66346.381
2025-11-11T17:30:00+00:00,159.77,159.96,158.25,159.05,73826.046
2025-11-11T17:45:00+00:00,159.05,159.62,158.77,159.51,28477.771
2025-11-11T18:00:00+00:00,159.5,159.8,158.74,158.94,22712.504
2025-11-11T18:15:00+00:00,158.95,159.11,158.37,158.73,16610.566
2025-11-11T18:30:00+00:00,158.72,159.28,158.71,159.08,21946.121
2025-11-11T18:45:00+00:00,159.09,159.48,158.93,158.96,16758.893
2025-11-11T19:00:00+00:00,158.96,158.96,157.66,157.95,56913.935
2025-11-11T19:15:00+00:00,157.95,158.65,157.95,158.59,19533.469
2025-11-11T19:30:00+00:00,158.59,158.69,157.89,158.03,18722.526
2025-11-11T19:45:00+00:00,158.03,158.36,157.42,157.58,23701.08
2025-11-11T20:00:00+00:00,157.59,157.64,156.76,157.2,33484.808
2025-11-11T20:15:00+00:00,157.19,157.87,156.94,157.36,20998.494
2025-11-11T20:30:00+00:00,157.36,157.36,156.5,156.56,39825.11
2025-11-11T20:45:00+00:00,156.57,156.9,156.27,156.77,42095.889
2025-11-11T21:00:00+00:00,156.78,157.23,156.62,157.11,26432.196
2025-11-11T21:15:00+00:00,157.11,157.4,156.86,157.09,33981.238
2025-11-11T21:30:00+00:00,157.09,157.09,155.92,156.04,62129.438
2025-11-11T21:45:00+00:00,156.05,156.49,155.64,156.08,32400.908
2025-11-11T22:00:00+00:00,156.08,156.61,155.52,156.46,29014.114
2025-11-11T22:15:00+00:00,156.46,156.98,156.02,156.76,49317.694
2025-11-11T22:30:00+00:00,156.76,156.98,156.52,156.86,26303.666
2025-11-11T22:45:00+00:00,156.86,157.27,156.6,156.68,35714.456
2025-11-11T23:00:00+00:00,156.69,156.74,156.0,156.54,22922.608
2025-11-11T23:15:00+00:00,156.55,156.93,155.74,155.93,33245.743
2025-11-11T23:30:00+00:00,155.94,155.94,154.77,155.11,80619.32
2025-11-11T23:45:00+00:00,155.11,155.15,153.93,154.63,70400.189
2025-11-12T00:00:00+00:00,154.63,155.32,153.59,154.11,83037.973
2025-11-12T00:15:00+00:00,154.12,155.08,154.0,154.77,35078.681
2025-11-12T00:30:00+00:00,154.77,154.95,154.0,154.45,49380.106
2025-11-12T00:45:00+00:00,154.46,154.81,153.68,153.83,25137.966
2025-11-12T01:00:00+00:00,153.84,154.92,153.66,154.81,32211.237
2025-11-12T01:15:00+00:00,154.8,155.52,154.53,154.97,45720.233
2025-11-12T01:30:00+00:00,154.98,155.44,154.86,155.09,47221.112
2025-11-12T01:45:00+00:00,155.1,155.56,154.91,155.42,23814.511
2025-11-12T02:00:00+00:00,155.41,155.58,155.08,155.34,27105.605
2025-11-12T02:15:00+00:00,155.34,155.53,154.5,154.77,65587.229
2025-11-12T02:30:00+00:00,154.78,154.79,153.73,154.08,34356.628
2025-11-12T02:45:00+00:00,154.08,154.58,153.8,154.3,21519.194
2025-11-12T03:00:00+00:00,154.31,154.4,153.96,154.26,21715.197
2025-11-12T03:15:00+00:00,154.26,154.71,154.01,154.67,22034.88
2025-11-12T03:30:00+00:00,154.68,155.0,154.46,154.92,30281.18
2025-11-12T03:45:00+00:00,154.92,154.98,154.51,154.57,23027.926
2025-11-12T04:00:00+00:00,154.58,154.97,154.29,154.96,18451.722
2025-11-12T04:15:00+00:00,154.95,155.05,154.62,154.64,19335.659
2025-11-12T04:30:00+00:00,154.65,154.69,154.23,154.33,11513.375
2025-11-12T04:45:00+00:00,154.33,154.96,154.2,154.95,14661.468
2025-11-12T05:00:00+00:00,154.96,155.35,154.91,155.16,24780.811
2025-11-12T05:15:00+00:00,155.15,155.73,155.1,155.54,26557.293
2025-11-12T05:30:00+00:00,155.54,156.06,155.18,156.04,107057.502
2025-11-12T05:45:00+00:00,156.05,156.06,155.4,155.48,76786.501
2025-11-12T06:00:00+00:00,155.48,155.97,155.35,155.77,51808.409
2025-11-12T06:15:00+00:00,155.77,156.43,155.68,156.24,48619.816
2025-11-12T06:30:00+00:00,156.23,156.49,156.0,156.03,17773.66
2025-11-12T06:45:00+00:00,156.03,156.44,155.92,155.93,36023.365
2025-11-12T07:00:00+00:00,155.93,156.57,155.7,156.38,15328.695
2025-11-12T07:15:00+00:00,156.39,156.49,155.92,156.12,15833.678
2025-11-12T07:30:00+00:00,156.11,156.43,155.79,156.13,11931.825
2025-11-12T07:45:00+00:00,156.14,156.17,154.83,155.02,47929.522
2025-11-12T08:00:00+00:00,155.03,155.46,155.0,155.37,13710.831
2025-11-12T08:15:00+00:00,155.38,156.73,155.37,156.73,21271.588
2025-11-12T08:30:00+00:00,156.73,157.79,156.45,157.34,51478.346
2025-11-12T08:45:00+00:00,157.34,158.14,157.33,158.0,173993.912
2025-11-12T09:00:00+00:00,158.0,158.71,157.78,158.64,60481.232
2025-11-12T09:15:00+00:00,158.64,158.95,158.32,158.39,63789.12
2025-11-12T09:30:00+00:00,158.39,158.41,157.7,158.19,53607.579
2025-11-12T09:45:00+00:00,158.18,158.2,157.9,158.07,16072.984
2025-11-12T10:00:00+00:00,158.08,159.0,157.99,158.96,31188.112
2025-11-12T10:15:00+00:00,158.97,159.41,158.59,159.33,35046.431
2025-11-12T10:30:00+00:00,159.33,160.0,159.26,159.54,84962.444
2025-11-12T10:45:00+00:00,159.54,160.47,159.53,160.29,52281.704
2025-11-12T11:00:00+00:00,160.29,161.14,160.07,160.59,63988.068
2025-11-12T11:15:00+00:00,160.6,160.82,159.92,159.94,41127.754
2025-11-12T11:30:00+00:00,159.94,160.13,159.48,159.69,34799.368
2025-11-12T11:45:00+00:00,159.69,160.13,159.65,160.03,15853.652
2025-11-12T12:00:00+00:00,160.03,160.45,159.5,160.3,25291.967
2025-11-12T12:15:00+00:00,160.29,160.77,159.43,159.62,85246.797
2025-11-12T12:30:00+00:00,159.62,159.69,159.09,159.27,62654.843
2025-11-12T12:45:00+00:00,159.26,159.97,159.25,159.85,15269.294
2025-11-12T13:00:00+00:00,159.84,159.87,159.27,159.47,21400.096
2025-11-12T13:15:00+00:00,159.48,160.05,158.85,159.94,36096.323
2025-11-12T13:30:00+00:00,159.95,160.8,159.74,160.66,25499.479
2025-11-12T13:45:00+00:00,160.66,161.04,160.48,160.57,29352.913
2025-11-12T14:00:00+00:00,160.58,160.86,160.01,160.86,21741.281
2025-11-12T14:15:00+00:00,160.86,161.06,160.38,160.45,21990.428
2025-11-12T14:30:00+00:00,160.44,160.47,159.42,159.78,51629.939
2025-11-12T14:45:00+00:00,159.78,160.23,157.12,158.57,164918.832
2025-11-12T15:00:00+00:00,158.57,159.57,158.12,158.32,45299.707
2025-11-12T15:15:00+00:00,158.32,158.68,157.16,157.5,56681.38
2025-11-12T15:30:00+00:00,157.5,158.11,155.91,156.4,98788.847
2025-11-12T15:45:00+00:00,156.39,156.67,155.23,155.73,86397.28
2025-11-12T16:00:00+00:00,155.73,156.21,152.42,153.26,188082.601
2025-11-12T16:15:00+00:00,153.26,153.92,152.17,153.02,103026.004
2025-11-12T16:30:00+00:00,153.01,154.59,152.44,153.6,73606.135
2025-11-12T16:45:00+00:00,153.6,154.0,152.58,152.79,52057.499
2025-11-12T17:00:00+00:00,152.8,153.21,152.38,152.71,52499.594
2025-11-12T17:15:00+00:00,152.71,153.58,152.38,153.52,63370.488
2025-11-12T17:30:00+00:00,153.52,154.84,153.22,153.61,52511.025
2025-11-12T17:45:00+00:00,153.62,153.72,153.12,153.34,24405.464
2025-11-12T18:00:00+00:00,153.33,153.92,153.04,153.38,45202.686
2025-11-12T18:15:00+00:00,153.37,154.14,153.26,153.5,29181.448
2025-11-12T18:30:00+00:00,153.51,154.21,153.33,153.96,21993.056
2025-11-12T18:45:00+00:00,153.96,154.01,152.78,152.78,37844.916
2025-11-12T19:00:00+00:00,152.78,152.9,151.44,151.86,105027.445
2025-11-12T19:15:00+00:00,151.86,152.34,151.57,151.98,38527.49
2025-11-12T19:30:00+00:00,151.98,153.76,151.2,153.19,93242.71
2025-11-12T19:45:00+00:00,153.19,153.52,152.85,153.05,29724.416
2025-11-12T20:00:00+00:00,153.04,153.31,152.54,152.96,29438.086
2025-11-12T20:15:00+00:00,152.96,154.28,152.83,154.07,26814.355
2025-11-12T20:30:00+00:00,154.07,154.68,153.56,153.95,27522.801
2025-11-12T20:45:00+00:00,153.95,153.98,153.57,153.75,23421.661
2025-11-12T21:00:00+00:00,153.76,154.31,153.45,154.03,26285.134
2025-11-12T21:15:00+00:00,154.02,154.11,153.34,153.5,14648.662
2025-11-12T21:30:00+00:00,153.49,154.15,153.47,154.12,9613.945
2025-11-12T21:45:00+00:00,154.11,154.16,153.71,154.13,12019.297
2025-11-12T22:00:00+00:00,154.13,154.14,152.72,152.9,26242.474
2025-11-12T22:15:00+00:00,152.9,153.57,152.76,153.11,19481.589
2025-11-12T22:30:00+00:00,153.11,153.49,152.88,153.45,14841.26
2025-11-12T22:45:00+00:00,153.46,153.9,153.46,153.89,17959.601
2025-11-12T23:00:00+00:00,153.88,153.9,152.84,153.23,18945.099
2025-11-12T23:15:00+00:00,153.22,153.76,153.15,153.29,19017.011
2025-11-12T23:30:00+00:00,153.29,153.52,152.91,153.23,35429.438
2025-11-12T23:45:00+00:00,153.24,153.44,153.0,153.42,13686.587
2025-11-13T00:00:00+00:00,153.43,153.89,153.26,153.5,12307.147
2025-11-13T00:15:00+00:00,153.49,154.02,152.93,153.05,34686.058
2025-11-13T00:30:00+00:00,153.05,154.4,152.41,152.96,51568.61
2025-11-13T00:45:00+00:00,152.97,153.36,152.57,153.01,24596.276
2025-11-13T01:00:00+00:00,153.01,154.48,152.77,153.97,47645.096
2025-11-13T01:15:00+00:00,153.96,154.18,152.27,152.89,58215.763
2025-11-13T01:30:00+00:00,152.9,153.81,152.69,153.64,31719.226
2025-11-13T01:45:00+00:00,153.64,153.74,152.36,152.75,26901.757
2025-11-13T02:00:00+00:00,152.75,153.22,152.65,152.88,19642.733
2025-11-13T02:15:00+00:00,152.87,153.3,152.45,152.48,13782.626
2025-11-13T02:30:00+00:00,152.48,153.39,152.41,153.06,21502.906
2025-11-13T02:45:00+00:00,153.06,153.25,152.63,152.9,19063.344
2025-11-13T03:00:00+00:00,152.9,153.06,151.63,151.67,42263.693
2025-11-13T03:15:00+00:00,151.66,153.99,150.42,153.96,132531.673
2025-11-13T03:30:00+00:00,153.95,155.24,153.88,154.67,68782.206
2025-11-13T03:45:00+00:00,154.67,155.78,154.33,154.33,69107.056
2025-11-13T04:00:00+00:00,154.33,154.46,153.4,154.32,45661.27
2025-11-13T04:15:00+00:00,154.32,154.93,153.75,154.39,49477.262
2025-11-13T04:30:00+00:00,154.4,154.56,153.8,154.32,26815.909
2025-11-13T04:45:00+00:00,154.31,154.62,153.65,154.3,33239.88
2025-11-13T05:00:00+00:00,154.3,154.3,153.77,153.91,33890.47
2025-11-13T05:15:00+00:00,153.92,154.55,153.89,154.52,24745.305
2025-11-13T05:30:00+00:00,154.52,155.49,154.34,155.4,31390.55
2025-11-13T05:45:00+00:00,155.4,156.8,155.34,156.14,64526.503
2025-11-13T06:00:00+00:00,156.14,156.76,155.72,156.43,53354.801
2025-11-13T06:15:00+00:00,156.43,157.07,156.37,156.87,67381.613
2025-11-13T06:30:00+00:00,156.87,157.12,156.5,156.73,33917.686
2025-11-13T06:45:00+00:00,156.72,157.07,156.6,156.72,25317.428
2025-11-13T07:00:00+00:00,156.73,156.93,156.31,156.84,37226.905
2025-11-13T07:15:00+00:00,156.83,157.18,156.51,156.89,19897.266
2025-11-13T07:30:00+00:00,156.89,157.2,155.71,155.92,43410.579
2025-11-13T07:45:00+00:00,155.92,155.93,154.86,155.31,70620.134
2025-11-13T08:00:00+00:00,155.3,155.96,154.92,155.68,20803.777
2025-11-13T08:15:00+00:00,155.69,156.25,155.68,156.19,14241.444
2025-11-13T08:30:00+00:00,156.19,156.49,156.1,156.26,13575.161
2025-11-13T08:45:00+00:00,156.27,156.35,155.79,155.93,21716.499
2025-11-13T09:00:00+00:00,155.94,156.06,153.86,154.54,56588.418
2025-11-13T09:15:00+00:00,154.53,155.38,154.29,155.01,25191.947
2025-11-13T09:30:00+00:00,155.01,155.48,154.89,155.32,16543.347
2025-11-13T09:45:00+00:00,155.33,155.39,154.6,155.01,20686.694
2025-11-13T10:00:00+00:00,155.02,155.33,154.91,155.16,19802.89
2025-11-13T10:15:00+00:00,155.17,156.17,155.13,155.81,29892.586
2025-11-13T10:30:00+00:00,155.8,155.8,154.88,155.29,40422.511
2025-11-13T10:45:00+00:00,155.28,155.5,155.07,155.43,15874.752
2025-11-13T11:00:00+00:00,155.43,156.14,155.42,156.13,31944.427
2025-11-13T11:15:00+00:00,156.13,156.37,155.7,156.16,34709.235
2025-11-13T11:30:00+00:00,156.15,156.5,155.8,156.44,27561.205
2025-11-13T11:45:00+00:00,156.44,156.49,156.13,156.3,27717.068
2025-11-13T12:00:00+00:00,156.3,156.64,155.78,155.87,50182.231
2025-11-13T12:15:00+00:00,155.87,156.5,155.83,156.3,25142.867
2025-11-13T12:30:00+00:00,156.3,156.96,156.3,156.64,26104.084
2025-11-13T12:45:00+00:00,156.64,156.89,156.2,156.43,23779.606
2025-11-13T13:00:00+00:00,156.44,156.55,155.99,156.12,20257.323
2025-11-13T13:15:00+00:00,156.12,156.3,154.83,155.14,65704.64
2025-11-13T13:30:00+00:00,155.15,155.24,153.8,154.17,89129.535
2025-11-13T13:45:00+00:00,154.17,154.65,153.66,153.82,34121.377
2025-11-13T14:00:00+00:00,153.83,154.09,153.08,153.22,45414.915
2025-11-13T14:15:00+00:00,153.21,154.0,153.16,153.84,27421.565
2025-11-13T14:30:00+00:00,153.85,153.97,152.26,152.81,94953.744
2025-11-13T14:45:00+00:00,152.81,156.71,152.61,155.3,144723.485
2025-11-13T15:00:00+00:00,155.3,155.69,153.73,155.6,73753.265
2025-11-13T15:15:00+00:00,155.61,155.84,153.4,153.75,43459.833
2025-11-13T15:30:00+00:00,153.75,153.8,152.71,153.15,53221.487
2025-11-13T15:45:00+00:00,153.15,153.24,152.51,153.13,45308.271
2025-11-13T16:00:00+00:00,153.12,153.41,152.5,152.93,57311.259
2025-11-13T16:15:00+00:00,152.94,153.05,151.61,152.14,83540.955
2025-11-13T16:30:00+00:00,152.13,152.64,151.01,151.44,76688.729
2025-11-13T16:45:00+00:00,151.44,151.83,150.73,151.1,49454.509
2025-11-13T17:00:00+00:00,151.1,151.26,150.05,150.34,72100.011
2025-11-13T17:15:00+00:00,150.33,151.18,149.9,150.19,87522.081
2025-11-13T17:30:00+00:00,150.18,150.52,148.01,148.26,126609.427
2025-11-13T17:45:00+00:00,148.26,148.81,146.7,147.09,154833.12
2025-11-13T18:00:00+00:00,147.09,147.77,146.14,146.63,78372.043
2025-11-13T18:15:00+00:00,146.63,147.2,145.98,146.66,127864.056
2025-11-13T18:30:00+00:00,146.65,146.69,144.52,145.66,153004.295
2025-11-13T18:45:00+00:00,145.67,146.0,144.55,145.43,77354.778
2025-11-13T19:00:00+00:00,145.43,146.34,144.71,144.74,79041.12
2025-11-13T19:15:00+00:00,144.75,145.62,143.16,145.28,128166.281
2025-11-13T19:30:00+00:00,145.28,145.42,143.18,144.17,96965.618
2025-11-13T19:45:00+00:00,144.17,144.27,142.04,142.73,152065.726
2025-11-13T20:00:00+00:00,142.73,142.73,141.39,142.11,95802.513
2025-11-13T20:15:00+00:00,142.11,142.27,141.04,142.06,78322.243
2025-11-13T20:30:00+00:00,142.06,143.28,141.67,142.68,105465.538
2025-11-13T20:45:00+00:00,142.67,142.87,142.08,142.73,95601.285
2025-11-13T21:00:00+00:00,142.74,143.72,142.5,142.68,67761.887
2025-11-13T21:15:00+00:00,142.68,142.69,141.27,141.65,68517.611
2025-11-13T21:30:00+00:00,141.64,142.09,141.38,141.84,67017.749
2025-11-13T21:45:00+00:00,141.83,142.46,141.57,142.1,45986.773
2025-11-13T22:00:00+00:00,142.1,143.5,141.75,143.27,80909.829
2025-11-13T22:15:00+00:00,143.28,144.09,142.73,143.92,56550.831
2025-11-13T22:30:00+00:00,143.92,144.84,143.64,144.36,59455.406
2025-11-13T22:45:00+00:00,144.37,144.7,144.0,144.59,30773.974
2025-11-13T23:00:00+00:00,144.58,144.83,143.91,144.74,37892.907
2025-11-13T23:15:00+00:00,144.73,145.75,144.64,145.51,122526.714
2025-11-13T23:30:00+00:00,145.52,146.25,145.37,146.03,76065.535
2025-11-13T23:45:00+00:00,146.02,146.06,144.42,144.73,113504.974
2025-11-14T00:00:00+00:00,144.74,145.26,144.17,144.91,55453.625
2025-11-14T00:15:00+00:00,144.91,144.92,143.46,144.21,92914.609
2025-11-14T00:30:00+00:00,144.21,144.81,143.69,144.09,56705.651
2025-11-14T00:45:00+00:00,144.08,144.28,142.94,143.33,67286.868
2025-11-14T01:00:00+00:00,143.33,143.71,142.8,143.47,38089.04
2025-11-14T01:15:00+00:00,143.48,144.3,143.05,143.66,45173.086
2025-11-14T01:30:00+00:00,143.67,144.59,143.46,144.03,51748.885
2025-11-14T01:45:00+00:00,144.04,144.33,143.57,143.68,59133.707
2025-11-14T02:00:00+00:00,143.68,144.91,143.65,144.72,41808.375
2025-11-14T02:15:00+00:00,144.73,145.56,144.73,145.36,25253.85
2025-11-14T02:30:00+00:00,145.36,145.68,145.08,145.42,21020.122
2025-11-14T02:45:00+00:00,145.43,145.56,144.57,145.32,16537.615
2025-11-14T03:00:00+00:00,145.32,145.58,144.87,144.95,21461.039
2025-11-14T03:15:00+00:00,144.95,144.96,144.22,144.68,26810.741
2025-11-14T03:30:00+00:00,144.67,144.87,143.89,144.06,39086.118
2025-11-14T03:45:00+00:00,144.06,144.42,143.65,144.28,31216.746
2025-11-14T04:00:00+00:00,144.27,144.37,143.15,143.28,64264.571
2025-11-14T04:15:00+00:00,143.28,143.84,143.2,143.62,23038.545
2025-11-14T04:30:00+00:00,143.63,143.65,138.71,141.16,432604.787
2025-11-14T04:45:00+00:00,141.17,142.31,140.74,141.93,155815.796
2025-11-14T05:00:00+00:00,141.94,143.09,141.43,141.52,72751.361
2025-11-14T05:15:00+00:00,141.53,142.85,141.5,142.19,50665.838
2025-11-14T05:30:00+00:00,142.18,142.85,141.44,142.65,70638.62
2025-11-14T05:45:00+00:00,142.65,143.66,142.43,143.18,35274.082
2025-11-14T06:00:00+00:00,143.18,143.27,142.26,142.51,31417.242
2025-11-14T06:15:00+00:00,142.51,142.56,141.32,141.74,49481.14
2025-11-14T06:30:00+00:00,141.74,141.96,140.69,141.0,74904.94
2025-11-14T06:45:00+00:00,140.99,144.12,140.0,143.94,127405.535
2025-11-14T07:00:00+00:00,143.94,144.48,142.42,143.6,91479.877
2025-11-14T07:15:00+00:00,143.6,144.09,143.32,144.03,58325.901
2025-11-14T07:30:00+00:00,144.02,144.15,142.39,142.77,46472.61
2025-11-14T07:45:00+00:00,142.77,143.91,142.61,142.85,48098.245
2025-11-14T08:00:00+00:00,142.85,142.96,141.84,141.86,45283.655
2025-11-14T08:15:00+00:00,141.86,142.82,141.41,141.82,34205.812
2025-11-14T08:30:00+00:00,141.81,142.5,141.6,142.17,34220.393
2025-11-14T08:45:00+00:00,142.17,142.6,141.4,142.49,36107.607
2025-11-14T09:00:00+00:00,142.48,143.19,142.28,142.76,46406.763
2025-11-14T09:15:00+00:00,142.76,142.76,141.66,141.94,28676.095
2025-11-14T09:30:00+00:00,141.93,142.12,140.78,141.56,50418.257
2025-11-14T09:45:00+00:00,141.56,141.58,140.51,140.93,47376.174
2025-11-14T10:00:00+00:00,140.93,141.64,140.84,141.33,37170.252
2025-11-14T10:15:00+00:00,141.34,142.04,141.18,141.64,29203.944
2025-11-14T10:30:00+00:00,141.63,142.91,141.41,142.43,39821.811
2025-11-14T10:45:00+00:00,142.42,142.58,141.76,141.95,30591.006
2025-11-14T11:00:00+00:00,141.95,142.2,140.79,140.99,51824.608
2025-11-14T11:15:00+00:00,140.99,141.74,140.71,141.1,52286.886
2025-11-14T11:30:00+00:00,141.1,141.24,139.84,140.76,112575.604
2025-11-14T11:45:00+00:00,140.77,140.93,139.84,140.77,93336.068
2025-11-14T12:00:00+00:00,140.76,140.76,138.89,138.99,87813.676
2025-11-14T12:15:00+00:00,139.0,139.16,138.07,138.62,102684.957
2025-11-14T12:30:00+00:00,138.61,139.0,135.76,136.38,293692.785
2025-11-14T12:45:00+00:00,136.37,139.14,136.24,138.72,165391.204
2025-11-14T13:00:00+00:00,138.72,139.78,137.91,138.09,138396.631
2025-11-14T13:15:00+00:00,138.1,138.41,136.72,137.27,129890.278
2025-11-14T13:30:00+00:00,137.28,137.78,135.95,136.72,144953.135
2025-11-14T13:45:00+00:00,136.73,139.3,136.61,138.95,133534.281
2025-11-14T14:00:00+00:00,138.95,139.9,138.44,138.65,107788.197
2025-11-14T14:15:00+00:00,138.65,139.69,138.62,138.75,64403.924
2025-11-14T14:30:00+00:00,138.75,142.62,137.54,142.08,260491.211
2025-11-14T14:45:00+00:00,142.07,142.85,141.6,142.21,142075.554
2025-11-14T15:00:00+00:00,142.21,142.22,140.54,140.79,89356.463
2025-11-14T15:15:00+00:00,140.8,142.15,140.21,141.69,63877.775
2025-11-14T15:30:00+00:00,141.69,142.35,141.08,142.32,75671.453
2025-11-14T15:45:00+00:00,142.31,143.76,142.01,142.23,107270.583
2025-11-14T16:00:00+00:00,142.23,142.66,141.57,142.36,46031.89
2025-11-14T16:15:00+00:00,142.36,144.2,142.04,143.49,86021.753
2025-11-14T16:30:00+00:00,143.49,144.22,143.07,143.21,71594.363
2025-11-14T16:45:00+00:00,143.21,144.07,142.83,143.42,82651.1
2025-11-14T17:00:00+00:00,143.42,143.95,143.2,143.41,39172.588
2025-11-14T17:15:00+00:00,143.41,143.5,142.29,142.52,32721.843
2025-11-14T17:30:00+00:00,142.53,142.55,141.85,141.88,29553.493
2025-11-14T17:45:00+00:00,141.89,142.05,140.57,141.42,64121.936
2025-11-14T18:00:00+00:00,141.42,142.92,141.03,142.73,30995.139
2025-11-14T18:15:00+00:00,142.74,142.84,141.6,142.23,32005.788
2025-11-14T18:30:00+00:00,142.22,142.42,140.82,141.03,31205.827
2025-11-14T18:45:00+00:00,141.03,141.37,140.7,141.29,33489.325
2025-11-14T19:00:00+00:00,141.29,142.93,140.96,142.65,49323.326
2025-11-14T19:15:00+00:00,142.64,143.59,142.47,142.74,30894.843
2025-11-14T19:30:00+00:00,142.74,142.75,142.25,142.45,13726.57
2025-11-14T19:45:00+00:00,142.45,143.16,142.29,143.14,11929.769
2025-11-14T20:00:00+00:00,143.14,143.24,142.53,142.69,16158.449
2025-11-14T20:15:00+00:00,142.7,142.91,141.77,141.84,29332.986
2025-11-14T20:30:00+00:00,141.84,142.22,139.59,139.87,51975.549
2025-11-14T20:45:00+00:00,139.86,140.19,139.29,139.63,44398.648
2025-11-14T21:00:00+00:00,139.64,141.22,139.1,140.82,42183.801
2025-11-14T21:15:00+00:00,140.82,141.23,140.28,140.45,26967.014
2025-11-14T21:30:00+00:00,140.44,140.79,140.2,140.75,19252.989
2025-11-14T21:45:00+00:00,140.75,140.89,140.33,140.66,21912.125
2025-11-14T22:00:00+00:00,140.66,141.29,139.91,139.97,24954.71
2025-11-14T22:15:00+00:00,139.98,140.87,139.63,140.82,24633.964
2025-11-14T22:30:00+00:00,140.81,141.8,140.72,141.24,17510.029
2025-11-14T22:45:00+00:00,141.25,141.5,139.89,140.32,15273.303
2025-11-14T23:00:00+00:00,140.33,140.33,137.2,138.95,72276.027
2025-11-14T23:15:00+00:00,138.94,139.49,138.19,138.48,28803.955
2025-11-14T23:30:00+00:00,138.49,139.21,138.12,139.14,34410.41
2025-11-14T23:45:00+00:00,139.14,139.6,138.53,138.92,21805.426
2025-11-15T00:00:00+00:00,138.93,140.76,138.75,140.54,36443.756
2025-11-15T00:15:00+00:00,140.55,141.31,140.38,140.96,33340.352
2025-11-15T00:30:00+00:00,140.95,140.96,140.08,140.51,18150.079
2025-11-15T00:45:00+00:00,140.52,141.16,139.97,141.11,16204.512
2025-11-15T01:00:00+00:00,141.11,141.2,140.27,140.95,19066.827
2025-11-15T01:15:00+00:00,140.95,141.51,140.72,141.17,26396.221
2025-11-15T01:30:00+00:00,141.17,141.52,141.03,141.43,27849.906
2025-11-15T01:45:00+00:00,141.42,142.35,141.23,142.03,48562.425
2025-11-15T02:00:00+00:00,142.02,142.41,141.59,142.14,23379.248
2025-11-15T02:15:00+00:00,142.14,142.6,141.98,142.47,37658.994
2025-11-15T02:30:00+00:00,142.46,142.8,142.0,142.78,43275.146
2025-11-15T02:45:00+00:00,142.77,143.18,142.38,143.1,50701.784
2025-11-15T03:00:00+00:00,143.09,143.28,142.7,143.14,20175.342
2025-11-15T03:15:00+00:00,143.14,143.35,142.97,143.05,34816.627
2025-11-15T03:30:00+00:00,143.04,143.04,142.43,142.93,29449.282
2025-11-15T03:45:00+00:00,142.94,142.97,142.49,142.53,20390.086
2025-11-15T04:00:00+00:00,142.54,142.77,142.25,142.65,15893.852
2025-11-15T04:15:00+00:00,142.64,143.1,142.21,142.26,29994.545
2025-11-15T04:30:00+00:00,142.26,142.28,141.88,141.89,19333.777
2025-11-15T04:45:00+00:00,141.89,142.57,141.81,142.4,13079.117
2025-11-15T05:00:00+00:00,142.4,142.8,142.32,142.45,14565.763
2025-11-15T05:15:00+00:00,142.46,142.97,142.45,142.72,15607.353
2025-11-15T05:30:00+00:00,142.72,142.9,142.58,142.81,25025.761
2025-11-15T05:45:00+00:00,142.81,143.18,142.66,142.83,28105.997
2025-11-15T06:00:00+00:00,142.84,143.0,142.44,142.86,21512.782
2025-11-15T06:15:00+00:00,142.85,143.43,142.77,143.22,23317.134
2025-11-15T06:30:00+00:00,143.23,143.59,142.66,142.7,19728.873
2025-11-15T06:45:00+00:00,142.69,143.04,142.35,142.66,32272.665
2025-11-15T07:00:00+00:00,142.67,143.03,142.33,142.9,16843.752
2025-11-15T07:15:00+00:00,142.89,143.37,142.66,143.23,19681.209
2025-11-15T07:30:00+00:00,143.24,143.25,142.46,142.56,15320.384
2025-11-15T07:45:00+00:00,142.56,142.8,142.34,142.76,10770.17
2025-11-15T08:00:00+00:00,142.75,142.84,142.1,142.21,20899.957
2025-11-15T08:15:00+00:00,142.2,142.22,141.35,141.59,28680.017
2025-11-15T08:30:00+00:00,141.59,142.09,141.14,141.25,16862.827
2025-11-15T08:45:00+00:00,141.26,141.33,140.5,140.79,25890.734
2025-11-15T09:00:00+00:00,140.79,141.34,140.51,141.31,49699.783
2025-11-15T09:15:00+00:00,141.31,141.6,140.86,141.43,26675.848
2025-11-15T09:30:00+00:00,141.43,141.7,141.25,141.53,18215.879
2025-11-15T09:45:00+00:00,141.52,141.52,140.68,140.95,16199.113
2025-11-15T10:00:00+00:00,140.95,141.39,140.73,140.95,24022.298
2025-11-15T10:15:00+00:00,140.96,141.37,140.59,141.09,35999.347
2025-11-15T10:30:00+00:00,141.09,141.35,140.71,141.34,17644.688
2025-11-15T10:45:00+00:00,141.34,141.41,141.18,141.22,8652.189
2025-11-15T11:00:00+00:00,141.23,141.39,140.8,141.02,13758.78
2025-11-15T11:15:00+00:00,141.01,141.09,140.64,140.91,12428.047
2025-11-15T11:30:00+00:00,140.91,140.95,140.4,140.47,25895.19
2025-11-15T11:45:00+00:00,140.47,140.47,139.97,140.22,17230.294
2025-11-15T12:00:00+00:00,140.21,140.53,139.98,140.53,18427.522
2025-11-15T12:15:00+00:00,140.53,140.94,140.33,140.77,12850.148
2025-11-15T12:30:00+00:00,140.78,140.93,140.19,140.29,14586.786
2025-11-15T12:45:00+00:00,140.29,141.02,140.19,140.89,17762.619
2025-11-15T13:00:00+00:00,140.89,141.48,140.61,141.28,24724.849
2025-11-15T13:15:00+00:00,141.28,141.95,141.2,141.8,27755.923
2025-11-15T13:30:00+00:00,141.8,141.85,141.25,141.26,28634.587
2025-11-15T13:45:00+00:00,141.27,141.95,141.0,141.66,52889.386
2025-11-15T14:00:00+00:00,141.66,141.72,141.43,141.66,18369.723
2025-11-15T14:15:00+00:00,141.66,141.75,140.92,141.07,20968.348
2025-11-15T14:30:00+00:00,141.06,141.38,140.76,141.09,16691.824
2025-11-15T14:45:00+00:00,141.1,141.54,140.84,141.49,15884.902
2025-11-15T15:00:00+00:00,141.49,142.0,141.25,141.96,21942.522
2025-11-15T15:15:00+00:00,141.96,142.26,141.55,141.91,25935.384
2025-11-15T15:30:00+00:00,141.92,141.93,141.41,141.58,17195.839
2025-11-15T15:45:00+00:00,141.57,142.04,141.55,141.72,10740.383
2025-11-15T16:00:00+00:00,141.72,141.81,140.81,141.32,30902.556
2025-11-15T16:15:00+00:00,141.32,141.58,140.94,141.21,24912.346
2025-11-15T16:30:00+00:00,141.2,142.14,141.09,142.05,26368.183
2025-11-15T16:45:00+00:00,142.05,142.84,141.9,142.76,36988.579
2025-11-15T17:00:00+00:00,142.77,143.06,142.53,142.75,39522.739
2025-11-15T17:15:00+00:00,142.75,144.69,142.54,143.09,79113.877
2025-11-15T17:30:00+00:00,143.1,143.41,142.84,143.12,48788.952
2025-11-15T17:45:00+00:00,143.13,143.51,143.02,143.44,28319.482
2025-11-15T18:00:00+00:00,143.43,143.45,142.96,143.21,24355.205
2025-11-15T18:15:00+00:00,143.21,143.24,142.38,142.49,39550.336
2025-11-15T18:30:00+00:00,142.49,142.81,142.35,142.72,11829.979
2025-11-15T18:45:00+00:00,142.72,142.78,142.19,142.5,10723.514
2025-11-15T19:00:00+00:00,142.5,142.9,142.4,142.87,9198.144
2025-11-15T19:15:00+00:00,142.87,142.92,142.42,142.56,10089.651
2025-11-15T19:30:00+00:00,142.56,142.56,142.28,142.46,7975.206
2025-11-15T19:45:00+00:00,142.46,142.5,141.72,141.77,22922.332
2025-11-15T20:00:00+00:00,141.78,141.96,141.54,141.96,7434.944
2025-11-15T20:15:00+00:00,141.95,141.95,140.9,141.01,33838.711
2025-11-15T20:30:00+00:00,141.0,141.12,140.66,140.87,16489.947
2025-11-15T20:45:00+00:00,140.88,141.29,140.13,140.43,34528.607
2025-11-15T21:00:00+00:00,140.43,140.83,140.28,140.49,16865.233
2025-11-15T21:15:00+00:00,140.49,140.69,140.01,140.09,24938.101
2025-11-15T21:30:00+00:00,140.09,140.1,138.92,139.06,45757.155
2025-11-15T21:45:00+00:00,139.05,139.23,138.61,138.98,23712.045
2025-11-15T22:00:00+00:00,138.98,139.62,138.65,139.51,40248.849
2025-11-15T22:15:00+00:00,139.5,140.02,139.25,139.82,28146.769
2025-11-15T22:30:00+00:00,139.82,139.99,138.69,139.51,34049.357
2025-11-15T22:45:00+00:00,139.5,139.98,139.35,139.85,11103.613
2025-11-15T23:00:00+00:00,139.85,139.89,139.63,139.78,16386.415
2025-11-15T23:15:00+00:00,139.77,140.09,139.68,139.92,15215.305
2025-11-15T23:30:00+00:00,139.92,140.2,139.78,139.8,17081.899
2025-11-15T23:45:00+00:00,139.8,140.01,139.47,139.61,23090.534
2025-11-16T00:00:00+00:00,139.6,139.79,139.01,139.22,26321.814
2025-11-16T00:15:00+00:00,139.21,139.22,138.79,138.93,17149.266
2025-11-16T00:30:00+00:00,138.93,139.33,138.63,139.31,16669.9
2025-11-16T00:45:00+00:00,139.3,139.66,139.19,139.25,25596.481
2025-11-16T01:00:00+00:00,139.24,139.53,138.29,139.49,32416.745
2025-11-16T01:15:00+00:00,139.48,139.49,138.73,139.07,23328.472
2025-11-16T01:30:00+00:00,139.08,139.23,137.63,137.91,52424.842
2025-11-16T01:45:00+00:00,137.91,138.93,137.39,138.78,27763.858
2025-11-16T02:00:00+00:00,138.78,139.5,138.45,139.05,20942.602
2025-11-16T02:15:00+00:00,139.06,140.34,139.06,140.3,31068.871
2025-11-16T02:30:00+00:00,140.3,140.49,139.92,140.44,25652.901
2025-11-16T02:45:00+00:00,140.44,140.86,140.16,140.85,20282.007
2025-11-16T03:00:00+00:00,140.86,140.86,140.28,140.45,22599.113
2025-11-16T03:15:00+00:00,140.45,141.47,140.44,141.19,26850.723
2025-11-16T03:30:00+00:00,141.2,141.33,140.95,141.2,23865.109
2025-11-16T03:45:00+00:00,141.19,141.52,141.01,141.43,16164.61
2025-11-16T04:00:00+00:00,141.43,141.63,141.12,141.33,15017.042
2025-11-16T04:15:00+00:00,141.32,141.55,141.02,141.17,11050.594
2025-11-16T04:30:00+00:00,141.17,141.23,140.73,140.98,15326.536
2025-11-16T04:45:00+00:00,140.97,141.37,140.86,141.36,9573.786
2025-11-16T05:00:00+00:00,141.36,142.07,141.27,142.03,19010.869
2025-11-16T05:15:00+00:00,142.02,142.22,141.38,141.71,31965.37
2025-11-16T05:30:00+00:00,141.71,141.75,141.43,141.53,11314.163
2025-11-16T05:45:00+00:00,141.54,141.78,141.31,141.46,15330.932
2025-11-16T06:00:00+00:00,141.46,142.17,141.33,142.01,13243.763
2025-11-16T06:15:00+00:00,142.02,142.13,141.82,142.01,10540.421
2025-11-16T06:30:00+00:00,142.0,142.13,141.87,141.95,12256.296
2025-11-16T06:45:00+00:00,141.94,142.17,141.57,141.68,12225.525
2025-11-16T07:00:00+00:00,141.69,142.01,141.54,141.64,13845.327
2025-11-16T07:15:00+00:00,141.63,141.74,141.21,141.38,17242.694
2025-11-16T07:30:00+00:00,141.38,141.83,141.38,141.77,11113.758
2025-11-16T07:45:00+00:00,141.77,142.46,141.77,142.31,30245.664
2025-11-16T08:00:00+00:00,142.31,142.63,141.89,141.95,16995.808
2025-11-16T08:15:00+00:00,141.95,142.03,141.67,141.75,10945.903
2025-11-16T08:30:00+00:00,141.76,142.0,141.63,142.0,8413.589
2025-11-16T08:45:00+00:00,141.99,142.45,141.79,142.21,12881.098
2025-11-16T09:00:00+00:00,142.21,142.27,141.44,141.75,17491.658
2025-11-16T09:15:00+00:00,141.74,142.1,141.38,142.04,15141.074
2025-11-16T09:30:00+00:00,142.05,142.34,141.96,142.2,10905.382
2025-11-16T09:45:00+00:00,142.2,143.38,142.12,143.29,46577.685
2025-11-16T10:00:00+00:00,143.28,143.34,143.01,143.21,33209.355
2025-11-16T10:15:00+00:00,143.21,143.24,142.86,143.0,22657.784
2025-11-16T10:30:00+00:00,143.01,143.11,142.7,142.79,17965.188
2025-11-16T10:45:00+00:00,142.79,143.09,142.77,142.93,14010.288
2025-11-16T11:00:00+00:00,142.94,143.12,141.97,142.04,27488.472
2025-11-16T11:15:00+00:00,142.03,142.41,140.33,140.54,70695.883
2025-11-16T11:30:00+00:00,140.54,140.7,139.61,139.72,61406.877
2025-11-16T11:45:00+00:00,139.73,140.23,139.5,139.92,49521.44
2025-11-16T12:00:00+00:00,139.91,140.41,139.86,139.87,39860.719
2025-11-16T12:15:00+00:00,139.86,140.63,139.81,140.26,43324.731
2025-11-16T12:30:00+00:00,140.26,140.32,139.1,140.24,36182.379
2025-11-16T12:45:00+00:00,140.24,140.56,139.82,140.04,32007.022
2025-11-16T13:00:00+00:00,140.04,140.58,139.48,140.37,36431.706
2025-11-16T13:15:00+00:00,140.37,140.53,139.7,139.71,14245.21
2025-11-16T13:30:00+00:00,139.7,140.17,139.39,139.39,28390.519
2025-11-16T13:45:00+00:00,139.38,139.65,138.82,139.47,25947.173
2025-11-16T14:00:00+00:00,139.46,140.04,139.46,139.6,21664.454
2025-11-16T14:15:00+00:00,139.6,139.82,139.46,139.76,13383.02
2025-11-16T14:30:00+00:00,139.77,140.85,139.65,140.68,20040.916
2025-11-16T14:45:00+00:00,140.67,140.76,140.33,140.43,12989.802
2025-11-16T15:00:00+00:00,140.43,140.48,139.98,139.98,16577.063
2025-11-16T15:15:00+00:00,139.97,140.29,139.6,139.78,12367.314
2025-11-16T15:30:00+00:00,139.78,139.84,139.44,139.6,15251.649
2025-11-16T15:45:00+00:00,139.59,139.69,137.15,137.48,131887.22
2025-11-16T16:00:00+00:00,137.47,138.23,136.51,136.58,136929.848
2025-11-16T16:15:00+00:00,136.58,136.85,136.0,136.37,59118.086
2025-11-16T16:30:00+00:00,136.36,136.82,135.86,136.5,72593.368
2025-11-16T16:45:00+00:00,136.5,136.76,135.38,135.73,90746.179
2025-11-16T17:00:00+00:00,135.73,136.07,135.31,135.71,54085.877
2025-11-16T17:15:00+00:00,135.72,136.43,135.3,136.13,69012.524
2025-11-16T17:30:00+00:00,136.12,136.39,135.28,135.36,48675.093
2025-11-16T17:45:00+00:00,135.36,136.18,134.42,135.83,129511.996
2025-11-16T18:00:00+00:00,135.83,138.51,135.58,138.17,99443.872
2025-11-16T18:15:00+00:00,138.17,138.43,136.86,137.05,83126.932
2025-11-16T18:30:00+00:00,137.05,137.14,135.61,135.84,70368.892
2025-11-16T18:45:00+00:00,135.85,136.01,135.25,135.84,43970.182
2025-11-16T19:00:00+00:00,135.84,137.83,135.74,137.62,51818.998
2025-11-16T19:15:00+00:00,137.61,138.03,136.87,137.45,25101.84
2025-11-16T19:30:00+00:00,137.44,138.01,137.1,137.36,30434.832
2025-11-16T19:45:00+00:00,137.37,137.81,136.7,136.83,48396.155
2025-11-16T20:00:00+00:00,136.83,137.98,136.73,137.69,45661.853
2025-11-16T20:15:00+00:00,137.69,138.17,137.13,137.9,26731.891
2025-11-16T20:30:00+00:00,137.9,137.98,137.2,137.32,19406.67
2025-11-16T20:45:00+00:00,137.32,137.34,136.63,136.65,16809.168
2025-11-16T21:00:00+00:00,136.65,136.78,135.66,136.06,46600.035
2025-11-16T21:15:00+00:00,136.06,136.15,135.43,135.68,27886.918
2025-11-16T21:30:00+00:00,135.69,136.11,135.55,135.96,32482.352
2025-11-16T21:45:00+00:00,135.97,136.47,135.94,136.43,33399.22
2025-11-16T22:00:00+00:00,136.44,136.8,135.09,136.46,46006.723
2025-11-16T22:15:00+00:00,136.46,136.75,135.98,136.45,32526.435
2025-11-16T22:30:00+00:00,136.44,136.5,135.5,135.62,30278.673
2025-11-16T22:45:00+00:00,135.63,137.95,135.55,137.31,42197.685
2025-11-16T23:00:00+00:00,137.31,137.64,134.91,136.98,131845.426
2025-11-16T23:15:00+00:00,136.99,138.14,136.61,137.47,66028.576
2025-11-16T23:30:00+00:00,137.47,137.98,136.91,137.6,56379.04
2025-11-16T23:45:00+00:00,137.6,137.88,137.14,137.17,22600.51
2025-11-17T00:00:00+00:00,137.17,137.5,136.79,136.94,34544.458
2025-11-17T00:15:00+00:00,136.93,138.38,136.09,138.33,57774.857
2025-11-17T00:30:00+00:00,138.34,139.5,137.85,138.86,77965.944
2025-11-17T00:45:00+00:00,138.86,139.51,138.67,139.17,57884.616
2025-11-17T01:00:00+00:00,139.17,139.49,138.69,138.91,49479.948
2025-11-17T01:15:00+00:00,138.91,139.08,138.26,138.9,48137.667
2025-11-17T01:30:00+00:00,138.9,139.22,138.38,138.89,31831.069
2025-11-17T01:45:00+00:00,138.89,139.13,138.14,138.26,36432.609
2025-11-17T02:00:00+00:00,138.26,139.26,137.96,139.18,67082.062
2025-11-17T02:15:00+00:00,139.17,139.36,138.65,138.98,32605.023
2025-11-17T02:30:00+00:00,138.97,139.12,138.47,138.65,16060.427
2025-11-17T02:45:00+00:00,138.64,138.91,138.53,138.89,13325.157
2025-11-17T03:00:00+00:00,138.89,140.29,138.86,140.28,43972.194
2025-11-17T03:15:00+00:00,140.28,140.79,139.98,140.18,63223.612
2025-11-17T03:30:00+00:00,140.19,140.29,139.81,139.98,19418.673
2025-11-17T03:45:00+00:00,139.98,140.32,139.88,140.28,28437.748
2025-11-17T04:00:00+00:00,140.28,140.47,139.83,139.87,29495.86
2025-11-17T04:15:00+00:00,139.88,140.8,139.66,140.72,51110.433
2025-11-17T04:30:00+00:00,140.71,140.78,140.36,140.68,21606.051
2025-11-17T04:45:00+00:00,140.69,140.72,140.29,140.36,18312.653
2025-11-17T05:00:00+00:00,140.36,140.5,139.98,140.09,15968.972
2025-11-17T05:15:00+00:00,140.09,140.5,139.85,140.49,20809.973
2025-11-17T05:30:00+00:00,140.5,140.58,140.0,140.32,17064.785
2025-11-17T05:45:00+00:00,140.32,140.83,140.28,140.6,18118.683
2025-11-17T06:00:00+00:00,140.59,140.8,140.13,140.59,19216.573
2025-11-17T06:15:00+00:00,140.59,141.56,140.56,141.02,32989.041
2025-11-17T06:30:00+00:00,141.03,141.09,140.58,140.85,21926.98
2025-11-17T06:45:00+00:00,140.85,141.5,140.76,141.38,22773.202
2025-11-17T07:00:00+00:00,141.38,141.71,141.09,141.35,26168.296
2025-11-17T07:15:00+00:00,141.34,141.85,141.33,141.48,23322.309
2025-11-17T07:30:00+00:00,141.48,141.7,141.24,141.59,22880.836
2025-11-17T07:45:00+00:00,141.58,141.83,141.3,141.33,19956.055
2025-11-17T08:00:00+00:00,141.33,141.47,141.09,141.1,33478.715
2025-11-17T08:15:00+00:00,141.1,141.79,141.01,141.61,31989.864
2025-11-17T08:30:00+00:00,141.62,141.69,141.01,141.02,41748.166
2025-11-17T08:45:00+00:00,141.01,141.63,141.01,141.35,53923.318
2025-11-17T09:00:00+00:00,141.35,141.67,140.94,141.6,39609.838
2025-11-17T09:15:00+00:00,141.6,142.19,141.58,141.63,56819.067
2025-11-17T09:30:00+00:00,141.62,142.26,141.24,142.15,33332.637
2025-11-17T09:45:00+00:00,142.16,142.64,141.97,142.0,36804.867
2025-11-17T10:00:00+00:00,142.0,142.36,141.87,142.28,50952.951
2025-11-17T10:15:00+00:00,142.28,142.42,141.8,141.87,26360.642
2025-11-17T10:30:00+00:00,141.87,142.33,141.81,142.22,20365.894
2025-11-17T10:45:00+00:00,142.22,142.52,142.14,142.27,18521.501
2025-11-17T11:00:00+00:00,142.27,142.7,142.1,142.39,16125.78
2025-11-17T11:15:00+00:00,142.38,142.63,142.29,142.41,17848.685
2025-11-17T11:30:00+00:00,142.42,142.8,141.89,141.92,26895.585
2025-11-17T11:45:00+00:00,141.92,142.31,141.72,141.9,25733.017
2025-11-17T12:00:00+00:00,141.9,142.1,141.56,141.58,32620.067
2025-11-17T12:15:00+00:00,141.59,142.06,141.59,142.04,22605.617
2025-11-17T12:30:00+00:00,142.04,142.65,141.63,142.41,35530.834
2025-11-17T12:45:00+00:00,142.41,142.41,141.78,141.78,20272.74
2025-11-17T13:00:00+00:00,141.79,141.99,140.64,140.88,80235.946
2025-11-17T13:15:00+00:00,140.88,141.19,140.45,140.59,44838.853
2025-11-17T13:30:00+00:00,140.58,140.88,137.78,138.94,153764.583
2025-11-17T13:45:00+00:00,138.93,139.28,137.14,138.03,129675.98
2025-11-17T14:00:00+00:00,138.02,138.46,136.8,137.57,76171.886
2025-11-17T14:15:00+00:00,137.56,138.72,137.2,137.52,64300.87
2025-11-17T14:30:00+00:00,137.53,143.28,137.15,141.02,324033.888
2025-11-17T14:45:00+00:00,141.01,142.0,139.73,140.14,95003.013
2025-11-17T15:00:00+00:00,140.15,140.8,138.44,138.79,74132.392
2025-11-17T15:15:00+00:00,138.79,139.4,136.87,138.85,111078.97
2025-11-17T15:30:00+00:00,138.86,139.18,137.01,137.74,60678.736
2025-11-17T15:45:00+00:00,137.73,138.07,136.86,137.16,49108.915
2025-11-17T16:00:00+00:00,137.16,137.21,135.05,135.12,115788.152
2025-11-17T16:15:00+00:00,135.12,135.86,133.3,135.28,341503.344
2025-11-17T16:30:00+00:00,135.28,136.24,134.83,135.07,80170.414
2025-11-17T16:45:00+00:00,135.07,136.14,134.31,135.88,82727.203
2025-11-17T17:00:00+00:00,135.87,135.94,134.69,134.77,59750.577
2025-11-17T17:15:00+00:00,134.77,135.05,133.94,134.03,89843.131
2025-11-17T17:30:00+00:00,134.03,134.13,132.22,132.46,148279.809
2025-11-17T17:45:00+00:00,132.45,132.59,131.75,132.04,124676.218
2025-11-17T18:00:00+00:00,132.03,133.17,131.49,131.6,116459.414
2025-11-17T18:15:00+00:00,131.61,131.89,131.0,131.11,112836.082
2025-11-17T18:30:00+00:00,131.1,131.53,130.56,131.27,91855.306
2025-11-17T18:45:00+00:00,131.26,131.9,130.44,130.52,96504.825
2025-11-17T19:00:00+00:00,130.52,131.07,130.02,130.26,63726.54
2025-11-17T19:15:00+00:00,130.26,130.47,129.72,130.36,125247.155
2025-11-17T19:30:00+00:00,130.35,131.33,129.37,130.35,129603.677
2025-11-17T19:45:00+00:00,130.35,130.56,129.57,129.65,97741.22
2025-11-17T20:00:00+00:00,129.64,130.33,128.82,129.71,100380.643
2025-11-17T20:15:00+00:00,129.72,130.8,129.67,130.06,74548.535
2025-11-17T20:30:00+00:00,130.07,130.37,129.34,129.59,66378.66
2025-11-17T20:45:00+00:00,129.59,130.88,129.42,130.31,80341.626
2025-11-17T21:00:00+00:00,130.32,131.01,130.12,130.84,75559.153
2025-11-17T21:15:00+00:00,130.83,130.83,129.85,130.4,45300.03
2025-11-17T21:30:00+00:00,130.39,130.89,129.83,130.44,30857.577
2025-11-17T21:45:00+00:00,130.43,130.87,130.09,130.7,23491.473
2025-11-17T22:00:00+00:00,130.7,131.17,130.3,130.88,36664.331
2025-11-17T22:15:00+00:00,130.88,131.79,130.62,131.55,64180.34
2025-11-17T22:30:00+00:00,131.55,131.92,131.2,131.7,22935.849
2025-11-17T22:45:00+00:00,131.7,131.97,131.27,131.31,27720.547
2025-11-17T23:00:00+00:00,131.31,131.77,130.65,131.1,35098.472
2025-11-17T23:15:00+00:00,131.1,131.36,130.26,130.43,59484.847
2025-11-17T23:30:00+00:00,130.43,130.91,130.25,130.68,21188.312
2025-11-17T23:45:00+00:00,130.68,131.11,130.51,130.99,19416.73
2025-11-18T00:00:00+00:00,131.0,131.44,130.65,131.13,40903.016
2025-11-18T00:15:00+00:00,131.13,131.23,130.2,130.24,26618.754
2025-11-18T00:30:00+00:00,130.24,130.29,129.19,129.36,51513.15
2025-11-18T00:45:00+00:00,129.35,131.54,129.0,131.3,88479.361
2025-11-18T01:00:00+00:00,131.3,132.03,131.0,131.64,52388.504
2025-11-18T01:15:00+00:00,131.64,132.39,130.96,131.25,39630.322
2025-11-18T01:30:00+00:00,131.25,132.09,131.24,131.95,33907.954
2025-11-18T01:45:00+00:00,131.96,132.25,131.54,131.96,26053.206
2025-11-18T02:00:00+00:00,131.95,131.97,130.97,131.53,51885.978
2025-11-18T02:15:00+00:00,131.53,133.42,130.45,133.28,127567.599
2025-11-18T02:30:00+00:00,133.29,134.67,133.04,133.94,137233.484
2025-11-18T02:45:00+00:00,133.95,134.49,131.89,132.4,90528.241
2025-11-18T03:00:00+00:00,132.39,133.15,131.4,132.6,124352.168
2025-11-18T03:15:00+00:00,132.6,133.34,132.24,132.25,75505.342
2025-11-18T03:30:00+00:00,132.26,134.53,131.73,134.34,130445.314
2025-11-18T03:45:00+00:00,134.35,135.23,134.31,134.51,103348.302
2025-11-18T04:00:00+00:00,134.52,134.8,133.2,133.25,69250.243
2025-11-18T04:15:00+00:00,133.26,133.74,132.52,132.72,81818.543
2025-11-18T04:30:00+00:00,132.72,134.09,132.7,133.38,54504.634
2025-11-18T04:45:00+00:00,133.38,136.11,132.92,135.53,147712.833
2025-11-18T05:00:00+00:00,135.54,136.12,134.92,135.87,97499.51
2025-11-18T05:15:00+00:00,135.88,136.38,135.62,135.88,85115.347
2025-11-18T05:30:00+00:00,135.89,136.47,135.54,136.15,52757.355
2025-11-18T05:45:00+00:00,136.14,136.78,135.48,135.95,64885.466
2025-11-18T06:00:00+00:00,135.95,137.17,135.47,136.99,290203.341
2025-11-18T06:15:00+00:00,136.99,137.0,135.84,136.04,53982.198
2025-11-18T06:30:00+00:00,136.03,136.1,135.02,135.56,62609.658
2025-11-18T06:45:00+00:00,135.56,136.33,135.39,135.7,75694.632
2025-11-18T07:00:00+00:00,135.69,137.11,135.03,136.63,82814.355
2025-11-18T07:15:00+00:00,136.64,137.32,135.92,137.01,77540.046
2025-11-18T07:30:00+00:00,137.01,137.81,136.77,137.12,148174.812
2025-11-18T07:45:00+00:00,137.12,137.3,136.75,136.92,31812.545
2025-11-18T08:00:00+00:00,136.93,137.9,136.93,137.33,56869.951
2025-11-18T08:15:00+00:00,137.33,137.86,137.0,137.01,37923.348
2025-11-18T08:30:00+00:00,137.02,138.27,136.96,138.01,75532.767
2025-11-18T08:45:00+00:00,138.0,138.17,137.57,137.76,43473.911
2025-11-18T09:00:00+00:00,137.77,137.91,136.7,136.89,62141.103
2025-11-18T09:15:00+00:00,136.9,137.4,136.47,136.73,46488.6
2025-11-18T09:30:00+00:00,136.73,137.4,136.68,137.37,39039.455
2025-11-18T09:45:00+00:00,137.36,138.17,137.33,137.85,49190.3
2025-11-18T10:00:00+00:00,137.84,138.19,137.71,138.03,43521.597
2025-11-18T10:15:00+00:00,138.04,138.5,137.6,138.43,32351.142
2025-11-18T10:30:00+00:00,138.42,139.12,138.16,138.21,55567.921
2025-11-18T10:45:00+00:00,138.22,138.29,137.67,137.98,51330.655
2025-11-18T11:00:00+00:00,137.98,138.07,137.51,137.67,35813.861
2025-11-18T11:15:00+00:00,137.67,138.21,137.28,138.05,26178.244
2025-11-18T11:30:00+00:00,138.05,138.2,137.61,138.07,28572.023
2025-11-18T11:45:00+00:00,138.07,138.19,137.72,137.88,24683.633
2025-11-18T12:00:00+00:00,137.88,137.95,136.99,137.07,45127.332
2025-11-18T12:15:00+00:00,137.07,137.78,136.99,137.31,33565.581
2025-11-18T12:30:00+00:00,137.32,138.59,137.29,138.56,43133.985
2025-11-18T12:45:00+00:00,138.55,138.6,137.92,138.23,44066.077
2025-11-18T13:00:00+00:00,138.23,138.24,137.46,137.77,28027.266
2025-11-18T13:15:00+00:00,137.78,137.99,136.84,137.0,36496.099
2025-11-18T13:30:00+00:00,136.99,138.18,136.88,137.77,60616.04
2025-11-18T13:45:00+00:00,137.78,138.4,137.72,138.29,28804.186
2025-11-18T14:00:00+00:00,138.28,138.42,137.78,138.0,30197.295
2025-11-18T14:15:00+00:00,138.01,139.44,137.91,138.71,58443.806
2025-11-18T14:30:00+00:00,138.71,139.89,137.86,138.54,128253.676
2025-11-18T14:45:00+00:00,138.55,139.25,137.5,137.5,47699.536
2025-11-18T15:00:00+00:00,137.5,139.76,137.2,139.29,109778.569
2025-11-18T15:15:00+00:00,139.28,141.25,139.01,141.01,168700.138
2025-11-18T15:30:00+00:00,141.01,142.17,140.29,140.62,146232.113
2025-11-18T15:45:00+00:00,140.62,140.65,139.4,139.7,68622.939
2025-11-18T16:00:00+00:00,139.7,140.35,138.77,139.69,109984.168
2025-11-18T16:15:00+00:00,139.7,141.69,139.41,141.29,109131.119
2025-11-18T16:30:00+00:00,141.29,142.0,140.6,140.82,65517.547
2025-11-18T16:45:00+00:00,140.82,141.32,140.65,141.09,44109.734
2025-11-18T17:00:00+00:00,141.09,141.18,140.16,140.29,30937.476
2025-11-18T17:15:00+00:00,140.3,140.6,139.34,139.58,43021.882
2025-11-18T17:30:00+00:00,139.58,140.55,139.32,140.53,31164.864
2025-11-18T17:45:00+00:00,140.53,140.55,140.02,140.05,14447.687
2025-11-18T18:00:00+00:00,140.06,141.25,140.0,141.25,27742.506
2025-11-18T18:15:00+00:00,141.25,141.29,140.8,140.89,17645.652
2025-11-18T18:30:00+00:00,140.89,141.39,140.73,141.14,24518.46
2025-11-18T18:45:00+00:00,141.14,141.83,140.99,141.46,34958.377
2025-11-18T19:00:00+00:00,141.47,141.63,141.03,141.54,18218.077
2025-11-18T19:15:00+00:00,141.54,142.0,141.34,141.73,31573.58
2025-11-18T19:30:00+00:00,141.73,142.12,141.22,141.25,28564.876
2025-11-18T19:45:00+00:00,141.26,141.46,140.9,141.44,25935.264
2025-11-18T20:00:00+00:00,141.45,141.62,141.19,141.41,21545.178
2025-11-18T20:15:00+00:00,141.4,142.0,141.37,141.99,19089.597
2025-11-18T20:30:00+00:00,141.99,142.12,141.55,141.64,34191.396
2025-11-18T20:45:00+00:00,141.64,142.04,141.13,141.13,41179.922
2025-11-18T21:00:00+00:00,141.13,141.27,140.49,141.04,31860.933
2025-11-18T21:15:00+00:00,141.03,141.58,140.85,141.11,20059.457
2025-11-18T21:30:00+00:00,141.12,141.16,139.98,139.99,26062.134
2025-11-18T21:45:00+00:00,139.98,140.06,139.66,139.74,27002.998
2025-11-18T22:00:00+00:00,139.75,140.62,139.71,140.58,45084.153
2025-11-18T22:15:00+00:00,140.58,141.66,140.38,141.44,49080.573
2025-11-18T22:30:00+00:00,141.43,141.89,141.2,141.41,19891.889
2025-11-18T22:45:00+00:00,141.42,141.59,141.09,141.43,12386.108
2025-11-18T23:00:00+00:00,141.44,141.61,140.79,140.97,22714.933
2025-11-18T23:15:00+00:00,140.98,141.19,140.7,141.05,14417.964
2025-11-18T23:30:00+00:00,141.05,141.15,140.73,140.93,8795.341
2025-11-18T23:45:00+00:00,140.93,141.0,140.46,140.69,14835.603
2025-11-19T00:00:00+00:00,140.68,140.7,139.73,139.95,28782.45
2025-11-19T00:15:00+00:00,139.95,140.11,139.29,139.98,43775.543
2025-11-19T00:30:00+00:00,139.97,141.3,139.76,141.09,29356.372
2025-11-19T00:45:00+00:00,141.08,141.65,140.9,141.15,60740.343
2025-11-19T01:00:00+00:00,141.16,141.2,140.26,140.32,43930.598
2025-11-19T01:15:00+00:00,140.33,141.8,140.23,141.39,29986.696
2025-11-19T01:30:00+00:00,141.38,141.43,140.31,140.61,25480.828
2025-11-19T01:45:00+00:00,140.61,140.65,139.82,140.38,43434.704
2025-11-19T02:00:00+00:00,140.38,141.52,140.04,141.37,23442.866
2025-11-19T02:15:00+00:00,141.38,141.76,140.75,141.27,27285.539
2025-11-19T02:30:00+00:00,141.27,141.82,141.12,141.26,18100.833
2025-11-19T02:45:00+00:00,141.26,142.84,141.2,142.2,62932.217
2025-11-19T03:00:00+00:00,142.2,142.47,141.43,141.49,45905.328
2025-11-19T03:15:00+00:00,141.5,141.5,140.51,140.77,39359.428
2025-11-19T03:30:00+00:00,140.78,140.78,139.61,139.94,66867.979
2025-11-19T03:45:00+00:00,139.94,140.08,139.44,139.81,30225.982
2025-11-19T04:00:00+00:00,139.8,140.23,139.48,139.8,22728.406
2025-11-19T04:15:00+00:00,139.81,140.25,139.5,139.61,25837.088
2025-11-19T04:30:00+00:00,139.62,139.72,138.54,138.76,50752.459
2025-11-19T04:45:00+00:00,138.76,139.09,138.39,138.66,30218.047
2025-11-19T05:00:00+00:00,138.67,139.14,138.18,138.34,36690.513
2025-11-19T05:15:00+00:00,138.33,138.58,137.89,138.11,53389.513
2025-11-19T05:30:00+00:00,138.12,138.33,137.23,137.29,69514.868
2025-11-19T05:45:00+00:00,137.29,138.2,137.12,138.0,110059.658
2025-11-19T06:00:00+00:00,138.0,138.54,137.6,138.41,60574.204
2025-11-19T06:15:00+00:00,138.41,138.6,138.01,138.39,16394.8
2025-11-19T06:30:00+00:00,138.39,139.23,138.35,139.01,51928.056
2025-11-19T06:45:00+00:00,139.0,139.33,138.73,139.06,14901.34
2025-11-19T07:00:00+00:00,139.07,139.8,138.97,139.64,28057.352
2025-11-19T07:15:00+00:00,139.64,139.84,139.31,139.45,19956.795
2025-11-19T07:30:00+00:00,139.45,140.62,139.23,140.54,40854.731
2025-11-19T07:45:00+00:00,140.54,141.14,140.44,140.58,29157.458
2025-11-19T08:00:00+00:00,140.57,140.71,140.22,140.53,17174.516
2025-11-19T08:15:00+00:00,140.53,141.03,140.08,140.91,41245.213
2025-11-19T08:30:00+00:00,140.9,140.92,140.14,140.33,17110.574
2025-11-19T08:45:00+00:00,140.32,140.42,139.78,140.18,36447.706
2025-11-19T09:00:00+00:00,140.18,140.19,139.19,139.77,35328.213
2025-11-19T09:15:00+00:00,139.77,139.77,139.0,139.27,21861.659
2025-11-19T09:30:00+00:00,139.28,139.78,139.28,139.4,16776.744
2025-11-19T09:45:00+00:00,139.4,139.88,139.0,139.71,23385.951
2025-11-19T10:00:00+00:00,139.72,140.33,139.56,139.72,18309.971
2025-11-19T10:15:00+00:00,139.73,139.8,139.24,139.64,16371.223
2025-11-19T10:30:00+00:00,139.64,139.96,139.35,139.89,10998.101
2025-11-19T10:45:00+00:00,139.88,139.88,139.37,139.54,9941.191
2025-11-19T11:00:00+00:00,139.55,139.82,139.32,139.66,16505.75
2025-11-19T11:15:00+00:00,139.66,139.75,138.94,138.98,29657.748
2025-11-19T11:30:00+00:00,138.97,139.14,138.69,138.82,34685.333
2025-11-19T11:45:00+00:00,138.83,138.91,138.35,138.56,22871.098
2025-11-19T12:00:00+00:00,138.57,139.02,138.27,138.71,16077.944
2025-11-19T12:15:00+00:00,138.71,138.85,138.3,138.48,32591.795
2025-11-19T12:30:00+00:00,138.48,138.82,138.18,138.65,16630.765
2025-11-19T12:45:00+00:00,138.64,139.23,138.55,138.95,26881.311
2025-11-19T13:00:00+00:00,138.95,138.96,138.12,138.4,27630.948
2025-11-19T13:15:00+00:00,138.41,138.82,138.15,138.7,14849.312
2025-11-19T13:30:00+00:00,138.7,138.93,137.75,137.82,39310.512
2025-11-19T13:45:00+00:00,137.82,137.94,136.69,136.73,101557.179
2025-11-19T14:00:00+00:00,136.74,137.01,136.0,136.89,95947.309
2025-11-19T14:15:00+00:00,136.89,137.16,136.02,136.18,65456.179
2025-11-19T14:30:00+00:00,136.19,137.75,136.19,137.58,94738.359
2025-11-19T14:45:00+00:00,137.57,137.86,136.77,137.23,48710.348
2025-11-19T15:00:00+00:00,137.23,138.93,137.15,138.21,80417.944
2025-11-19T15:15:00+00:00,138.21,139.08,136.26,136.44,82260.506
2025-11-19T15:30:00+00:00,136.44,136.53,135.29,135.58,133761.788
2025-11-19T15:45:00+00:00,135.59,135.59,134.42,134.62,124169.967
2025-11-19T16:00:00+00:00,134.61,135.35,134.41,135.13,67671.308
2025-11-19T16:15:00+00:00,135.13,135.45,133.75,134.22,110348.491
2025-11-19T16:30:00+00:00,134.22,134.53,133.5,133.69,71511.359
2025-11-19T16:45:00+00:00,133.7,134.07,132.86,133.39,81150.793
2025-11-19T17:00:00+00:00,133.38,133.81,132.19,132.39,58538.647
2025-11-19T17:15:00+00:00,132.4,132.99,132.06,132.93,45445.037
2025-11-19T17:30:00+00:00,132.92,132.92,131.34,132.24,63770.493
2025-11-19T17:45:00+00:00,132.23,132.49,131.59,132.21,33922.748
2025-11-19T18:00:00+00:00,132.2,132.51,131.53,132.33,31108.762
2025-11-19T18:15:00+00:00,132.34,132.41,130.53,130.9,72384.942
2025-11-19T18:30:00+00:00,130.9,131.52,130.69,130.83,39864.156
2025-11-19T18:45:00+00:00,130.83,131.51,130.6,131.51,38502.432
2025-11-19T19:00:00+00:00,131.51,131.81,131.07,131.42,45352.986
2025-11-19T19:15:00+00:00,131.42,131.69,130.85,131.1,27264.477
2025-11-19T19:30:00+00:00,131.1,131.38,130.83,131.25,21981.409
2025-11-19T19:45:00+00:00,131.25,132.11,131.15,131.74,35581.707
2025-11-19T20:00:00+00:00,131.74,132.15,131.36,132.09,26444.755
2025-11-19T20:15:00+00:00,132.08,132.7,131.79,132.67,38739.869
2025-11-19T20:30:00+00:00,132.67,133.18,132.12,132.4,62408.705
2025-11-19T20:45:00+00:00,132.4,133.56,132.06,133.21,53341.696
2025-11-19T21:00:00+00:00,133.21,133.76,132.73,133.34,37833.605
2025-11-19T21:15:00+00:00,133.34,136.0,133.28,134.86,184914.629
2025-11-19T21:30:00+00:00,134.86,135.95,134.48,135.14,51318.972
2025-11-19T21:45:00+00:00,135.15,135.73,135.08,135.45,43781.654
2025-11-19T22:00:00+00:00,135.45,135.49,134.61,134.74,40852.066
2025-11-19T22:15:00+00:00,134.73,135.5,134.21,135.44,39075.17
2025-11-19T22:30:00+00:00,135.44,135.65,135.12,135.44,34102.659
2025-11-19T22:45:00+00:00,135.43,135.7,135.04,135.57,26567.973
2025-11-19T23:00:00+00:00,135.57,137.0,135.4,136.88,55911.999
2025-11-19T23:15:00+00:00,136.87,137.02,136.52,136.59,38491.627
2025-11-19T23:30:00+00:00,136.6,136.94,136.26,136.3,19790.559
2025-11-19T23:45:00+00:00,136.3,137.06,136.25,137.06,20205.208
2025-11-20T00:00:00+00:00,137.06,137.09,136.38,136.71,31935.83
2025-11-20T00:15:00+00:00,136.72,137.59,136.69,137.49,33407.836
2025-11-20T00:30:00+00:00,137.49,138.14,137.39,137.55,33306.356
2025-11-20T00:45:00+00:00,137.54,137.84,137.06,137.72,51234.872
2025-11-20T01:00:00+00:00,137.73,139.12,137.47,138.9,55699.479
2025-11-20T01:15:00+00:00,138.89,139.42,138.46,138.53,29355.42
2025-11-20T01:30:00+00:00,138.53,139.59,138.53,139.53,36205.884
2025-11-20T01:45:00+00:00,139.54,139.82,139.12,139.67,32805.247
2025-11-20T02:00:00+00:00,139.67,143.88,139.37,143.65,435142.233
2025-11-20T02:15:00+00:00,143.65,144.22,142.45,143.0,168755.018
2025-11-20T02:30:00+00:00,143.0,143.55,142.61,142.98,73386.744
2025-11-20T02:45:00+00:00,142.97,143.84,142.8,143.67,130587.888
2025-11-20T03:00:00+00:00,143.67,144.26,143.52,143.85,96159.046
2025-11-20T03:15:00+00:00,143.85,144.46,143.15,143.25,73253.963
2025-11-20T03:30:00+00:00,143.25,143.96,143.1,143.49,54160.569
2025-11-20T03:45:00+00:00,143.5,143.63,142.89,143.18,41710.13
2025-11-20T04:00:00+00:00,143.18,143.53,142.79,143.23,50024.316
2025-11-20T04:15:00+00:00,143.22,143.26,142.4,142.98,54789.62
2025-11-20T04:30:00+00:00,142.97,143.4,142.92,143.18,40879.468
2025-11-20T04:45:00+00:00,143.18,144.74,143.18,144.66,75080.907
2025-11-20T05:00:00+00:00,144.67,144.8,144.0,144.15,93787.273
2025-11-20T05:15:00+00:00,144.15,144.23,143.74,143.83,26081.057
2025-11-20T05:30:00+00:00,143.84,144.01,143.62,143.71,18937.346
2025-11-20T05:45:00+00:00,143.7,144.24,143.7,144.1,44164.003
2025-11-20T06:00:00+00:00,144.1,144.33,143.79,143.86,18816.562
2025-11-20T06:15:00+00:00,143.86,143.86,143.36,143.7,50235.217
2025-11-20T06:30:00+00:00,143.71,143.82,142.84,142.97,42135.6
2025-11-20T06:45:00+00:00,142.97,143.2,142.19,142.84,66443.371
2025-11-20T07:00:00+00:00,142.85,143.29,142.72,143.29,51273.676
2025-11-20T07:15:00+00:00,143.29,143.33,142.82,143.09,26746.216
2025-11-20T07:30:00+00:00,143.09,143.69,143.06,143.52,39307.358
2025-11-20T07:45:00+00:00,143.53,143.89,143.53,143.8,23526.149
2025-11-20T08:00:00+00:00,143.8,143.96,143.11,143.12,43312.303
2025-11-20T08:15:00+00:00,143.12,143.71,142.89,143.53,76777.134
2025-11-20T08:30:00+00:00,143.54,143.75,143.26,143.54,32221.252
2025-11-20T08:45:00+00:00,143.54,143.74,143.21,143.39,30431.608
2025-11-20T09:00:00+00:00,143.39,143.42,142.87,142.9,22047.008
2025-11-20T09:15:00+00:00,142.89,142.99,141.77,142.14,56858.184
2025-11-20T09:30:00+00:00,142.14,142.49,141.94,141.94,29010.958
2025-11-20T09:45:00+00:00,141.95,142.1,141.39,142.04,61637.328
2025-11-20T10:00:00+00:00,142.05,142.22,141.07,141.38,80420.267
2025-11-20T10:15:00+00:00,141.38,142.17,141.23,142.05,35956.274
2025-11-20T10:30:00+00:00,142.06,142.27,141.67,141.87,17801.887
2025-11-20T10:45:00+00:00,141.87,142.34,141.79,142.26,15759.849
2025-11-20T11:00:00+00:00,142.26,142.5,142.07,142.12,13303.39
2025-11-20T11:15:00+00:00,142.13,142.26,141.72,141.77,18071.311
2025-11-20T11:30:00+00:00,141.77,142.12,141.54,142.01,47329.76
2025-11-20T11:45:00+00:00,142.02,142.25,141.81,142.12,21566.122
2025-11-20T12:00:00+00:00,142.12,142.23,141.49,141.52,22011.01
2025-11-20T12:15:00+00:00,141.51,142.09,141.46,141.83,23971.518
2025-11-20T12:30:00+00:00,141.83,142.47,141.36,141.49,64642.6
2025-11-20T12:45:00+00:00,141.5,142.24,141.43,142.02,42048.46
2025-11-20T13:00:00+00:00,142.02,142.38,141.67,142.36,34304.684
2025-11-20T13:15:00+00:00,142.37,142.37,141.38,141.84,65528.24
2025-11-20T13:30:00+00:00,141.83,143.39,141.12,141.2,141608.56
2025-11-20T13:45:00+00:00,141.21,141.94,140.5,140.7,87565.74
2025-11-20T14:00:00+00:00,140.7,140.76,138.98,139.28,105622.257
2025-11-20T14:15:00+00:00,139.28,141.14,139.04,141.01,71850.133
2025-11-20T14:30:00+00:00,141.02,141.53,139.93,140.52,69799.572
2025-11-20T14:45:00+00:00,140.52,141.25,140.05,140.95,44577.366
2025-11-20T15:00:00+00:00,140.95,141.11,139.26,139.56,67983.881
2025-11-20T15:15:00+00:00,139.55,140.41,138.8,140.22,67679.922
2025-11-20T15:30:00+00:00,140.22,140.43,139.44,140.21,32074.806
2025-11-20T15:45:00+00:00,140.22,140.23,138.35,138.57,60924.312
2025-11-20T16:00:00+00:00,138.56,138.74,133.61,134.16,353687.015
2025-11-20T16:15:00+00:00,134.17,134.61,132.46,133.35,453113.765
2025-11-20T16:30:00+00:00,133.34,133.75,132.01,132.08,167718.636
2025-11-20T16:45:00+00:00,132.08,132.67,131.56,132.65,174399.76
2025-11-20T17:00:00+00:00,132.64,133.04,131.11,131.94,236859.145
2025-11-20T17:15:00+00:00,131.93,132.52,131.14,132.05,153999.293
2025-11-20T17:30:00+00:00,132.04,133.15,131.63,132.25,125749.925
2025-11-20T17:45:00+00:00,132.25,132.89,131.8,132.81,97780.378
2025-11-20T18:00:00+00:00,132.8,134.44,132.01,134.34,156090.991
2025-11-20T18:15:00+00:00,134.35,134.58,133.33,133.49,145162.004
2025-11-20T18:30:00+00:00,133.48,134.06,132.77,132.82,97186.35
2025-11-20T18:45:00+00:00,132.81,133.16,132.42,132.57,74900.825
2025-11-20T19:00:00+00:00,132.56,132.67,131.63,132.19,75086.438
2025-11-20T19:15:00+00:00,132.19,133.74,131.88,133.34,68124.597
2025-11-20T19:30:00+00:00,133.34,133.34,132.41,132.8,45632.2
2025-11-20T19:45:00+00:00,132.8,134.47,132.76,133.92,81643.022
2025-11-20T20:00:00+00:00,133.91,133.91,132.66,132.78,79013.684
2025-11-20T20:15:00+00:00,132.78,134.47,132.72,134.42,93611.768
2025-11-20T20:30:00+00:00,134.42,134.67,133.4,133.75,88821.141
2025-11-20T20:45:00+00:00,133.75,134.38,133.6,133.69,46963.029
2025-11-20T21:00:00+00:00,133.69,134.36,133.65,133.77,33766.012
2025-11-20T21:15:00+00:00,133.77,135.29,133.73,134.0,60472.618
2025-11-20T21:30:00+00:00,134.0,134.58,133.58,134.54,59136.789
2025-11-20T21:45:00+00:00,134.53,134.88,133.97,134.13,60594.809
2025-11-20T22:00:00+00:00,134.13,135.58,133.97,135.47,45317.708
2025-11-20T22:15:00+00:00,135.47,136.15,135.4,136.06,46386.657
2025-11-20T22:30:00+00:00,136.06,136.54,135.43,136.04,30561.74
2025-11-20T22:45:00+00:00,136.04,136.68,136.0,136.45,21941.352
2025-11-20T23:00:00+00:00,136.45,136.55,134.72,135.12,38021.322
2025-11-20T23:15:00+00:00,135.12,135.39,134.53,134.74,23795.648
2025-11-20T23:30:00+00:00,134.74,134.84,133.61,134.15,55999.361
2025-11-20T23:45:00+00:00,134.15,134.43,133.31,133.67,52683.892
2025-11-22T14:00:00+00:00,125.62,126.68,125.53,126.6,23125.193
2025-11-22T14:15:00+00:00,126.61,127.51,126.49,126.92,34478.914
2025-11-22T14:30:00+00:00,126.92,127.06,126.5,126.51,11992.29
2025-11-22T14:45:00+00:00,126.51,127.18,126.12,127.13,15800.907
2025-11-22T15:00:00+00:00,127.12,127.45,126.78,127.0,49032.238
2025-11-22T15:15:00+00:00,126.99,127.79,126.94,127.31,32044.782
2025-11-22T15:30:00+00:00,127.32,127.37,126.28,126.39,63724.405
2025-11-22T15:45:00+00:00,126.4,127.3,126.16,127.13,44572.459
2025-11-22T16:00:00+00:00,127.13,128.01,126.86,127.99,53836.017
2025-11-22T16:15:00+00:00,127.99,128.15,127.53,127.68,37875.798
2025-11-22T16:30:00+00:00,127.68,128.47,127.48,128.44,33947.583
2025-11-22T16:45:00+00:00,128.45,128.6,128.06,128.21,21331.099
2025-11-22T17:00:00+00:00,128.21,128.45,127.61,127.92,44152.149
2025-11-22T17:15:00+00:00,127.92,128.13,127.44,127.97,23483.894
2025-11-22T17:30:00+00:00,127.98,127.98,127.43,127.54,22184.219
2025-11-22T17:45:00+00:00,127.53,127.71,127.3,127.61,32916.105
2025-11-22T18:00:00+00:00,127.61,127.95,127.42,127.83,23063.743
2025-11-22T18:15:00+00:00,127.83,128.06,127.72,127.92,16747.631
2025-11-22T18:30:00+00:00,127.93,127.96,127.41,127.75,14460.06
2025-11-22T18:45:00+00:00,127.76,128.01,127.59,127.77,14449.526
2025-11-22T19:00:00+00:00,127.78,128.09,127.46,127.76,15085.213
2025-11-22T19:15:00+00:00,127.77,127.9,127.14,127.22,30628.026
2025-11-22T19:30:00+00:00,127.23,127.35,126.79,126.97,19381.484
2025-11-22T19:45:00+00:00,126.98,127.53,126.9,127.2,11161.847
2025-11-22T20:00:00+00:00,127.2,127.52,127.04,127.43,13121.071
2025-11-22T20:15:00+00:00,127.42,127.64,127.06,127.32,13996.807
2025-11-22T20:30:00+00:00,127.33,127.33,126.42,126.46,15875.964
2025-11-22T20:45:00+00:00,126.47,126.71,126.1,126.45,18771.06
2025-11-22T21:00:00+00:00,126.44,126.84,126.32,126.42,13448.634
2025-11-22T21:15:00+00:00,126.41,126.67,126.16,126.41,8962.341
2025-11-22T21:30:00+00:00,126.41,126.52,126.12,126.43,9258.014
2025-11-22T21:45:00+00:00,126.44,126.67,126.28,126.64,7285.561
2025-11-22T22:00:00+00:00,126.64,127.05,126.2,127.0,14449.114
2025-11-22T22:15:00+00:00,127.0,127.4,126.94,127.14,15512.634
2025-11-22T22:30:00+00:00,127.13,127.58,127.04,127.37,13216.531
2025-11-22T22:45:00+00:00,127.37,128.92,127.34,128.25,59866.245
2025-11-22T23:00:00+00:00,128.24,128.47,127.7,127.95,35546.183
2025-11-22T23:15:00+00:00,127.95,128.0,127.3,127.7,14402.534
2025-11-22T23:30:00+00:00,127.7,128.13,127.51,127.66,21824.883
2025-11-22T23:45:00+00:00,127.66,127.82,127.5,127.59,10003.509
2025-11-23T00:00:00+00:00,127.6,128.17,127.56,128.15,14474.46
2025-11-23T00:15:00+00:00,128.14,128.65,127.99,128.34,30090.994
2025-11-23T00:30:00+00:00,128.34,128.4,127.94,128.09,15744.517
2025-11-23T00:45:00+00:00,128.09,128.24,127.62,128.03,13297.324
2025-11-23T01:00:00+00:00,128.04,128.57,127.88,128.5,19686.226
2025-11-23T01:15:00+00:00,128.49,129.05,128.35,128.77,45302.019
2025-11-23T01:30:00+00:00,128.78,129.53,128.67,129.49,72845.715
2025-11-23T01:45:00+00:00,129.48,129.86,129.2,129.46,61143.963
2025-11-23T02:00:00+00:00,129.46,130.0,129.11,129.51,37903.298
2025-11-23T02:15:00+00:00,129.51,130.2,129.39,129.92,29900.122
2025-11-23T02:30:00+00:00,129.92,130.64,129.88,130.49,40936.23
2025-11-23T02:45:00+00:00,130.48,130.8,130.01,130.05,29087.093
2025-11-23T03:00:00+00:00,130.04,130.41,129.76,129.83,27289.006
2025-11-23T03:15:00+00:00,129.83,129.94,129.38,129.54,19438.672
2025-11-23T03:30:00+00:00,129.53,130.03,129.45,129.84,19017.974
2025-11-23T03:45:00+00:00,129.84,129.96,129.5,129.96,14870.853
2025-11-23T04:00:00+00:00,129.95,130.95,129.95,130.81,45288.399
2025-11-23T04:15:00+00:00,130.8,131.9,130.69,130.87,61173.87
2025-11-23T04:30:00+00:00,130.88,131.33,130.59,130.71,24187.188
2025-11-23T04:45:00+00:00,130.71,131.05,130.62,130.74,23122.076
2025-11-23T05:00:00+00:00,130.74,130.93,130.48,130.79,21933.342
2025-11-23T05:15:00+00:00,130.8,130.9,130.46,130.54,11245.455
2025-11-23T05:30:00+00:00,130.53,130.65,130.2,130.22,37065.567
2025-11-23T05:45:00+00:00,130.23,130.81,130.23,130.53,13746.787
2025-11-23T06:00:00+00:00,130.53,130.91,130.34,130.39,19270.196
2025-11-23T06:15:00+00:00,130.39,130.41,129.66,129.78,23904.011
2025-11-23T06:30:00+00:00,129.79,129.84,129.35,129.46,26868.101
2025-11-23T06:45:00+00:00,129.46,129.62,129.16,129.34,16008.461
2025-11-23T07:00:00+00:00,129.34,129.42,128.73,129.04,35823.462
2025-11-23T07:15:00+00:00,129.04,129.1,128.11,128.25,82143.482
2025-11-23T07:30:00+00:00,128.25,128.97,128.15,128.89,17161.008
2025-11-23T07:45:00+00:00,128.88,129.18,128.67,128.86,32312.329
2025-11-23T08:00:00+00:00,128.86,129.49,128.86,129.34,21749.973
2025-11-23T08:15:00+00:00,129.34,129.48,129.05,129.22,12935.845
2025-11-23T08:30:00+00:00,129.22,129.36,128.83,128.95,11734.863
2025-11-23T08:45:00+00:00,128.95,129.78,128.94,129.68,25306.117
2025-11-23T09:00:00+00:00,129.68,129.85,129.45,129.79,12761.398
2025-11-23T09:15:00+00:00,129.79,129.85,129.52,129.67,14644.031
2025-11-23T09:30:00+00:00,129.66,130.99,129.66,130.47,57799.167
2025-11-23T09:45:00+00:00,130.47,130.49,129.92,130.09,18796.514
2025-11-23T10:00:00+00:00,130.08,130.19,129.76,129.87,14294.138
2025-11-23T10:15:00+00:00,129.87,130.13,129.54,129.81,13249.573
2025-11-23T10:30:00+00:00,129.8,129.9,129.42,129.85,10039.387
2025-11-23T10:45:00+00:00,129.85,130.11,129.73,129.96,11805.472
2025-11-23T11:00:00+00:00,129.95,129.95,129.27,129.35,16731.927
2025-11-23T11:15:00+00:00,129.36,129.58,129.02,129.4,26585.344
2025-11-23T11:30:00+00:00,129.39,129.82,129.36,129.76,15270.826
2025-11-23T11:45:00+00:00,129.76,130.0,129.53,129.75,16411.713
2025-11-23T12:00:00+00:00,129.76,130.75,129.65,130.71,36259.007
2025-11-23T12:15:00+00:00,130.71,131.25,130.61,131.05,45506.179
2025-11-23T12:30:00+00:00,131.05,131.72,130.72,130.92,92550.049
2025-11-23T12:45:00+00:00,130.92,131.09,130.69,130.88,25426.618
2025-11-23T13:00:00+00:00,130.89,131.43,130.52,130.59,45033.694
2025-11-23T13:15:00+00:00,130.58,131.13,130.34,131.06,28266.65
2025-11-23T13:30:00+00:00,131.06,131.31,130.74,131.22,39696.374
2025-11-23T13:45:00+00:00,131.23,131.73,131.03,131.58,18462.237
2025-11-23T14:00:00+00:00,131.57,132.75,131.44,131.66,73078.323
2025-11-23T14:15:00+00:00,131.67,131.81,130.9,131.06,64241.106
2025-11-23T14:30:00+00:00,131.05,131.41,130.72,131.08,21867.722
2025-11-23T14:45:00+00:00,131.08,131.29,130.5,130.75,20239.141
2025-11-23T15:00:00+00:00,130.74,131.33,130.43,131.23,27927.205
2025-11-23T15:15:00+00:00,131.22,131.46,130.81,131.11,20467.02
2025-11-23T15:30:00+00:00,131.1,132.69,130.95,132.66,83582.642
2025-11-23T15:45:00+00:00,132.66,133.13,132.32,132.87,117972.776
2025-11-23T16:00:00+00:00,132.88,133.47,132.32,132.42,62954.766
2025-11-23T16:15:00+00:00,132.41,132.59,131.93,132.1,36102.807
2025-11-23T16:30:00+00:00,132.1,132.89,131.94,132.81,25983.198
2025-11-23T16:45:00+00:00,132.81,132.87,131.73,131.79,27462.773
2025-11-23T17:00:00+00:00,131.78,131.87,131.08,131.3,49349.538
2025-11-23T17:15:00+00:00,131.29,131.7,130.84,131.63,30491.046
2025-11-23T17:30:00+00:00,131.64,131.91,131.16,131.74,14342.132
2025-11-23T17:45:00+00:00,131.73,131.75,130.93,131.39,20334.272
2025-11-23T18:00:00+00:00,131.39,131.97,131.38,131.84,14702.907
2025-11-23T18:15:00+00:00,131.85,132.54,131.8,132.21,20987.779
2025-11-23T18:30:00+00:00,132.21,132.93,132.19,132.65,31078.256
2025-11-23T18:45:00+00:00,132.64,132.64,132.06,132.19,15207.879
2025-11-23T19:00:00+00:00,132.2,132.45,131.98,132.32,10179.575
2025-11-23T19:15:00+00:00,132.32,133.1,132.32,132.46,21152.314
2025-11-23T19:30:00+00:00,132.47,133.09,132.44,132.96,17272.298
2025-11-23T19:45:00+00:00,132.96,132.98,132.27,132.38,15683.775
2025-11-23T20:00:00+00:00,132.39,132.72,132.09,132.48,12989.16
2025-11-23T20:15:00+00:00,132.49,132.85,132.23,132.67,11446.496
2025-11-23T20:30:00+00:00,132.67,132.73,132.2,132.66,14953.822
2025-11-23T20:45:00+00:00,132.67,132.85,132.51,132.64,7625.811
2025-11-23T21:00:00+00:00,132.63,132.64,131.52,131.78,34080.746
2025-11-23T21:15:00+00:00,131.78,132.79,131.73,132.67,12013.99
2025-11-23T21:30:00+00:00,132.67,132.79,132.45,132.56,15603.985
2025-11-23T21:45:00+00:00,132.55,133.54,132.5,133.14,24548.858
2025-11-23T22:00:00+00:00,133.15,133.32,132.44,132.73,24610.586
2025-11-23T22:15:00+00:00,132.74,133.05,132.35,132.9,24758.708
2025-11-23T22:30:00+00:00,132.89,132.9,132.28,132.41,17769.862
2025-11-23T22:45:00+00:00,132.41,132.81,132.39,132.67,9565.459
2025-11-23T23:00:00+00:00,132.67,132.87,131.41,131.45,29798.368
2025-11-23T23:15:00+00:00,131.45,131.59,130.69,131.26,51132.145
2025-11-23T23:30:00+00:00,131.25,131.25,130.52,130.95,40177.338
2025-11-23T23:45:00+00:00,130.95,131.17,130.54,130.58,31379.31
2025-11-24T00:00:00+00:00,130.58,130.59,129.87,129.91,86846.7
2025-11-24T00:15:00+00:00,129.92,130.58,129.31,130.57,52860.81
2025-11-24T00:30:00+00:00,130.57,131.52,130.12,131.21,49257.903
2025-11-24T00:45:00+00:00,131.21,132.11,130.81,130.81,39653.702
2025-11-24T01:00:00+00:00,130.81,131.3,130.33,130.84,35506.983
2025-11-24T01:15:00+00:00,130.84,131.26,130.52,131.1,19072.211
2025-11-24T01:30:00+00:00,131.1,131.12,130.06,130.23,24284.604
2025-11-24T01:45:00+00:00,130.23,131.76,130.0,131.49,30260.185
2025-11-24T02:00:00+00:00,131.5,133.8,131.42,133.74,106263.491
2025-11-24T02:15:00+00:00,133.75,134.4,133.31,133.48,60487.769
2025-11-24T02:30:00+00:00,133.47,133.69,132.71,132.96,28893.265
2025-11-24T02:45:00+00:00,132.97,133.4,132.72,133.39,28034.002
2025-11-24T03:00:00+00:00,133.4,133.73,132.84,133.08,22502.114
2025-11-24T03:15:00+00:00,133.07,134.41,132.89,133.89,38730.559
2025-11-24T03:30:00+00:00,133.88,134.21,133.31,133.5,20333.087
2025-11-24T03:45:00+00:00,133.49,133.74,133.23,133.43,24230.06
2025-11-24T04:00:00+00:00,133.42,133.54,132.85,132.85,75844.245
2025-11-24T04:15:00+00:00,132.85,132.86,130.6,131.04,94167.315
2025-11-24T04:30:00+00:00,131.04,131.73,131.0,131.65,26129.813
2025-11-24T04:45:00+00:00,131.64,131.76,131.11,131.38,24505.22
2025-11-24T05:00:00+00:00,131.38,133.26,131.21,133.13,53810.07
2025-11-24T05:15:00+00:00,133.13,133.93,132.9,133.61,45560.954
2025-11-24T05:30:00+00:00,133.61,133.69,132.74,133.09,22452.673
2025-11-24T05:45:00+00:00,133.09,133.17,132.6,132.96,25320.473
2025-11-24T06:00:00+00:00,132.95,133.03,131.33,131.4,58525.644
2025-11-24T06:15:00+00:00,131.4,131.95,131.22,131.51,46076.223
2025-11-24T06:30:00+00:00,131.51,131.68,130.8,130.96,61776.864
2025-11-24T06:45:00+00:00,130.95,131.27,130.67,131.18,43708.906
2025-11-24T07:00:00+00:00,131.17,131.17,130.35,130.63,39065.382
2025-11-24T07:15:00+00:00,130.62,130.93,130.19,130.57,45233.487
2025-11-24T07:30:00+00:00,130.57,131.43,130.47,131.15,42743.72
2025-11-24T07:45:00+00:00,131.15,131.2,130.23,130.34,31508.488
2025-11-24T08:00:00+00:00,130.33,130.33,129.63,130.03,88953.692
2025-11-24T08:15:00+00:00,130.02,130.38,129.81,129.98,32299.776
2025-11-24T08:30:00+00:00,129.98,130.19,129.86,130.11,16791.433
2025-11-24T08:45:00+00:00,130.12,130.76,129.84,130.58,20714.316
2025-11-24T09:00:00+00:00,130.58,130.68,129.7,129.79,25345.874
2025-11-24T09:15:00+00:00,129.79,129.81,128.44,128.71,66159.172
2025-11-24T09:30:00+00:00,128.71,129.37,128.63,128.92,31733.13
2025-11-24T09:45:00+00:00,128.91,129.23,128.85,128.89,26005.95
2025-11-24T10:00:00+00:00,128.9,129.47,128.84,129.06,36748.903
2025-11-24T10:15:00+00:00,129.07,129.3,128.88,129.14,18303.809
2025-11-24T10:30:00+00:00,129.13,129.36,128.76,129.1,25020.588
2025-11-24T10:45:00+00:00,129.1,129.39,128.97,129.23,11551.499
2025-11-24T11:00:00+00:00,129.23,129.38,128.78,129.03,38043.15
2025-11-24T11:15:00+00:00,129.04,129.14,128.87,129.02,10085.099
2025-11-24T11:30:00+00:00,129.03,129.75,129.03,129.73,19914.664
2025-11-24T11:45:00+00:00,129.73,129.93,129.57,129.62,20489.079
2025-11-24T12:00:00+00:00,129.61,129.71,129.0,129.13,31937.088
2025-11-24T12:15:00+00:00,129.14,129.64,129.05,129.59,18546.803
2025-11-24T12:30:00+00:00,129.6,130.0,129.26,129.44,53032.902
2025-11-24T12:45:00+00:00,129.44,129.81,129.32,129.53,24016.166
2025-11-24T13:00:00+00:00,129.52,130.58,129.38,130.17,63201.805
2025-11-24T13:15:00+00:00,130.17,130.29,129.53,130.02,23362.761
2025-11-24T13:30:00+00:00,130.02,130.37,129.89,130.35,31216.118
2025-11-24T13:45:00+00:00,130.35,130.42,129.65,129.76,43342.353
2025-11-24T14:00:00+00:00,129.75,129.83,129.34,129.69,24461.007
2025-11-24T14:15:00+00:00,129.69,129.8,129.11,129.13,20864.203
2025-11-24T14:30:00+00:00,129.12,131.62,129.09,129.37,172475.262
2025-11-24T14:45:00+00:00,129.37,130.75,128.54,130.75,107641.732
2025-11-24T15:00:00+00:00,130.75,131.5,130.51,131.19,86981.1
2025-11-24T15:15:00+00:00,131.18,131.26,130.03,130.59,36350.714
2025-11-24T15:30:00+00:00,130.59,132.06,130.36,131.98,54060.813
2025-11-24T15:45:00+00:00,131.98,132.6,131.59,131.94,73963.494
2025-11-24T16:00:00+00:00,131.93,132.88,131.82,132.39,99687.096
2025-11-24T16:15:00+00:00,132.39,133.47,132.19,132.96,80338.899
2025-11-24T16:30:00+00:00,132.97,134.3,132.54,134.24,118885.496
2025-11-24T16:45:00+00:00,134.24,134.42,133.47,133.7,80049.092
2025-11-24T17:00:00+00:00,133.71,134.48,133.67,133.87,57286.983
2025-11-24T17:15:00+00:00,133.86,136.36,133.58,136.13,160793.235
2025-11-24T17:30:00+00:00,136.14,137.06,135.93,136.33,127929.337
2025-11-24T17:45:00+00:00,136.32,137.19,136.27,136.91,67138.442
2025-11-24T18:00:00+00:00,136.92,138.0,136.92,137.54,81748.199
2025-11-24T18:15:00+00:00,137.55,137.71,136.71,136.98,45397.346
2025-11-24T18:30:00+00:00,136.97,137.47,136.48,137.17,51311.674
2025-11-24T18:45:00+00:00,137.18,137.81,137.11,137.41,45714.404
2025-11-24T19:00:00+00:00,137.41,137.82,137.18,137.39,48413.971
2025-11-24T19:15:00+00:00,137.38,137.5,136.76,137.07,45101.201
2025-11-24T19:30:00+00:00,137.08,137.44,136.67,137.01,33745.654
2025-11-24T19:45:00+00:00,137.01,137.33,136.84,137.24,27680.087
2025-11-24T20:00:00+00:00,137.24,139.03,137.24,138.8,280557.457
2025-11-24T20:15:00+00:00,138.81,139.3,138.6,138.95,55566.973
2025-11-24T20:30:00+00:00,138.94,139.36,138.71,138.95,39669.497
2025-11-24T20:45:00+00:00,138.95,139.28,138.65,139.0,48767.425
2025-11-24T21:00:00+00:00,138.99,139.03,138.53,138.74,40121.833
2025-11-24T21:15:00+00:00,138.74,138.83,138.43,138.53,50679.45
2025-11-24T21:30:00+00:00,138.53,138.75,138.12,138.13,18829.191
2025-11-24T21:45:00+00:00,138.12,139.18,138.04,138.97,36238.243
2025-11-24T22:00:00+00:00,138.97,139.87,138.96,139.33,83977.957
2025-11-24T22:15:00+00:00,139.34,139.36,138.86,139.09,40528.586
2025-11-24T22:30:00+00:00,139.09,139.27,138.63,138.88,15613.769
2025-11-24T22:45:00+00:00,138.87,139.11,138.44,139.05,22648.368
2025-11-24T23:00:00+00:00,139.04,139.22,138.8,139.01,24801.431
2025-11-24T23:15:00+00:00,139.01,139.12,138.71,138.85,15034.925
2025-11-24T23:30:00+00:00,138.84,138.89,138.48,138.84,22175.165
2025-11-24T23:45:00+00:00,138.84,138.84,138.2,138.44,21164.283
2025-11-25T00:00:00+00:00,138.43,138.5,137.94,137.98,45847.663
2025-11-25T00:15:00+00:00,137.99,137.99,137.64,137.67,46743.127
2025-11-25T00:30:00+00:00,137.67,138.92,137.66,138.77,25349.117
2025-11-25T00:45:00+00:00,138.78,138.99,138.33,138.43,15594.315
2025-11-25T01:00:00+00:00,138.43,138.98,137.94,138.73,22341.057
2025-11-25T01:15:00+00:00,138.73,138.76,138.12,138.24,20572.103
2025-11-25T01:30:00+00:00,138.23,138.75,138.18,138.35,15233.296
2025-11-25T01:45:00+00:00,138.34,138.37,137.77,137.81,22864.753
2025-11-25T02:00:00+00:00,137.82,138.39,137.55,138.09,20064.351
2025-11-25T02:15:00+00:00,138.08,138.31,137.26,137.45,20965.185
2025-11-25T02:30:00+00:00,137.45,137.9,137.25,137.81,20168.43
2025-11-25T02:45:00+00:00,137.81,138.28,137.78,138.18,13870.569
2025-11-25T03:00:00+00:00,138.17,138.67,137.95,138.21,17477.94
2025-11-25T03:15:00+00:00,138.2,138.59,138.03,138.45,8216.577
2025-11-25T03:30:00+00:00,138.44,138.44,137.42,137.53,12305.019
2025-11-25T03:45:00+00:00,137.53,137.86,137.28,137.8,12046.945
2025-11-25T04:00:00+00:00,137.8,138.44,137.73,138.4,12358.207
2025-11-25T04:15:00+00:00,138.39,138.4,137.8,138.12,10499.878
2025-11-25T04:30:00+00:00,138.11,138.54,138.03,138.36,18132.971
2025-11-25T04:45:00+00:00,138.35,138.97,138.3,138.55,16810.562
2025-11-25T05:00:00+00:00,138.54,138.55,138.15,138.29,12053.605
2025-11-25T05:15:00+00:00,138.29,138.51,137.86,137.98,15162.445
2025-11-25T05:30:00+00:00,137.97,138.64,137.95,138.64,15162.567
2025-11-25T05:45:00+00:00,138.64,138.83,138.49,138.58,15077.323
2025-11-25T06:00:00+00:00,138.57,138.63,138.29,138.32,14311.651
2025-11-25T06:15:00+00:00,138.32,138.44,137.88,137.88,18420.863
2025-11-25T06:30:00+00:00,137.88,137.88,137.41,137.59,22105.886
2025-11-25T06:45:00+00:00,137.6,138.27,137.6,138.17,14560.549
2025-11-25T07:00:00+00:00,138.18,138.2,137.55,137.92,12726.124
2025-11-25T07:15:00+00:00,137.93,137.93,136.8,136.91,25896.686
2025-11-25T07:30:00+00:00,136.9,137.17,136.67,136.84,23342.957
2025-11-25T07:45:00+00:00,136.84,136.96,136.3,136.33,36734.75
2025-11-25T08:00:00+00:00,136.33,136.59,136.07,136.11,44234.834
2025-11-25T08:15:00+00:00,136.11,136.7,136.1,136.44,30162.321
2025-11-25T08:30:00+00:00,136.43,136.44,135.92,136.32,32784.31
2025-11-25T08:45:00+00:00,136.31,136.52,135.15,135.44,64090.045
2025-11-25T09:00:00+00:00,135.44,135.63,134.92,135.01,51121.853
2025-11-25T09:15:00+00:00,135.01,135.29,134.73,135.2,31392.638
2025-11-25T09:30:00+00:00,135.2,135.98,135.16,135.88,29358.653
2025-11-25T09:45:00+00:00,135.88,136.35,135.54,136.29,23408.934
2025-11-25T10:00:00+00:00,136.3,136.36,135.93,136.04,32765.744
2025-11-25T10:15:00+00:00,136.03,136.58,135.86,136.48,18855.736
2025-11-25T10:30:00+00:00,136.47,136.8,136.24,136.61,21481.461
2025-11-25T10:45:00+00:00,136.62,136.84,136.52,136.62,22970.031
2025-11-25T11:00:00+00:00,136.63,136.63,135.95,136.18,24436.587
2025-11-25T11:15:00+00:00,136.18,136.52,135.96,136.28,39678.253
2025-11-25T11:30:00+00:00,136.28,136.7,136.1,136.61,25514.715
2025-11-25T11:45:00+00:00,136.6,136.74,136.17,136.29,24478.243
2025-11-25T12:00:00+00:00,136.29,136.98,136.17,136.92,27290.018
2025-11-25T12:15:00+00:00,136.93,136.94,136.31,136.61,53759.609
2025-11-25T12:30:00+00:00,136.6,136.69,135.66,136.37,41248.677
2025-11-25T12:45:00+00:00,136.37,136.49,135.96,136.32,37064.714
2025-11-25T13:00:00+00:00,136.31,136.55,135.73,136.48,27242.595
2025-11-25T13:15:00+00:00,136.48,136.86,136.38,136.66,27819.592
2025-11-25T13:30:00+00:00,136.66,136.97,135.5,135.57,63780.438
2025-11-25T13:45:00+00:00,135.58,135.99,135.17,135.47,39913.572
2025-11-25T14:00:00+00:00,135.47,136.19,135.39,135.77,40816.711
2025-11-25T14:15:00+00:00,135.76,136.24,135.67,136.07,26868.429
2025-11-25T14:30:00+00:00,136.06,136.16,134.59,134.65,57103.995
2025-11-25T14:45:00+00:00,134.65,134.81,133.13,134.69,135723.55
2025-11-25T15:00:00+00:00,134.69,134.81,133.51,134.0,65628.154
2025-11-25T15:15:00+00:00,134.0,134.4,133.45,134.22,62634.204
2025-11-25T15:30:00+00:00,134.21,135.25,134.21,135.21,36668.498
2025-11-25T15:45:00+00:00,135.21,135.5,134.47,134.86,29607.218
2025-11-25T16:00:00+00:00,134.86,135.21,134.54,134.89,25165.741
2025-11-25T16:15:00+00:00,134.89,136.66,134.76,136.64,41876.044
2025-11-25T16:30:00+00:00,136.65,137.08,136.12,136.42,31002.442
2025-11-25T16:45:00+00:00,136.41,136.42,135.84,136.07,26415.832
2025-11-25T17:00:00+00:00,136.06,137.05,135.73,136.95,35188.765
2025-11-25T17:15:00+00:00,136.96,137.07,136.37,136.65,42781.568
2025-11-25T17:30:00+00:00,136.65,138.02,136.54,137.74,44351.229
2025-11-25T17:45:00+00:00,137.73,137.79,136.85,136.91,39463.446
2025-11-25T18:00:00+00:00,136.92,137.47,136.75,136.96,38983.15
2025-11-25T18:15:00+00:00,136.95,137.69,136.92,137.26,31982.886
2025-11-25T18:30:00+00:00,137.27,137.45,136.65,136.74,17906.061
2025-11-25T18:45:00+00:00,136.73,137.04,136.3,136.34,15965.637
2025-11-25T19:00:00+00:00,136.34,136.52,135.12,135.45,42192.468
2025-11-25T19:15:00+00:00,135.44,135.49,134.24,134.63,56959.641
2025-11-25T19:30:00+00:00,134.62,135.85,134.5,135.84,44648.376
2025-11-25T19:45:00+00:00,135.83,136.74,135.54,136.72,36267.612
2025-11-25T20:00:00+00:00,136.73,136.98,136.27,136.7,26331.249
2025-11-25T20:15:00+00:00,136.7,137.62,136.65,137.39,29957.673
2025-11-25T20:30:00+00:00,137.39,138.03,137.3,137.5,19688.912
2025-11-25T20:45:00+00:00,137.5,138.03,137.37,137.75,21334.157
2025-11-25T21:00:00+00:00,137.75,138.13,137.43,137.53,23241.909
2025-11-25T21:15:00+00:00,137.54,138.0,137.33,137.33,12339.234
2025-11-25T21:30:00+00:00,137.33,137.8,136.98,137.46,16429.507
2025-11-25T21:45:00+00:00,137.45,137.66,137.12,137.17,14834.254
2025-11-25T22:00:00+00:00,137.17,137.17,135.98,136.18,37305.856
2025-11-25T22:15:00+00:00,136.17,137.58,136.13,137.23,29614.2
2025-11-25T22:30:00+00:00,137.22,138.85,137.07,138.32,38546.986
2025-11-25T22:45:00+00:00,138.32,139.59,137.95,138.99,47343.813
2025-11-25T23:00:00+00:00,138.98,140.0,138.56,139.94,69653.205
2025-11-25T23:15:00+00:00,139.93,140.5,139.38,139.45,58795.576
2025-11-25T23:30:00+00:00,139.45,139.67,139.11,139.27,33726.325
2025-11-25T23:45:00+00:00,139.27,139.3,138.85,138.96,31604.296
2025-11-26T00:00:00+00:00,138.96,139.49,138.81,139.49,21393.211
2025-11-26T00:15:00+00:00,139.48,139.87,139.2,139.4,20665.427
2025-11-26T00:30:00+00:00,139.39,139.76,139.1,139.38,20191.235
2025-11-26T00:45:00+00:00,139.37,139.66,139.02,139.04,24196.263
2025-11-26T01:00:00+00:00,139.04,139.06,138.57,138.9,28283.758
2025-11-26T01:15:00+00:00,138.89,139.49,138.73,139.49,12546.475
2025-11-26T01:30:00+00:00,139.49,140.68,139.31,140.31,49412.141
2025-11-26T01:45:00+00:00,140.32,140.39,139.73,140.02,30853.996
2025-11-26T02:00:00+00:00,140.01,140.23,139.76,139.92,25757.702
2025-11-26T02:15:00+00:00,139.91,140.15,139.56,139.58,36463.385
2025-11-26T02:30:00+00:00,139.57,139.58,139.06,139.5,30644.285
2025-11-26T02:45:00+00:00,139.5,139.59,139.17,139.25,19294.964
2025-11-26T03:00:00+00:00,139.26,139.37,138.93,139.15,20152.372
2025-11-26T03:15:00+00:00,139.15,139.78,139.06,139.59,16106.536
2025-11-26T03:30:00+00:00,139.59,139.59,138.41,138.51,36387.139
2025-11-26T03:45:00+00:00,138.52,138.57,137.92,138.15,74280.044
2025-11-26T04:00:00+00:00,138.15,138.48,137.72,137.95,31843.638
2025-11-26T04:15:00+00:00,137.95,138.5,137.95,138.38,16742.033
2025-11-26T04:30:00+00:00,138.38,138.55,138.17,138.32,36430.216
2025-11-26T04:45:00+00:00,138.31,138.37,138.02,138.04,11212.074
2025-11-26T05:00:00+00:00,138.04,138.68,137.99,138.46,10613.994
2025-11-26T05:15:00+00:00,138.46,138.9,138.38,138.62,12800.772
2025-11-26T05:30:00+00:00,138.62,138.92,138.59,138.8,11089.208
2025-11-26T05:45:00+00:00,138.8,139.29,138.69,139.02,23103.963
2025-11-26T06:00:00+00:00,139.01,139.21,138.77,138.98,24618.618
2025-11-26T06:15:00+00:00,138.99,139.0,138.44,138.73,33215.356
2025-11-26T06:30:00+00:00,138.73,139.17,138.41,139.17,32328.829
2025-11-26T06:45:00+00:00,139.17,139.77,138.95,139.56,46189.048
2025-11-26T07:00:00+00:00,139.56,139.71,139.1,139.33,31000.152
2025-11-26T07:15:00+00:00,139.33,139.83,139.27,139.73,44766.004
2025-11-26T07:30:00+00:00,139.73,139.82,139.35,139.45,28128.298
2025-11-26T07:45:00+00:00,139.45,139.95,139.35,139.89,28671.124
2025-11-26T08:00:00+00:00,139.88,139.93,139.07,139.17,37305.35
2025-11-26T08:15:00+00:00,139.16,139.2,138.27,138.31,39279.84
2025-11-26T08:30:00+00:00,138.31,138.5,138.0,138.2,34376.461
2025-11-26T08:45:00+00:00,138.19,138.5,137.91,137.93,28397.144
2025-11-26T09:00:00+00:00,137.93,138.14,137.05,137.53,63349.838
2025-11-26T09:15:00+00:00,137.53,137.57,136.54,136.6,58145.363
2025-11-26T09:30:00+00:00,136.6,136.78,136.21,136.53,41883.053
2025-11-26T09:45:00+00:00,136.53,136.89,136.31,136.72,30396.378
2025-11-26T10:00:00+00:00,136.72,137.45,136.7,137.14,35823.026
2025-11-26T10:15:00+00:00,137.14,137.39,136.82,137.05,25790.468
2025-11-26T10:30:00+00:00,137.05,137.27,136.61,137.17,13764.381
2025-11-26T10:45:00+00:00,137.17,137.39,137.03,137.27,12267.721
2025-11-26T11:00:00+00:00,137.28,137.38,137.02,137.2,10362.245
2025-11-26T11:15:00+00:00,137.19,137.25,136.83,136.89,10543.17
2025-11-26T11:30:00+00:00,136.89,136.94,136.6,136.94,29041.262
2025-11-26T11:45:00+00:00,136.93,137.03,136.65,136.87,11454.389
2025-11-26T12:00:00+00:00,136.86,137.1,135.85,135.86,42841.044
2025-11-26T12:15:00+00:00,135.85,136.2,135.56,136.06,25633.656
2025-11-26T12:30:00+00:00,136.06,136.11,135.79,135.89,19861.456
2025-11-26T12:45:00+00:00,135.88,136.0,135.62,135.65,33290.058
2025-11-26T13:00:00+00:00,135.64,136.06,135.5,135.79,24086.23
2025-11-26T13:15:00+00:00,135.78,136.39,135.77,136.1,31540.27
2025-11-26T13:30:00+00:00,136.09,136.92,135.71,136.67,30227.992
2025-11-26T13:45:00+00:00,136.68,136.86,136.38,136.73,23225.348
2025-11-26T14:00:00+00:00,136.73,137.02,136.14,136.89,38422.07
2025-11-26T14:15:00+00:00,136.89,137.2,136.58,137.05,42444.727
2025-11-26T14:30:00+00:00,137.05,137.35,136.02,136.74,59635.177
2025-11-26T14:45:00+00:00,136.74,138.29,135.7,136.32,219238.508
2025-11-26T15:00:00+00:00,136.31,136.96,135.82,136.53,141897.344
2025-11-26T15:15:00+00:00,136.53,137.38,136.11,137.24,39805.62
2025-11-26T15:30:00+00:00,137.24,137.45,136.35,136.36,34123.838
2025-11-26T15:45:00+00:00,136.35,136.96,135.78,136.66,81912.362
2025-11-26T16:00:00+00:00,136.67,137.52,136.61,137.47,39081.102
2025-11-26T16:15:00+00:00,137.47,137.97,137.46,137.75,25208.456
2025-11-26T16:30:00+00:00,137.75,138.1,136.78,136.9,47809.666
2025-11-26T16:45:00+00:00,136.9,137.19,136.46,137.06,30215.458
2025-11-26T17:00:00+00:00,137.07,137.52,136.9,137.01,21672.727
2025-11-26T17:15:00+00:00,137.0,138.81,136.75,138.71,39752.383
2025-11-26T17:30:00+00:00,138.7,139.92,138.35,139.85,86262.171
2025-11-26T17:45:00+00:00,139.85,141.04,139.82,140.75,104005.32
2025-11-26T18:00:00+00:00,140.76,142.66,140.7,142.52,173170.468
2025-11-26T18:15:00+00:00,142.52,144.31,142.5,144.19,256930.67
2025-11-26T18:30:00+00:00,144.2,144.36,142.87,143.14,125091.177
2025-11-26T18:45:00+00:00,143.14,144.71,143.13,144.63,93942.81
2025-11-26T19:00:00+00:00,144.64,144.75,143.72,143.79,103996.556
2025-11-26T19:15:00+00:00,143.8,144.42,143.67,144.14,43542.248
2025-11-26T19:30:00+00:00,144.14,144.67,144.02,144.4,37737.278
2025-11-26T19:45:00+00:00,144.4,144.5,143.82,143.99,39221.221
2025-11-26T20:00:00+00:00,143.99,144.03,142.8,143.54,49193.762
2025-11-26T20:15:00+00:00,143.54,143.62,142.99,143.35,25386.992
2025-11-26T20:30:00+00:00,143.35,143.54,142.64,142.74,40228.002
2025-11-26T20:45:00+00:00,142.74,143.17,142.53,142.91,39125.1
2025-11-26T21:00:00+00:00,142.9,143.39,142.85,143.11,32894.336
2025-11-26T21:15:00+00:00,143.11,143.91,142.87,143.8,28311.727
2025-11-26T21:30:00+00:00,143.8,144.21,143.78,143.93,30631.516
2025-11-26T21:45:00+00:00,143.94,144.23,143.51,143.53,20987.396
2025-11-26T22:00:00+00:00,143.52,144.11,143.33,143.71,56273.414
2025-11-26T22:15:00+00:00,143.71,143.92,143.02,143.37,30730.252
2025-11-26T22:30:00+00:00,143.37,143.55,143.02,143.04,17618.902
2025-11-26T22:45:00+00:00,143.04,143.24,142.8,143.06,42996.306
2025-11-26T23:00:00+00:00,143.05,143.45,142.85,143.3,27924.174
2025-11-26T23:15:00+00:00,143.29,143.29,142.64,142.67,18253.596
2025-11-26T23:30:00+00:00,142.67,142.92,142.51,142.79,17699.394
2025-11-26T23:45:00+00:00,142.79,143.13,142.74,143.02,16220.041
2025-11-27T00:00:00+00:00,143.01,143.25,142.23,142.27,35631.371
2025-11-27T00:15:00+00:00,142.27,142.89,142.24,142.63,19428.199
2025-11-27T00:30:00+00:00,142.63,143.22,142.59,143.06,12184.268
2025-11-27T00:45:00+00:00,143.06,143.75,142.76,142.83,29525.754
2025-11-27T01:00:00+00:00,142.84,143.7,142.69,142.88,35902.448
2025-11-27T01:15:00+00:00,142.88,142.97,142.13,142.34,17638.381
2025-11-27T01:30:00+00:00,142.33,142.65,142.07,142.63,12907.933
2025-11-27T01:45:00+00:00,142.63,143.51,142.41,143.31,26444.163
2025-11-27T02:00:00+00:00,143.3,143.41,142.8,143.18,23811.094
2025-11-27T02:15:00+00:00,143.18,143.76,143.06,143.71,26405.283
2025-11-27T02:30:00+00:00,143.7,144.14,143.39,143.94,31062.834
2025-11-27T02:45:00+00:00,143.93,144.01,143.0,143.0,36862.25
2025-11-27T03:00:00+00:00,143.0,143.64,142.85,143.39,38467.996
2025-11-27T03:15:00+00:00,143.39,143.72,143.1,143.1,27843.063
2025-11-27T03:30:00+00:00,143.1,143.1,142.59,142.78,29945.099
2025-11-27T03:45:00+00:00,142.79,142.84,142.35,142.52,23583.679
2025-11-27T04:00:00+00:00,142.52,143.02,142.33,142.87,28992.17
2025-11-27T04:15:00+00:00,142.87,143.03,142.46,142.51,13702.972
2025-11-27T04:30:00+00:00,142.5,142.96,142.39,142.78,9357.615
2025-11-27T04:45:00+00:00,142.79,142.95,142.76,142.87,13151.294
2025-11-27T05:00:00+00:00,142.86,143.21,142.7,143.06,16298.676
2025-11-27T05:15:00+00:00,143.07,143.49,142.87,143.13,16928.239
2025-11-27T05:30:00+00:00,143.12,143.21,142.58,142.7,27556.384
2025-11-27T05:45:00+00:00,142.71,142.84,142.55,142.77,17644.896
2025-11-27T06:00:00+00:00,142.78,143.6,142.77,143.54,28306.189
2025-11-27T06:15:00+00:00,143.54,143.76,143.27,143.76,22061.86
2025-11-27T06:30:00+00:00,143.76,143.79,143.5,143.73,21150.608
2025-11-27T06:45:00+00:00,143.73,144.14,143.53,143.95,23233.44
2025-11-27T07:00:00+00:00,143.96,143.99,143.74,143.75,20615.198
2025-11-27T07:15:00+00:00,143.75,144.29,143.61,144.02,28041.636
2025-11-27T07:30:00+00:00,144.02,144.02,143.62,143.73,33581.152
2025-11-27T07:45:00+00:00,143.72,144.04,143.67,143.77,14686.313
2025-11-27T08:00:00+00:00,143.77,143.9,143.0,143.04,25764.392
2025-11-27T08:15:00+00:00,143.05,143.15,142.3,142.47,32589.212
2025-11-27T08:30:00+00:00,142.46,142.61,142.12,142.27,24481.902
2025-11-27T08:45:00+00:00,142.28,142.59,142.25,142.59,19412.833
2025-11-27T09:00:00+00:00,142.6,142.62,142.25,142.34,17437.368
2025-11-27T09:15:00+00:00,142.35,142.93,142.14,142.19,15699.24
2025-11-27T09:30:00+00:00,142.19,143.06,142.19,142.73,16080.018
2025-11-27T09:45:00+00:00,142.73,142.73,141.65,141.74,43373.627
2025-11-27T10:00:00+00:00,141.74,141.96,141.51,141.61,18103.537
2025-11-27T10:15:00+00:00,141.61,142.23,141.58,141.97,20639.514
2025-11-27T10:30:00+00:00,141.96,142.13,141.55,142.06,26464.365
2025-11-27T10:45:00+00:00,142.05,142.35,141.83,142.31,9564.548
2025-11-27T11:00:00+00:00,142.32,142.34,141.95,142.09,11518.069
2025-11-27T11:15:00+00:00,142.1,142.2,141.78,141.88,8785.472
2025-11-27T11:30:00+00:00,141.87,142.24,141.67,142.18,27446.053
2025-11-27T11:45:00+00:00,142.17,142.27,142.03,142.08,8001.074
2025-11-27T12:00:00+00:00,142.08,142.19,141.81,142.05,11518.858
2025-11-27T12:15:00+00:00,142.05,142.12,141.43,141.62,24492.967
2025-11-27T12:30:00+00:00,141.62,141.85,141.25,141.27,18886.218
2025-11-27T12:45:00+00:00,141.26,141.38,140.99,141.13,32853.17
2025-11-27T13:00:00+00:00,141.13,141.54,141.01,141.23,21305.362
2025-11-27T13:15:00+00:00,141.23,141.41,140.9,141.27,42934.381
2025-11-27T13:30:00+00:00,141.28,141.41,140.67,140.97,26361.913
2025-11-27T13:45:00+00:00,140.97,141.45,140.88,141.24,19505.228
2025-11-27T14:00:00+00:00,141.24,141.4,140.98,141.12,21535.475
2025-11-27T14:15:00+00:00,141.11,141.72,140.85,141.65,22937.857
2025-11-27T14:30:00+00:00,141.65,141.8,141.01,141.27,31848.283
2025-11-27T14:45:00+00:00,141.27,141.5,141.07,141.26,19320.724
2025-11-27T15:00:00+00:00,141.26,141.72,141.07,141.18,26253.123
2025-11-27T15:15:00+00:00,141.17,141.68,141.17,141.53,16767.051
2025-11-27T15:30:00+00:00,141.53,142.19,141.4,141.94,30021.831
2025-11-27T15:45:00+00:00,141.93,142.54,141.85,142.15,40838.484
2025-11-27T16:00:00+00:00,142.15,142.45,141.61,142.25,31699.852
2025-11-27T16:15:00+00:00,142.25,142.46,141.62,141.74,26994.62
2025-11-27T16:30:00+00:00,141.75,142.27,141.66,141.87,23310.498
2025-11-27T16:45:00+00:00,141.86,142.28,141.6,142.2,78645.931
2025-11-27T17:00:00+00:00,142.2,142.26,141.86,141.96,56172.265
2025-11-27T17:15:00+00:00,141.95,142.28,141.86,141.94,47665.449
2025-11-27T17:30:00+00:00,141.94,142.1,141.46,141.5,27900.536
2025-11-27T17:45:00+00:00,141.5,141.74,141.43,141.61,26216.575
2025-11-27T18:00:00+00:00,141.6,142.05,141.52,141.91,69680.504
2025-11-27T18:15:00+00:00,141.9,142.34,141.84,142.14,36011.052
2025-11-27T18:30:00+00:00,142.14,142.94,142.05,142.77,37644.884
2025-11-27T18:45:00+00:00,142.76,143.15,142.73,142.94,20774.691
2025-11-27T19:00:00+00:00,142.93,142.93,142.43,142.52,16072.54
2025-11-27T19:15:00+00:00,142.51,142.56,142.25,142.5,8438.209
2025-11-27T19:30:00+00:00,142.51,142.87,142.33,142.87,22253.103
2025-11-27T19:45:00+00:00,142.86,142.94,142.56,142.73,19051.995
2025-11-27T20:00:00+00:00,142.73,142.91,142.62,142.84,23817.674
2025-11-27T20:15:00+00:00,142.84,142.85,142.54,142.72,17589.955
2025-11-27T20:30:00+00:00,142.73,142.9,142.42,142.64,16115.419
2025-11-27T20:45:00+00:00,142.65,142.81,142.44,142.48,14790.406
2025-11-27T21:00:00+00:00,142.47,142.47,141.79,142.07,27138.559
2025-11-27T21:15:00+00:00,142.06,142.56,141.96,142.38,27094.534
2025-11-27T21:30:00+00:00,142.39,142.45,142.07,142.14,8992.007
2025-11-27T21:45:00+00:00,142.15,142.35,141.8,141.93,14291.588
2025-11-27T22:00:00+00:00,141.93,142.04,141.48,141.82,29891.117
2025-11-27T22:15:00+00:00,141.82,141.97,141.66,141.95,9017.447
2025-11-27T22:30:00+00:00,141.96,142.03,140.94,140.99,26752.633
2025-11-27T22:45:00+00:00,140.99,141.09,140.51,140.82,20397.675
2025-11-27T23:00:00+00:00,140.81,141.27,140.72,141.23,14693.195
2025-11-27T23:15:00+00:00,141.24,141.45,140.83,140.92,12170.281
2025-11-27T23:30:00+00:00,140.91,141.07,140.47,141.02,13702.96
2025-11-27T23:45:00+00:00,141.01,141.01,140.72,140.85,10990.429
2025-11-28T00:00:00+00:00,140.85,141.04,140.52,140.59,11354.844
2025-11-28T00:15:00+00:00,140.6,141.1,140.49,141.03,13497.806
2025-11-28T00:30:00+00:00,141.04,141.45,140.59,140.77,15630.951
2025-11-28T00:45:00+00:00,140.77,141.04,140.68,141.0,11630.8
2025-11-28T01:00:00+00:00,141.01,141.05,139.82,140.03,47281.058
2025-11-28T01:15:00+00:00,140.03,140.1,139.3,139.61,35601.787
2025-11-28T01:30:00+00:00,139.61,139.89,139.22,139.77,23752.857
2025-11-28T01:45:00+00:00,139.77,139.85,138.85,139.05,34594.151
2025-11-28T02:00:00+00:00,139.06,139.4,138.87,139.27,25897.031
2025-11-28T02:15:00+00:00,139.28,139.45,138.64,138.69,22219.291
2025-11-28T02:30:00+00:00,138.7,139.09,138.59,139.0,21142.95
2025-11-28T02:45:00+00:00,139.0,139.63,138.99,139.49,22235.966
2025-11-28T03:00:00+00:00,139.5,139.73,139.31,139.32,39617.558
2025-11-28T03:15:00+00:00,139.32,139.64,139.16,139.52,18740.194
2025-11-28T03:30:00+00:00,139.52,139.87,139.3,139.4,57050.137
2025-11-28T03:45:00+00:00,139.41,139.76,139.35,139.68,13843.492
2025-11-28T04:00:00+00:00,139.68,140.05,139.55,140.02,21229.163
2025-11-28T04:15:00+00:00,140.02,140.23,139.79,139.81,14599.639
2025-11-28T04:30:00+00:00,139.8,140.25,139.73,139.87,12201.174
2025-11-28T04:45:00+00:00,139.87,140.13,139.8,140.07,11971.848
2025-11-28T05:00:00+00:00,140.06,140.44,139.86,140.25,12818.872
2025-11-28T05:15:00+00:00,140.25,140.6,140.0,140.37,89948.114
2025-11-28T05:30:00+00:00,140.36,140.55,140.22,140.49,21858.711
2025-11-28T05:45:00+00:00,140.49,140.57,140.32,140.37,15472.517
2025-11-28T06:00:00+00:00,140.37,140.37,139.9,140.01,15064.854
2025-11-28T06:15:00+00:00,140.01,140.01,139.52,139.58,18928.09
2025-11-28T06:30:00+00:00,139.58,139.7,139.21,139.6,22680.413
2025-11-28T06:45:00+00:00,139.6,139.71,139.46,139.47,12951.106
2025-11-28T07:00:00+00:00,139.47,139.82,139.39,139.74,7847.534
2025-11-28T07:15:00+00:00,139.74,140.05,139.61,139.99,13843.971
2025-11-28T07:30:00+00:00,139.98,139.99,139.14,139.28,26931.912
2025-11-28T07:45:00+00:00,139.28,139.37,138.97,138.97,19081.599
2025-11-28T08:00:00+00:00,138.98,139.75,138.95,139.58,26980.946
2025-11-28T08:15:00+00:00,139.59,139.98,139.42,139.83,14628.729
2025-11-28T08:30:00+00:00,139.83,140.32,139.62,140.08,22476.754
2025-11-28T08:45:00+00:00,140.09,141.62,140.05,141.48,60840.718
2025-11-28T09:00:00+00:00,141.48,142.64,141.04,142.41,165041.112
2025-11-28T09:15:00+00:00,142.41,142.41,141.76,141.99,27427.431
2025-11-28T09:30:00+00:00,142.0,142.21,141.44,141.59,81278.208
2025-11-28T09:45:00+00:00,141.59,141.8,141.58,141.7,15366.91
2025-11-28T10:00:00+00:00,141.69,141.88,141.58,141.72,10473.249
2025-11-28T10:15:00+00:00,141.72,142.25,141.62,141.93,40910.393
2025-11-28T10:30:00+00:00,141.94,142.06,141.75,141.89,15758.406
2025-11-28T10:45:00+00:00,141.89,142.38,141.73,142.07,43714.941
2025-11-28T11:00:00+00:00,142.08,142.08,140.73,140.75,25917.575
2025-11-28T11:15:00+00:00,140.76,140.76,139.96,140.49,36975.7
2025-11-28T11:30:00+00:00,140.48,140.69,140.38,140.51,11986.889
2025-11-28T11:45:00+00:00,140.51,141.05,140.51,140.99,14983.398
2025-11-28T12:00:00+00:00,140.99,141.56,140.91,141.07,95032.192
2025-11-28T12:15:00+00:00,141.07,141.3,140.85,141.09,18419.769
2025-11-28T12:30:00+00:00,141.09,141.26,140.85,140.86,11786.338
2025-11-28T12:45:00+00:00,140.86,141.07,140.77,140.79,8698.424
2025-11-28T13:00:00+00:00,140.8,140.98,140.43,140.65,15032.919
2025-11-28T13:15:00+00:00,140.65,141.17,140.56,141.12,13539.122
2025-11-28T13:30:00+00:00,141.12,142.37,141.06,142.01,94091.801
2025-11-28T13:45:00+00:00,142.01,143.4,141.99,142.51,94118.514
2025-11-28T14:00:00+00:00,142.52,142.74,142.02,142.42,35545.015
2025-11-28T14:15:00+00:00,142.42,143.55,142.23,143.36,79535.156
2025-11-28T14:30:00+00:00,143.37,143.54,142.04,142.26,63046.398
2025-11-28T14:45:00+00:00,142.25,142.83,141.72,142.59,53551.023
2025-11-28T15:00:00+00:00,142.59,142.86,142.07,142.33,46373.53
2025-11-28T15:15:00+00:00,142.33,143.18,142.11,142.72,74699.661
2025-11-28T15:30:00+00:00,142.73,143.6,141.88,142.01,165460.166
2025-11-28T15:45:00+00:00,142.01,142.05,141.31,141.61,68250.146
2025-11-28T16:00:00+00:00,141.62,141.65,140.66,140.92,51073.946
2025-11-28T16:15:00+00:00,140.92,141.19,139.43,139.48,70576.228
2025-11-28T16:30:00+00:00,139.47,139.75,138.95,139.39,84978.306
2025-11-28T16:45:00+00:00,139.39,139.65,138.76,138.79,46464.613
2025-11-28T17:00:00+00:00,138.8,138.84,137.55,137.57,78916.205
2025-11-28T17:15:00+00:00,137.56,137.69,136.83,137.19,75681.844
2025-11-28T17:30:00+00:00,137.19,137.63,137.0,137.16,57084.323
2025-11-28T17:45:00+00:00,137.15,137.92,136.77,137.18,79002.642
2025-11-28T18:00:00+00:00,137.18,137.54,136.01,137.39,97083.793
2025-11-28T18:15:00+00:00,137.39,137.54,136.6,137.06,44009.007
2025-11-28T18:30:00+00:00,137.06,137.36,136.53,137.23,36389.196
2025-11-28T18:45:00+00:00,137.23,137.53,136.82,137.18,44623.919
2025-11-28T19:00:00+00:00,137.18,137.7,137.05,137.45,57634.291
2025-11-28T19:15:00+00:00,137.46,137.9,137.3,137.81,33521.829
2025-11-28T19:30:00+00:00,137.81,137.99,137.57,137.78,23301.983
2025-11-28T19:45:00+00:00,137.79,137.86,137.45,137.53,16410.652
2025-11-28T20:00:00+00:00,137.54,137.54,136.93,137.09,26698.039
2025-11-28T20:15:00+00:00,137.08,137.74,136.97,137.64,19413.709
2025-11-28T20:30:00+00:00,137.65,137.88,137.47,137.56,13248.057
2025-11-28T20:45:00+00:00,137.55,137.98,137.39,137.9,18988.005
2025-11-28T21:00:00+00:00,137.9,138.04,137.59,137.69,11543.185
2025-11-28T21:15:00+00:00,137.7,137.72,137.31,137.62,21395.494
2025-11-28T21:30:00+00:00,137.62,137.98,137.53,137.88,7879.981
2025-11-28T21:45:00+00:00,137.88,137.88,137.31,137.4,11313.741
2025-11-28T22:00:00+00:00,137.4,137.5,137.01,137.23,30704.615
2025-11-28T22:15:00+00:00,137.23,137.3,136.59,137.14,56270.546
2025-11-28T22:30:00+00:00,137.15,137.59,137.1,137.57,13208.924
2025-11-28T22:45:00+00:00,137.57,137.88,137.52,137.81,16663.107
2025-11-28T23:00:00+00:00,137.8,138.3,137.8,137.9,14788.035
2025-11-28T23:15:00+00:00,137.9,138.01,137.7,137.71,10512.203
2025-11-28T23:30:00+00:00,137.7,137.72,137.43,137.56,17756.395
2025-11-28T23:45:00+00:00,137.56,137.56,137.28,137.33,11911.295
2025-11-29T00:00:00+00:00,137.33,137.55,137.25,137.41,9951.544
2025-11-29T00:15:00+00:00,137.41,137.74,137.15,137.63,9331.737
2025-11-29T00:30:00+00:00,137.64,137.89,137.46,137.82,8507.041
2025-11-29T00:45:00+00:00,137.82,137.87,137.38,137.66,31250.692
2025-11-29T01:00:00+00:00,137.65,137.83,137.45,137.74,15151.154
2025-11-29T01:15:00+00:00,137.73,137.84,137.31,137.54,9900.514
2025-11-29T01:30:00+00:00,137.55,137.64,137.26,137.42,10290.359
2025-11-29T01:45:00+00:00,137.42,137.54,137.26,137.41,10370.675
2025-11-29T02:00:00+00:00,137.42,137.6,137.27,137.59,18241.226
2025-11-29T02:15:00+00:00,137.59,137.71,137.35,137.35,18295.413
2025-11-29T02:30:00+00:00,137.35,137.45,136.89,136.98,39259.741
2025-11-29T02:45:00+00:00,136.99,137.26,136.9,137.21,11673.803
2025-11-29T03:00:00+00:00,137.2,137.4,137.0,137.22,23965.632
2025-11-29T03:15:00+00:00,137.22,137.39,137.04,137.04,9728.978
2025-11-29T03:30:00+00:00,137.03,137.12,136.7,136.94,13293.805
2025-11-29T03:45:00+00:00,136.95,136.97,136.82,136.83,7543.085
2025-11-29T04:00:00+00:00,136.84,137.03,136.84,136.94,6594.12
2025-11-29T04:15:00+00:00,136.93,137.27,136.84,137.22,7337.017
2025-11-29T04:30:00+00:00,137.22,137.27,137.06,137.16,10759.362
2025-11-29T04:45:00+00:00,137.16,137.72,137.16,137.64,16714.707
2025-11-29T05:00:00+00:00,137.65,137.66,137.37,137.37,36483.53
2025-11-29T05:15:00+00:00,137.38,137.63,137.34,137.5,10891.807
2025-11-29T05:30:00+00:00,137.5,137.61,137.36,137.44,6539.577
2025-11-29T05:45:00+00:00,137.44,137.53,137.14,137.22,6130.216
2025-11-29T06:00:00+00:00,137.22,137.6,137.18,137.53,20011.48
2025-11-29T06:15:00+00:00,137.54,137.56,136.68,136.71,59645.26
2025-11-29T06:30:00+00:00,136.7,137.02,136.22,136.99,68933.95
2025-11-29T06:45:00+00:00,136.98,137.19,136.79,137.11,13441.622
2025-11-29T07:00:00+00:00,137.11,137.31,137.0,137.18,8127.996
2025-11-29T07:15:00+00:00,137.19,137.54,137.18,137.47,13450.723
2025-11-29T07:30:00+00:00,137.47,137.55,137.1,137.13,15996.91
2025-11-29T07:45:00+00:00,137.12,137.5,136.93,137.28,15419.384
2025-11-29T08:00:00+00:00,137.28,137.47,137.07,137.38,16809.704
2025-11-29T08:15:00+00:00,137.38,137.48,136.95,137.08,20157.725
2025-11-29T08:30:00+00:00,137.08,137.27,136.64,136.8,30295.89
2025-11-29T08:45:00+00:00,136.81,136.98,136.76,136.98,17499.263
2025-11-29T09:00:00+00:00,136.98,137.12,136.82,136.96,15415.547
2025-11-29T09:15:00+00:00,136.96,137.05,136.69,136.71,15441.62
2025-11-29T09:30:00+00:00,136.71,136.9,136.66,136.77,15750.818
2025-11-29T09:45:00+00:00,136.76,136.77,136.6,136.67,15287.587
2025-11-29T10:00:00+00:00,136.68,136.93,136.42,136.73,21840.12
2025-11-29T10:15:00+00:00,136.74,137.01,136.39,136.91,33483.944
2025-11-29T10:30:00+00:00,136.91,137.01,136.79,136.88,9605.057
2025-11-29T10:45:00+00:00,136.87,136.99,136.71,136.82,8475.411
2025-11-29T11:00:00+00:00,136.81,136.98,136.66,136.93,7872.134
2025-11-29T11:15:00+00:00,136.94,136.98,136.75,136.97,12700.474
2025-11-29T11:30:00+00:00,136.97,137.33,136.92,137.3,11083.219
2025-11-29T11:45:00+00:00,137.29,137.37,137.22,137.33,13410.363
2025-11-29T12:00:00+00:00,137.33,137.47,137.11,137.14,14333.018
2025-11-29T12:15:00+00:00,137.13,137.16,136.9,136.91,13035.641
2025-11-29T12:30:00+00:00,136.9,137.12,136.87,137.09,6494.26
2025-11-29T12:45:00+00:00,137.09,137.13,136.94,136.94,5480.046
2025-11-29T13:00:00+00:00,136.94,137.08,136.7,136.73,12378.209
2025-11-29T13:15:00+00:00,136.73,136.97,136.67,136.96,10643.883
2025-11-29T13:30:00+00:00,136.96,137.0,136.68,136.77,8367.381
2025-11-29T13:45:00+00:00,136.76,136.98,136.73,136.91,12955.914
2025-11-29T14:00:00+00:00,136.91,136.91,136.55,136.79,10281.368
2025-11-29T14:15:00+00:00,136.79,136.88,136.67,136.78,10485.837
2025-11-29T14:30:00+00:00,136.77,136.89,136.5,136.61,12039.714
2025-11-29T14:45:00+00:00,136.6,136.84,136.51,136.54,10181.388
2025-11-29T15:00:00+00:00,136.54,136.93,136.54,136.86,13029.933
2025-11-29T15:15:00+00:00,136.86,137.66,136.86,137.23,63271.736
2025-11-29T15:30:00+00:00,137.22,137.42,136.98,137.15,14511.879
2025-11-29T15:45:00+00:00,137.15,137.61,137.14,137.58,16865.839
2025-11-29T16:00:00+00:00,137.58,137.64,137.26,137.38,16414.43
2025-11-29T16:15:00+00:00,137.39,137.84,137.05,137.18,19829.883
2025-11-29T16:30:00+00:00,137.19,137.5,137.11,137.41,17207.803
2025-11-29T16:45:00+00:00,137.41,137.83,137.3,137.66,10667.724
2025-11-29T17:00:00+00:00,137.67,138.1,137.11,137.23,63718.517
2025-11-29T17:15:00+00:00,137.23,137.37,136.98,137.02,36094.548
2025-11-29T17:30:00+00:00,137.01,137.03,136.47,136.82,24153.609
2025-11-29T17:45:00+00:00,136.82,136.91,136.07,136.19,49188.067
2025-11-29T18:00:00+00:00,136.19,136.35,135.53,135.99,68993.148
2025-11-29T18:15:00+00:00,135.99,136.17,135.21,135.35,49504.301
2025-11-29T18:30:00+00:00,135.34,135.93,134.76,135.86,82622.421
2025-11-29T18:45:00+00:00,135.87,136.0,135.53,135.69,15694.903
2025-11-29T19:00:00+00:00,135.69,136.2,135.42,135.99,18535.391
2025-11-29T19:15:00+00:00,135.98,136.24,135.8,136.18,26153.851
2025-11-29T19:30:00+00:00,136.17,136.23,135.64,135.76,16280.609
2025-11-29T19:45:00+00:00,135.75,135.87,135.57,135.68,11645.521
2025-11-29T20:00:00+00:00,135.67,135.76,135.39,135.42,13394.082
2025-11-29T20:15:00+00:00,135.42,135.8,135.33,135.72,10918.855
2025-11-29T20:30:00+00:00,135.73,135.95,135.58,135.92,8655.606
2025-11-29T20:45:00+00:00,135.92,136.33,135.82,136.23,26056.843
2025-11-29T21:00:00+00:00,136.24,136.3,135.76,135.86,10176.944
2025-11-29T21:15:00+00:00,135.86,136.17,135.82,136.13,9700.987
2025-11-29T21:30:00+00:00,136.13,136.25,136.02,136.13,6277.416
2025-11-29T21:45:00+00:00,136.12,136.52,136.09,136.46,10527.255
2025-11-29T22:00:00+00:00,136.45,136.46,135.61,135.64,15549.337
2025-11-29T22:15:00+00:00,135.64,135.92,135.53,135.53,47291.608
2025-11-29T22:30:00+00:00,135.52,135.91,135.38,135.9,45806.521
2025-11-29T22:45:00+00:00,135.91,136.05,135.69,135.81,12648.279
2025-11-29T23:00:00+00:00,135.82,135.95,135.49,135.57,15912.942
2025-11-29T23:15:00+00:00,135.58,136.15,135.53,135.97,20216.444
2025-11-29T23:30:00+00:00,135.97,136.2,135.95,136.03,7530.744
2025-11-29T23:45:00+00:00,136.02,136.18,135.88,135.91,9234.6
2025-11-30T00:00:00+00:00,135.92,136.36,135.85,136.33,13552.309
2025-11-30T00:15:00+00:00,136.33,136.45,136.03,136.04,25659.716
2025-11-30T00:30:00+00:00,136.05,136.18,135.73,136.11,32958.298
2025-11-30T00:45:00+00:00,136.1,136.1,135.86,135.95,21674.856
2025-11-30T01:00:00+00:00,135.95,136.47,135.86,136.26,51429.522
2025-11-30T01:15:00+00:00,136.27,136.46,135.98,136.13,21465.174
2025-11-30T01:30:00+00:00,136.12,136.61,136.12,136.42,25523.155
2025-11-30T01:45:00+00:00,136.42,136.47,136.24,136.29,16517.926
2025-11-30T02:00:00+00:00,136.3,136.72,136.27,136.63,31318.732
2025-11-30T02:15:00+00:00,136.63,136.8,136.5,136.59,27002.815
2025-11-30T02:30:00+00:00,136.59,136.59,135.85,135.93,31926.213
2025-11-30T02:45:00+00:00,135.93,136.1,135.86,135.93,15218.666
2025-11-30T03:00:00+00:00,135.92,136.09,135.53,135.65,42541.642
2025-11-30T03:15:00+00:00,135.64,135.79,135.25,135.7,42093.475
2025-11-30T03:30:00+00:00,135.7,136.48,135.66,136.47,18175.445
2025-11-30T03:45:00+00:00,136.48,136.5,136.24,136.4,14028.724
2025-11-30T04:00:00+00:00,136.41,136.95,136.26,136.64,27017.513
2025-11-30T04:15:00+00:00,136.63,136.64,136.4,136.49,26363.869
2025-11-30T04:30:00+00:00,136.48,136.48,136.23,136.31,6303.714
2025-11-30T04:45:00+00:00,136.3,136.5,136.22,136.34,5407.245
2025-11-30T05:00:00+00:00,136.35,136.35,135.95,136.01,10585.626
2025-11-30T05:15:00+00:00,136.01,136.09,135.62,135.67,13842.912
2025-11-30T05:30:00+00:00,135.67,135.95,135.57,135.84,7653.152
2025-11-30T05:45:00+00:00,135.84,135.97,135.75,135.77,9377.74
2025-11-30T06:00:00+00:00,135.77,136.02,135.52,135.7,29548.177
2025-11-30T06:15:00+00:00,135.7,136.15,135.6,136.13,10349.827
2025-11-30T06:30:00+00:00,136.13,136.49,136.11,136.34,17601.773
2025-11-30T06:45:00+00:00,136.34,136.42,136.22,136.33,9703.875
2025-11-30T07:00:00+00:00,136.33,136.45,136.19,136.41,9487.193
2025-11-30T07:15:00+00:00,136.41,136.49,136.32,136.39,11597.943
2025-11-30T07:30:00+00:00,136.39,136.55,136.26,136.31,22251.014
2025-11-30T07:45:00+00:00,136.32,136.72,136.31,136.53,20335.248
2025-11-30T08:00:00+00:00,136.52,136.68,136.38,136.62,11968.328
2025-11-30T08:15:00+00:00,136.62,137.09,136.47,136.6,30411.762
2025-11-30T08:30:00+00:00,136.6,136.71,136.12,136.69,23334.502
2025-11-30T08:45:00+00:00,136.7,136.94,136.53,136.81,45330.503
2025-11-30T09:00:00+00:00,136.81,137.1,136.7,136.88,21878.226
2025-11-30T09:15:00+00:00,136.87,137.04,136.5,136.67,18043.089
2025-11-30T09:30:00+00:00,136.66,136.8,136.46,136.79,10978.498
2025-11-30T09:45:00+00:00,136.79,136.92,136.61,136.82,12155.246
2025-11-30T10:00:00+00:00,136.82,136.92,136.59,136.7,12704.062
2025-11-30T10:15:00+00:00,136.7,136.95,136.63,136.95,12448.342
2025-11-30T10:30:00+00:00,136.95,136.96,136.52,136.64,12158.577
2025-11-30T10:45:00+00:00,136.65,136.77,136.58,136.68,7041.409
2025-11-30T11:00:00+00:00,136.67,136.9,136.6,136.67,9506.357
2025-11-30T11:15:00+00:00,136.66,136.75,136.37,136.49,9260.757
2025-11-30T11:30:00+00:00,136.49,136.57,136.23,136.5,9457.056
2025-11-30T11:45:00+00:00,136.5,136.61,136.27,136.42,7375.333
2025-11-30T12:00:00+00:00,136.43,136.8,136.2,136.77,14944.778
2025-11-30T12:15:00+00:00,136.78,137.01,136.77,137.0,16477.327
2025-11-30T12:30:00+00:00,137.0,137.57,136.91,137.53,35743.259
2025-11-30T12:45:00+00:00,137.52,137.73,137.37,137.58,40001.178
2025-11-30T13:00:00+00:00,137.58,137.82,137.33,137.63,30872.083
2025-11-30T13:15:00+00:00,137.63,139.19,137.63,139.11,87592.084
2025-11-30T13:30:00+00:00,139.1,140.19,138.88,138.94,145737.686
2025-11-30T13:45:00+00:00,138.95,139.36,138.88,139.26,43219.735
2025-11-30T14:00:00+00:00,139.26,139.46,139.08,139.34,27719.815
2025-11-30T14:15:00+00:00,139.34,139.47,138.5,138.79,69864.603
2025-11-30T14:30:00+00:00,138.79,138.88,138.13,138.32,72817.957
2025-11-30T14:45:00+00:00,138.31,138.56,138.18,138.51,33443.897
2025-11-30T15:00:00+00:00,138.51,138.54,137.51,137.76,28974.293
2025-11-30T15:15:00+00:00,137.76,138.4,137.71,138.3,14792.297
2025-11-30T15:30:00+00:00,138.3,138.3,137.88,138.09,15562.673
2025-11-30T15:45:00+00:00,138.1,138.4,138.0,138.33,24207.07
2025-11-30T16:00:00+00:00,138.34,138.83,138.29,138.83,25971.189
2025-11-30T16:15:00+00:00,138.83,139.46,138.68,139.38,35052.875
2025-11-30T16:30:00+00:00,139.39,139.75,139.17,139.62,27506.599
2025-11-30T16:45:00+00:00,139.62,139.82,139.37,139.52,27663.999
2025-11-30T17:00:00+00:00,139.52,139.52,138.58,138.73,63135.025
2025-11-30T17:15:00+00:00,138.73,138.98,138.58,138.83,20317.054
2025-11-30T17:30:00+00:00,138.82,138.96,138.36,138.72,14966.692
2025-11-30T17:45:00+00:00,138.73,138.83,138.39,138.46,12658.082
2025-11-30T18:00:00+00:00,138.47,138.61,137.96,138.02,28001.611
2025-11-30T18:15:00+00:00,138.01,138.31,137.86,138.18,19444.923
2025-11-30T18:30:00+00:00,138.18,138.38,137.97,138.08,22170.951
2025-11-30T18:45:00+00:00,138.09,138.64,138.07,138.61,21311.041
2025-11-30T19:00:00+00:00,138.61,138.67,138.36,138.37,22237.157
2025-11-30T19:15:00+00:00,138.38,138.43,137.85,137.86,20986.519
2025-11-30T19:30:00+00:00,137.86,137.88,137.43,137.62,38053.817
2025-11-30T19:45:00+00:00,137.62,137.79,137.37,137.63,27486.598
2025-11-30T20:00:00+00:00,137.62,137.93,137.54,137.8,24976.457
2025-11-30T20:15:00+00:00,137.81,137.81,137.18,137.24,28380.701
2025-11-30T20:30:00+00:00,137.24,137.24,136.87,137.09,30019.219
2025-11-30T20:45:00+00:00,137.08,137.39,137.07,137.3,17727.285
2025-11-30T21:00:00+00:00,137.29,137.4,136.79,137.1,20527.048
2025-11-30T21:15:00+00:00,137.1,137.19,136.62,136.95,26680.661
2025-11-30T21:30:00+00:00,136.94,137.26,136.9,137.0,14835.488
2025-11-30T21:45:00+00:00,137.0,137.22,136.8,137.04,16168.759
2025-11-30T22:00:00+00:00,137.03,137.77,136.99,137.67,22443.18
2025-11-30T22:15:00+00:00,137.67,137.78,137.51,137.63,18520.235
2025-11-30T22:30:00+00:00,137.62,137.68,137.11,137.44,16999.494
2025-11-30T22:45:00+00:00,137.43,137.89,137.19,137.72,6881.21
2025-11-30T23:00:00+00:00,137.72,137.79,136.76,136.99,27901.244
2025-11-30T23:15:00+00:00,136.98,137.08,135.65,135.78,52088.139
2025-11-30T23:30:00+00:00,135.78,135.8,135.0,135.18,86783.099
2025-11-30T23:45:00+00:00,135.18,135.34,133.26,133.48,145732.707
2025-12-01T00:00:00+00:00,133.48,133.74,130.68,130.89,421252.929
2025-12-01T00:15:00+00:00,130.88,131.4,129.42,129.97,206609.327
2025-12-01T00:30:00+00:00,129.96,130.31,128.63,128.7,188165.524
2025-12-01T00:45:00+00:00,128.69,128.91,127.53,127.57,142076.746
2025-12-01T01:00:00+00:00,127.57,129.33,127.46,128.41,102504.21
2025-12-01T01:15:00+00:00,128.4,128.99,128.06,128.11,62079.163
2025-12-01T01:30:00+00:00,128.11,128.74,127.92,128.27,49880.68
2025-12-01T01:45:00+00:00,128.26,128.38,127.77,127.96,37843.392
2025-12-01T02:00:00+00:00,127.96,128.66,127.78,128.3,54850.416
2025-12-01T02:15:00+00:00,128.3,128.48,127.9,127.91,35889.332
2025-12-01T02:30:00+00:00,127.9,128.49,127.54,128.18,89362.645
2025-12-01T02:45:00+00:00,128.18,128.2,127.47,127.57,56715.466
2025-12-01T03:00:00+00:00,127.58,127.58,126.68,126.97,65244.573
2025-12-01T03:15:00+00:00,126.97,127.2,126.61,127.02,45275.968
2025-12-01T03:30:00+00:00,127.03,127.23,126.53,127.23,38510.436
2025-12-01T03:45:00+00:00,127.24,127.31,126.82,126.97,18386.99
2025-12-01T04:00:00+00:00,126.97,127.05,126.56,126.61,64376.814
2025-12-01T04:15:00+00:00,126.6,127.04,126.44,126.8,35581.517
2025-12-01T04:30:00+00:00,126.79,126.91,126.25,126.6,37411.413
2025-12-01T04:45:00+00:00,126.6,126.63,126.19,126.38,19417.384
2025-12-01T05:00:00+00:00,126.38,126.57,125.93,126.08,51737.489
2025-12-01T05:15:00+00:00,126.08,126.52,125.81,126.46,33591.271
2025-12-01T05:30:00+00:00,126.46,126.46,125.85,126.0,22456.567
2025-12-01T05:45:00+00:00,126.0,126.38,125.97,126.11,25253.546
2025-12-01T06:00:00+00:00,126.1,126.54,126.02,126.52,30671.897
2025-12-01T06:15:00+00:00,126.52,126.67,126.18,126.36,26257.247
2025-12-01T06:30:00+00:00,126.36,126.81,126.2,126.72,18598.76
2025-12-01T06:45:00+00:00,126.71,126.86,126.5,126.72,20376.716
2025-12-01T07:00:00+00:00,126.72,126.79,126.38,126.57,27506.277
2025-12-01T07:15:00+00:00,126.56,126.8,126.32,126.73,21967.045
2025-12-01T07:30:00+00:00,126.73,127.17,126.63,127.12,33555.262
2025-12-01T07:45:00+00:00,127.11,127.47,127.05,127.42,40885.841
2025-12-01T08:00:00+00:00,127.41,127.58,127.0,127.21,52544.722
2025-12-01T08:15:00+00:00,127.21,127.46,127.18,127.44,23173.572
2025-12-01T08:30:00+00:00,127.44,127.78,127.27,127.71,31238.361
2025-12-01T08:45:00+00:00,127.71,127.82,127.55,127.72,23711.098
2025-12-01T09:00:00+00:00,127.71,128.09,127.0,127.19,57449.306
2025-12-01T09:15:00+00:00,127.19,127.32,126.97,127.22,24181.975
2025-12-01T09:30:00+00:00,127.22,127.48,127.16,127.36,21509.379
2025-12-01T09:45:00+00:00,127.37,127.4,126.86,127.02,29791.674
2025-12-01T10:00:00+00:00,127.01,127.56,127.01,127.24,16509.737
2025-12-01T10:15:00+00:00,127.24,127.4,127.18,127.38,12971.416
2025-12-01T10:30:00+00:00,127.39,127.5,127.21,127.25,13189.086
2025-12-01T10:45:00+00:00,127.25,127.31,126.96,127.25,11712.325
2025-12-01T11:00:00+00:00,127.25,127.38,126.89,126.96,18224.199
2025-12-01T11:15:00+00:00,126.96,127.35,126.95,127.15,20391.55
2025-12-01T11:30:00+00:00,127.16,127.26,127.04,127.12,16097.245
2025-12-01T11:45:00+00:00,127.12,127.23,127.02,127.12,8459.661
2025-12-01T12:00:00+00:00,127.12,127.19,126.56,126.68,54290.273
2025-12-01T12:15:00+00:00,126.67,126.84,126.4,126.54,24538.665
2025-12-01T12:30:00+00:00,126.53,126.58,125.65,126.13,62402.342
2025-12-01T12:45:00+00:00,126.12,127.0,125.38,126.6,87808.188
2025-12-01T13:00:00+00:00,126.59,127.72,126.5,127.69,64455.463
2025-12-01T13:15:00+00:00,127.7,127.72,127.0,127.13,28036.531
2025-12-01T13:30:00+00:00,127.13,127.17,126.13,126.36,34198.091
2025-12-01T13:45:00+00:00,126.36,126.71,126.2,126.49,22807.975
2025-12-01T14:00:00+00:00,126.49,127.06,126.23,126.32,43047.666
2025-12-01T14:15:00+00:00,126.32,126.57,126.01,126.52,25549.185
2025-12-01T14:30:00+00:00,126.51,127.09,125.55,126.12,57528.255
2025-12-01T14:45:00+00:00,126.12,126.67,125.71,126.11,55952.002
2025-12-01T15:00:00+00:00,126.12,126.31,125.28,125.39,47382.576
2025-12-01T15:15:00+00:00,125.38,125.82,124.45,124.61,126775.675
2025-12-01T15:30:00+00:00,124.6,124.68,123.18,123.34,167446.196
2025-12-01T15:45:00+00:00,123.34,125.81,123.11,125.11,162739.034
2025-12-01T16:00:00+00:00,125.11,125.34,124.17,124.28,59340.87
2025-12-01T16:15:00+00:00,124.27,124.43,123.65,124.03,219872.756
2025-12-01T16:30:00+00:00,124.02,124.8,123.53,124.03,62633.524
2025-12-01T16:45:00+00:00,124.02,124.29,123.38,123.53,36801.014
2025-12-01T17:00:00+00:00,123.54,124.42,123.51,123.93,33902.8
2025-12-01T17:15:00+00:00,123.94,124.76,123.62,124.55,39846.005
2025-12-01T17:30:00+00:00,124.55,124.73,123.99,124.72,42720.464
2025-12-01T17:45:00+00:00,124.72,124.98,124.38,124.44,57590.724
2025-12-01T18:00:00+00:00,124.44,125.2,124.05,125.09,40184.823
2025-12-01T18:15:00+00:00,125.08,125.31,124.76,124.89,43313.864
2025-12-01T18:30:00+00:00,124.89,124.92,123.9,124.03,34106.579
2025-12-01T18:45:00+00:00,124.03,124.68,123.76,124.51,35164.21
2025-12-01T19:00:00+00:00,124.52,124.6,123.74,124.22,41006.752
2025-12-01T19:15:00+00:00,124.23,124.27,123.47,123.55,32748.393
2025-12-01T19:30:00+00:00,123.54,124.02,123.27,123.66,21774.992
2025-12-01T19:45:00+00:00,123.66,124.02,123.56,123.86,27323.859
2025-12-01T20:00:00+00:00,123.86,125.36,123.83,124.79,54006.399
2025-12-01T20:15:00+00:00,124.78,124.78,124.21,124.32,29742.723
2025-12-01T20:30:00+00:00,124.32,124.73,124.14,124.69,25746.613
2025-12-01T20:45:00+00:00,124.69,124.76,124.27,124.45,27880.248
2025-12-01T21:00:00+00:00,124.44,125.08,124.22,124.41,42393.678
2025-12-01T21:15:00+00:00,124.41,125.79,124.34,125.34,74335.863
2025-12-01T21:30:00+00:00,125.33,126.2,125.28,126.17,52619.977
2025-12-01T21:45:00+00:00,126.17,127.17,125.51,126.1,91554.044
2025-12-01T22:00:00+00:00,126.1,126.81,125.85,126.03,49270.177
2025-12-01T22:15:00+00:00,126.02,126.7,126.02,126.56,22193.418
2025-12-01T22:30:00+00:00,126.55,126.89,126.27,126.77,24643.206
2025-12-01T22:45:00+00:00,126.77,127.43,126.77,126.83,21675.923
2025-12-01T23:00:00+00:00,126.83,127.35,126.54,126.57,23229.018
2025-12-01T23:15:00+00:00,126.58,127.2,126.57,127.18,22944.133
2025-12-01T23:30:00+00:00,127.19,127.4,126.9,126.99,21023.198
2025-12-01T23:45:00+00:00,126.98,127.01,126.61,126.66,25507.544
2025-12-02T00:00:00+00:00,126.66,127.05,126.46,126.79,27195.985
2025-12-02T00:15:00+00:00,126.79,127.13,126.58,127.08,25249.148
2025-12-02T00:30:00+00:00,127.09,127.56,126.76,126.81,39126.429
2025-12-02T00:45:00+00:00,126.81,127.49,126.76,127.37,25823.19
2025-12-02T01:00:00+00:00,127.36,128.54,127.15,127.55,55852.91
2025-12-02T01:15:00+00:00,127.55,127.6,127.03,127.31,23311.952
2025-12-02T01:30:00+00:00,127.31,127.42,126.79,127.05,18856.087
2025-12-02T01:45:00+00:00,127.05,127.15,126.82,126.99,11150.66
2025-12-02T02:00:00+00:00,126.99,127.47,126.63,127.43,26622.294
2025-12-02T02:15:00+00:00,127.43,128.14,127.43,127.91,21585.397
2025-12-02T02:30:00+00:00,127.91,127.97,127.34,127.55,18904.598
2025-12-02T02:45:00+00:00,127.54,127.66,126.94,126.97,33610.548
2025-12-02T03:00:00+00:00,126.97,127.09,126.68,127.0,33487.331
2025-12-02T03:15:00+00:00,127.0,127.03,126.07,126.24,23019.355
2025-12-02T03:30:00+00:00,126.24,127.51,126.02,127.5,32845.603
2025-12-02T03:45:00+00:00,127.51,127.68,127.08,127.23,26015.21
2025-12-02T04:00:00+00:00,127.23,127.85,127.22,127.46,26131.344
2025-12-02T04:15:00+00:00,127.46,127.65,127.22,127.37,23482.343
2025-12-02T04:30:00+00:00,127.37,127.39,127.08,127.36,24810.148
2025-12-02T04:45:00+00:00,127.35,127.43,126.87,126.89,21119.308
2025-12-02T05:00:00+00:00,126.89,127.07,126.46,126.8,24652.785
2025-12-02T05:15:00+00:00,126.79,127.09,126.67,126.79,19543.57
2025-12-02T05:30:00+00:00,126.8,126.88,126.56,126.66,26008.7
2025-12-02T05:45:00+00:00,126.65,126.94,126.63,126.69,19009.052
2025-12-02T06:00:00+00:00,126.69,126.8,126.44,126.79,20291.458
2025-12-02T06:15:00+00:00,126.8,127.2,126.67,127.19,15411.552
2025-12-02T06:30:00+00:00,127.2,127.58,127.19,127.46,23008.932
2025-12-02T06:45:00+00:00,127.46,127.85,127.31,127.68,12216.436
2025-12-02T07:00:00+00:00,127.68,127.71,127.43,127.44,10726.45
2025-12-02T07:15:00+00:00,127.44,127.62,127.43,127.52,11440.601
2025-12-02T07:30:00+00:00,127.52,127.57,127.0,127.09,12127.597
2025-12-02T07:45:00+00:00,127.09,127.31,127.06,127.26,13834.799
2025-12-02T08:00:00+00:00,127.26,127.32,126.41,126.53,15093.138
2025-12-02T08:15:00+00:00,126.53,126.7,126.17,126.32,26992.404
2025-12-02T08:30:00+00:00,126.32,126.51,126.01,126.18,17740.808
2025-12-02T08:45:00+00:00,126.18,126.59,126.01,126.17,16388.257
2025-12-02T09:00:00+00:00,126.16,127.1,126.14,126.82,20335.332
2025-12-02T09:15:00+00:00,126.82,127.21,126.45,127.07,24932.804
2025-12-02T09:30:00+00:00,127.07,127.07,126.47,126.58,22630.715
2025-12-02T09:45:00+00:00,126.59,126.95,126.51,126.77,19640.022
2025-12-02T10:00:00+00:00,126.77,127.14,126.71,127.01,23427.554
2025-12-02T10:15:00+00:00,127.0,127.15,126.8,126.92,11593.708
2025-12-02T10:30:00+00:00,126.91,127.47,126.91,127.46,20972.504
2025-12-02T10:45:00+00:00,127.45,128.84,127.44,128.3,56458.509
2025-12-02T11:00:00+00:00,128.3,128.53,127.91,128.09,26744.321
2025-12-02T11:15:00+00:00,128.1,128.25,127.82,128.22,25966.254
2025-12-02T11:30:00+00:00,128.22,128.3,127.96,128.15,38317.769
2025-12-02T11:45:00+00:00,128.16,128.49,128.15,128.31,21543.999
2025-12-02T12:00:00+00:00,128.32,128.89,128.2,128.51,36023.719
2025-12-02T12:15:00+00:00,128.51,128.69,128.39,128.66,27432.949
2025-12-02T12:30:00+00:00,128.66,129.03,128.44,128.81,77724.687
2025-12-02T12:45:00+00:00,128.81,128.97,128.55,128.88,23803.39
2025-12-02T13:00:00+00:00,128.87,129.57,128.46,129.36,100905.692
2025-12-02T13:15:00+00:00,129.35,131.02,129.35,130.55,124630.265
2025-12-02T13:30:00+00:00,130.55,130.91,130.39,130.46,60091.82
2025-12-02T13:45:00+00:00,130.46,130.98,130.43,130.61,82065.935
2025-12-02T14:00:00+00:00,130.6,131.41,130.4,130.96,64818.786
2025-12-02T14:15:00+00:00,130.96,132.06,130.89,131.67,115084.294
2025-12-02T14:30:00+00:00,131.68,132.36,131.31,132.24,83161.629
2025-12-02T14:45:00+00:00,132.24,133.45,132.17,132.97,132028.53
2025-12-02T15:00:00+00:00,132.97,135.84,132.95,135.77,319320.816
2025-12-02T15:15:00+00:00,135.77,136.83,135.33,135.42,233317.906
2025-12-02T15:30:00+00:00,135.43,139.87,135.27,138.49,286648.737
2025-12-02T15:45:00+00:00,138.5,139.44,137.78,137.84,151925.127
2025-12-02T16:00:00+00:00,137.83,139.01,137.64,138.53,118088.787
2025-12-02T16:15:00+00:00,138.53,138.66,137.38,138.5,128371.321
2025-12-02T16:30:00+00:00,138.49,139.5,138.44,138.6,177882.367
2025-12-02T16:45:00+00:00,138.59,139.71,138.48,139.37,123288.152
2025-12-02T17:00:00+00:00,139.38,140.14,139.25,139.63,112341.789
2025-12-02T17:15:00+00:00,139.64,140.72,139.64,140.47,74758.733
2025-12-02T17:30:00+00:00,140.47,140.88,139.5,139.56,93729.571
2025-12-02T17:45:00+00:00,139.57,139.87,139.28,139.48,81775.606
2025-12-02T18:00:00+00:00,139.47,139.93,139.37,139.77,56937.147
2025-12-02T18:15:00+00:00,139.76,140.24,139.62,139.74,59768.047
2025-12-02T18:30:00+00:00,139.75,140.3,139.62,139.77,43266.346
2025-12-02T18:45:00+00:00,139.78,140.18,139.61,139.84,37030.09
2025-12-02T19:00:00+00:00,139.85,140.09,139.77,140.07,24745.731
2025-12-02T19:15:00+00:00,140.06,140.29,139.85,139.97,29571.086
2025-12-02T19:30:00+00:00,139.98,140.64,139.91,140.13,36691.342
2025-12-02T19:45:00+00:00,140.14,140.37,140.04,140.25,33830.415
2025-12-02T20:00:00+00:00,140.26,140.38,139.87,139.88,54507.383
2025-12-02T20:15:00+00:00,139.88,139.89,138.57,138.69,112694.661
2025-12-02T20:30:00+00:00,138.69,139.1,138.2,139.1,91127.395
2025-12-02T20:45:00+00:00,139.1,139.33,138.36,138.73,109687.049
2025-12-02T21:00:00+00:00,138.73,139.03,138.37,138.95,37197.809
2025-12-02T21:15:00+00:00,138.95,139.0,138.54,138.7,19953.402
2025-12-02T21:30:00+00:00,138.69,139.02,138.59,138.91,17934.764
2025-12-02T21:45:00+00:00,138.91,139.29,138.58,139.11,43195.568
2025-12-02T22:00:00+00:00,139.11,139.7,138.86,139.43,84300.253
2025-12-02T22:15:00+00:00,139.43,139.64,139.26,139.26,21619.605
2025-12-02T22:30:00+00:00,139.26,139.98,139.05,139.68,23582.835
2025-12-02T22:45:00+00:00,139.69,139.98,139.48,139.92,18485.019
2025-12-02T23:00:00+00:00,139.92,139.94,139.18,139.18,21420.833
2025-12-02T23:15:00+00:00,139.18,139.31,138.77,138.92,22202.77
2025-12-02T23:30:00+00:00,138.92,139.33,138.78,138.87,29460.463
2025-12-02T23:45:00+00:00,138.86,138.95,138.4,138.68,29176.256
2025-12-04T14:00:00+00:00,142.23,142.78,142.14,142.59,17708.003
2025-12-04T14:15:00+00:00,142.59,143.03,142.45,142.92,22921.016
2025-12-04T14:30:00+00:00,142.93,143.34,142.27,142.68,53330.479
2025-12-04T14:45:00+00:00,142.68,142.9,141.44,141.82,74548.922
2025-12-04T15:00:00+00:00,141.81,143.27,141.78,143.07,59325.98
2025-12-04T15:15:00+00:00,143.07,143.3,142.16,142.52,65616.779
2025-12-04T15:30:00+00:00,142.52,144.26,142.35,143.4,73434.794
2025-12-04T15:45:00+00:00,143.4,143.44,142.77,143.21,35507.843
2025-12-04T16:00:00+00:00,143.2,143.34,142.35,142.86,27954.572
2025-12-04T16:15:00+00:00,142.85,143.85,142.79,143.06,26444.182
2025-12-04T16:30:00+00:00,143.05,143.17,142.4,142.54,44721.4
2025-12-04T16:45:00+00:00,142.54,142.91,142.25,142.62,22234.076
2025-12-04T17:00:00+00:00,142.62,142.81,142.01,142.32,12950.296
2025-12-04T17:15:00+00:00,142.32,142.42,141.89,141.89,40105.235
2025-12-04T17:30:00+00:00,141.89,142.1,141.11,141.42,44662.232
2025-12-04T17:45:00+00:00,141.43,142.35,141.25,142.14,22385.111
2025-12-04T18:00:00+00:00,142.14,142.22,141.41,141.9,18216.096
2025-12-04T18:15:00+00:00,141.9,142.22,141.51,142.06,12207.492
2025-12-04T18:30:00+00:00,142.05,142.11,140.79,140.9,33020.94
2025-12-04T18:45:00+00:00,140.9,141.0,140.32,140.75,42061.422
2025-12-04T19:00:00+00:00,140.75,140.87,138.91,138.97,73108.835
2025-12-04T19:15:00+00:00,138.98,139.32,137.8,138.81,134535.246
2025-12-04T19:30:00+00:00,138.8,139.79,138.62,139.63,56470.198
2025-12-04T19:45:00+00:00,139.63,140.04,139.5,139.67,26267.232
2025-12-04T20:00:00+00:00,139.66,140.0,139.2,139.6,28003.486
2025-12-04T20:15:00+00:00,139.6,139.87,139.18,139.39,14341.241
2025-12-04T20:30:00+00:00,139.38,139.9,139.3,139.8,30654.66
2025-12-04T20:45:00+00:00,139.8,140.5,139.8,140.37,31406.923
2025-12-04T21:00:00+00:00,140.38,140.43,139.83,140.08,32456.72
2025-12-04T21:15:00+00:00,140.08,140.36,139.64,139.65,19385.651
2025-12-04T21:30:00+00:00,139.65,139.93,139.45,139.52,15001.607
2025-12-04T21:45:00+00:00,139.51,139.51,138.5,138.72,41180.531
2025-12-04T22:00:00+00:00,138.72,139.3,138.72,139.1,26907.747
2025-12-04T22:15:00+00:00,139.1,139.43,138.97,139.24,26840.866
2025-12-04T22:30:00+00:00,139.24,139.77,139.24,139.64,16487.509
2025-12-04T22:45:00+00:00,139.64,139.78,139.36,139.39,10682.375
2025-12-04T23:00:00+00:00,139.39,139.43,139.0,139.11,16571.897
2025-12-04T23:15:00+00:00,139.11,139.2,138.99,139.05,9188.674
2025-12-04T23:30:00+00:00,139.05,139.2,138.7,138.97,15199.379
2025-12-04T23:45:00+00:00,138.97,139.06,138.86,139.01,9501.296
2025-12-05T00:00:00+00:00,139.01,139.27,138.9,138.93,19518.071
2025-12-05T00:15:00+00:00,138.94,139.72,138.92,139.39,18389.084
2025-12-05T00:30:00+00:00,139.39,139.61,139.24,139.55,16308.875
2025-12-05T00:45:00+00:00,139.54,139.55,139.11,139.24,17842.67
2025-12-05T01:00:00+00:00,139.24,139.84,139.14,139.3,20941.336
2025-12-05T01:15:00+00:00,139.29,140.2,139.28,139.93,17147.296
2025-12-05T01:30:00+00:00,139.92,140.01,139.59,139.88,25723.196
2025-12-05T01:45:00+00:00,139.88,140.15,139.75,139.82,16126.687
2025-12-05T02:00:00+00:00,139.83,139.83,139.25,139.53,31110.475
2025-12-05T02:15:00+00:00,139.52,139.85,139.51,139.72,21247.28
2025-12-05T02:30:00+00:00,139.71,140.15,139.63,140.07,21340.233
2025-12-05T02:45:00+00:00,140.07,140.07,139.68,139.81,27903.469
2025-12-05T03:00:00+00:00,139.8,140.18,139.72,139.93,15480.739
2025-12-05T03:15:00+00:00,139.94,140.05,138.89,139.02,37167.793
2025-12-05T03:30:00+00:00,139.02,139.05,138.61,138.66,21766.928
2025-12-05T03:45:00+00:00,138.65,138.86,138.3,138.56,29977.687
2025-12-05T04:00:00+00:00,138.55,139.14,138.52,139.01,12534.108
2025-12-05T04:15:00+00:00,139.0,139.08,138.65,138.7,9465.78
2025-12-05T04:30:00+00:00,138.69,138.7,138.07,138.18,30285.551
2025-12-05T04:45:00+00:00,138.18,138.67,138.1,138.52,45342.624
2025-12-05T05:00:00+00:00,138.52,138.74,138.39,138.41,17852.8
2025-12-05T05:15:00+00:00,138.4,138.53,137.77,138.13,33027.04
2025-12-05T05:30:00+00:00,138.12,138.17,137.9,138.07,28871.44
2025-12-05T05:45:00+00:00,138.07,138.1,137.85,138.04,14422.177
2025-12-05T06:00:00+00:00,138.05,138.65,138.03,138.52,18246.868
2025-12-05T06:15:00+00:00,138.52,138.74,138.4,138.63,9025.415
2025-12-05T06:30:00+00:00,138.64,138.96,138.38,138.74,9564.236
2025-12-05T06:45:00+00:00,138.74,139.0,138.65,138.89,23199.072
2025-12-05T07:00:00+00:00,138.9,140.75,138.77,140.09,84683.797
2025-12-05T07:15:00+00:00,140.09,140.43,139.98,140.26,36902.83
2025-12-05T07:30:00+00:00,140.27,140.42,139.63,139.79,22742.28
2025-12-05T07:45:00+00:00,139.79,139.84,139.47,139.68,17354.033
2025-12-05T08:00:00+00:00,139.67,139.67,138.15,138.31,45999.822
2025-12-05T08:15:00+00:00,138.3,138.62,138.12,138.44,20634.134
2025-12-05T08:30:00+00:00,138.44,138.45,137.81,138.06,35139.306
2025-12-05T08:45:00+00:00,138.06,138.25,137.92,138.19,33803.263
2025-12-05T09:00:00+00:00,138.2,138.27,137.37,137.9,59294.616
2025-12-05T09:15:00+00:00,137.91,137.92,136.58,136.84,88800.879
2025-12-05T09:30:00+00:00,136.83,136.98,136.37,136.63,49434.9
2025-12-05T09:45:00+00:00,136.62,136.73,136.28,136.34,32455.552
2025-12-05T10:00:00+00:00,136.34,137.1,136.13,137.05,55482.413
2025-12-05T10:15:00+00:00,137.05,137.91,136.87,137.61,44501.485
2025-12-05T10:30:00+00:00,137.6,137.98,137.54,137.9,25053.644
2025-12-05T10:45:00+00:00,137.91,137.91,137.44,137.71,22010.266
2025-12-05T11:00:00+00:00,137.71,138.09,137.56,137.87,25324.769
2025-12-05T11:15:00+00:00,137.87,137.9,137.33,137.47,19464.94
2025-12-05T11:30:00+00:00,137.46,137.46,136.87,137.01,29933.854
2025-12-05T11:45:00+00:00,137.02,137.37,136.89,137.02,26024.487
2025-12-05T12:00:00+00:00,137.01,137.01,135.21,136.72,111731.824
2025-12-05T12:15:00+00:00,136.72,136.99,136.54,136.77,26763.284
2025-12-05T12:30:00+00:00,136.76,137.14,136.51,136.77,24154.971
2025-12-05T12:45:00+00:00,136.76,136.95,136.56,136.67,16678.069
2025-12-05T13:00:00+00:00,136.67,137.06,136.08,136.59,36273.612
2025-12-05T13:15:00+00:00,136.58,136.87,136.39,136.86,20286.287
2025-12-05T13:30:00+00:00,136.87,136.94,135.8,136.05,48208.005
2025-12-05T13:45:00+00:00,136.04,136.48,135.77,135.94,38489.137
2025-12-05T14:00:00+00:00,135.94,136.31,135.66,135.84,36870.806
2025-12-05T14:15:00+00:00,135.84,135.91,135.34,135.63,20881.96
2025-12-05T14:30:00+00:00,135.62,136.13,134.54,134.87,83990.18
2025-12-05T14:45:00+00:00,134.88,135.25,134.41,134.74,46884.638
2025-12-05T15:00:00+00:00,134.73,137.2,134.7,135.79,135233.511
2025-12-05T15:15:00+00:00,135.79,136.07,135.33,135.96,67915.436
2025-12-05T15:30:00+00:00,135.96,136.61,135.5,135.74,41126.848
2025-12-05T15:45:00+00:00,135.73,135.74,134.63,135.05,46259.117
2025-12-05T16:00:00+00:00,135.04,135.2,133.23,133.7,108256.38
2025-12-05T16:15:00+00:00,133.7,134.15,133.13,133.42,84481.472
2025-12-05T16:30:00+00:00,133.41,133.42,131.46,131.72,129735.636
2025-12-05T16:45:00+00:00,131.72,132.68,131.18,132.2,93969.388
2025-12-05T17:00:00+00:00,132.2,132.73,131.97,132.0,52309.39
2025-12-05T17:15:00+00:00,131.99,132.38,131.5,131.78,37329.89
2025-12-05T17:30:00+00:00,131.78,132.08,131.11,131.86,54981.992
2025-12-05T17:45:00+00:00,131.85,132.73,131.72,132.16,44062.307
2025-12-05T18:00:00+00:00,132.16,133.03,131.71,132.56,47484.094
2025-12-05T18:15:00+00:00,132.56,132.82,131.77,132.13,33102.395
2025-12-05T18:30:00+00:00,132.14,132.31,131.37,131.42,28292.9
2025-12-05T18:45:00+00:00,131.43,131.65,131.17,131.35,22043.499
2025-12-05T19:00:00+00:00,131.36,131.71,130.73,131.63,50715.131
2025-12-05T19:15:00+00:00,131.63,132.41,131.54,132.28,45087.119
2025-12-05T19:30:00+00:00,132.27,132.65,132.12,132.42,20059.168
2025-12-05T19:45:00+00:00,132.41,133.04,132.21,132.5,31886.402
2025-12-05T20:00:00+00:00,132.49,132.62,131.96,132.4,23112.764
2025-12-05T20:15:00+00:00,132.41,132.9,132.28,132.43,32519.104
2025-12-05T20:30:00+00:00,132.43,132.53,132.18,132.25,13871.183
2025-12-05T20:45:00+00:00,132.25,132.67,132.15,132.56,34394.241
2025-12-05T21:00:00+00:00,132.57,132.84,132.4,132.8,24925.705
2025-12-05T21:15:00+00:00,132.8,132.95,132.68,132.84,31828.403
2025-12-05T21:30:00+00:00,132.84,133.16,132.33,132.34,31952.186
2025-12-05T21:45:00+00:00,132.33,132.5,132.0,132.4,17414.024
2025-12-05T22:00:00+00:00,132.4,132.49,132.11,132.22,15760.357
2025-12-05T22:15:00+00:00,132.22,132.74,132.21,132.72,6957.499
2025-12-05T22:30:00+00:00,132.73,132.76,132.37,132.67,7647.682
2025-12-05T22:45:00+00:00,132.67,132.86,132.61,132.72,6827.071
2025-12-05T23:00:00+00:00,132.72,132.74,132.27,132.48,10311.929
2025-12-05T23:15:00+00:00,132.49,132.96,132.49,132.93,7916.967
2025-12-05T23:30:00+00:00,132.92,133.16,132.9,133.02,10631.949
2025-12-05T23:45:00+00:00,133.02,133.43,132.99,133.29,20873.031
2025-12-06T00:00:00+00:00,133.29,133.3,132.9,133.14,8566.993
2025-12-06T00:15:00+00:00,133.14,133.18,132.8,133.1,11769.887
2025-12-06T00:30:00+00:00,133.09,133.7,133.05,133.68,13391.473
2025-12-06T00:45:00+00:00,133.68,133.68,133.34,133.46,11496.321
2025-12-06T01:00:00+00:00,133.47,133.66,133.2,133.66,11605.421
2025-12-06T01:15:00+00:00,133.66,133.83,133.48,133.74,10530.396
2025-12-06T01:30:00+00:00,133.73,133.74,133.22,133.44,8969.63
2025-12-06T01:45:00+00:00,133.44,133.75,133.38,133.49,6099.889
2025-12-06T02:00:00+00:00,133.49,133.52,132.88,133.11,9072.912
2025-12-06T02:15:00+00:00,133.11,133.19,132.94,132.95,8096.924
2025-12-06T02:30:00+00:00,132.95,133.29,132.88,133.21,12829.871
2025-12-06T02:45:00+00:00,133.22,133.49,133.17,133.45,15720.042
2025-12-06T03:00:00+00:00,133.45,134.13,133.33,133.99,28338.326
2025-12-06T03:15:00+00:00,134.0,134.08,133.55,133.62,14562.91
2025-12-06T03:30:00+00:00,133.63,133.98,133.47,133.82,15208.25
2025-12-06T03:45:00+00:00,133.83,133.98,133.67,133.74,8106.531
2025-12-06T04:00:00+00:00,133.73,133.75,133.14,133.3,13644.018
2025-12-06T04:15:00+00:00,133.29,133.45,133.18,133.3,5941.639
2025-12-06T04:30:00+00:00,133.3,133.7,133.15,133.28,18096.13
2025-12-06T04:45:00+00:00,133.28,133.28,132.97,133.2,21222.663
2025-12-06T05:00:00+00:00,133.2,133.42,133.18,133.29,9785.201
2025-12-06T05:15:00+00:00,133.28,133.3,132.91,133.06,7700.754
2025-12-06T05:30:00+00:00,133.05,133.18,132.89,133.06,8781.674
2025-12-06T05:45:00+00:00,133.06,133.27,133.03,133.07,5773.107
2025-12-06T06:00:00+00:00,133.07,133.16,132.76,133.06,5747.33
2025-12-06T06:15:00+00:00,133.05,133.21,132.93,133.21,6132.574
2025-12-06T06:30:00+00:00,133.2,133.24,132.93,132.93,6736.173
2025-12-06T06:45:00+00:00,132.92,133.05,132.81,132.95,4417.886
2025-12-06T07:00:00+00:00,132.96,133.14,132.87,133.09,6490.033
2025-12-06T07:15:00+00:00,133.08,133.2,132.82,132.84,7819.657
2025-12-06T07:30:00+00:00,132.84,133.04,132.56,132.96,10773.972
2025-12-06T07:45:00+00:00,132.97,133.11,132.68,132.72,5464.461
2025-12-06T08:00:00+00:00,132.73,132.79,132.59,132.65,6506.512
2025-12-06T08:15:00+00:00,132.64,132.87,132.28,132.37,12911.51
2025-12-06T08:30:00+00:00,132.37,132.49,132.13,132.28,13230.279
2025-12-06T08:45:00+00:00,132.28,132.32,131.88,131.99,17041.594
2025-12-06T09:00:00+00:00,131.99,132.55,131.99,132.42,17592.736
2025-12-06T09:15:00+00:00,132.43,132.52,132.3,132.52,14853.798
2025-12-06T09:30:00+00:00,132.51,132.73,132.35,132.65,10537.907
2025-12-06T09:45:00+00:00,132.65,132.8,132.44,132.52,13034.942
2025-12-06T10:00:00+00:00,132.51,132.68,132.41,132.68,7647.492
2025-12-06T10:15:00+00:00,132.68,132.99,132.49,132.5,9946.179
2025-12-06T10:30:00+00:00,132.51,132.8,132.43,132.76,9210.378
2025-12-06T10:45:00+00:00,132.76,132.82,132.53,132.71,8194.601
2025-12-06T11:00:00+00:00,132.71,133.13,132.69,133.02,11868.523
2025-12-06T11:15:00+00:00,133.03,133.12,132.84,133.08,8837.28
2025-12-06T11:30:00+00:00,133.09,133.2,133.0,133.12,11089.157
2025-12-06T11:45:00+00:00,133.13,133.29,133.08,133.22,12223.543
2025-12-06T12:00:00+00:00,133.23,133.23,132.75,132.79,27014.651
2025-12-06T12:15:00+00:00,132.79,132.99,132.69,132.74,5102.909
2025-12-06T12:30:00+00:00,132.74,132.96,132.73,132.82,4739.688
2025-12-06T12:45:00+00:00,132.81,132.91,132.62,132.65,4214.656
2025-12-06T13:00:00+00:00,132.65,132.87,132.59,132.87,3645.761
2025-12-06T13:15:00+00:00,132.86,133.06,132.76,133.01,5289.703
2025-12-06T13:30:00+00:00,133.01,133.27,132.86,133.15,6978.958
2025-12-06T13:45:00+00:00,133.16,133.17,132.93,132.94,8095.386
2025-12-06T14:00:00+00:00,132.95,133.14,132.82,132.91,5632.223
2025-12-06T14:15:00+00:00,132.9,133.99,132.89,133.26,68514.244
2025-12-06T14:30:00+00:00,133.25,133.74,133.16,133.71,28080.503
2025-12-06T14:45:00+00:00,133.71,133.91,133.48,133.74,21100.857
2025-12-06T15:00:00+00:00,133.74,133.8,132.88,132.99,37846.411
2025-12-06T15:15:00+00:00,132.99,132.99,132.21,132.53,27827.49
2025-12-06T15:30:00+00:00,132.54,133.11,132.32,133.04,16759.412
2025-12-06T15:45:00+00:00,133.04,133.13,132.83,132.87,7879.255
2025-12-06T16:00:00+00:00,132.88,133.44,132.79,133.26,19668.01
2025-12-06T16:15:00+00:00,133.26,133.44,133.1,133.12,9461.297
2025-12-06T16:30:00+00:00,133.12,133.51,132.9,133.41,11472.095
2025-12-06T16:45:00+00:00,133.42,133.54,132.84,133.09,14364.707
2025-12-06T17:00:00+00:00,133.08,133.42,132.88,133.12,26916.086
2025-12-06T17:15:00+00:00,133.12,133.28,132.89,133.27,24421.903
2025-12-06T17:30:00+00:00,133.27,133.27,132.68,132.7,32163.55
2025-12-06T17:45:00+00:00,132.7,133.02,132.67,132.95,27764.957
2025-12-06T18:00:00+00:00,132.96,133.07,132.61,133.02,26865.089
2025-12-06T18:15:00+00:00,133.02,133.19,132.93,133.08,18057.886
2025-12-06T18:30:00+00:00,133.07,133.18,132.8,132.85,18968.63
2025-12-06T18:45:00+00:00,132.85,132.93,132.62,132.79,15972.263
2025-12-06T19:00:00+00:00,132.8,132.97,132.14,132.39,28098.66
2025-12-06T19:15:00+00:00,132.39,132.48,132.1,132.48,22253.59
2025-12-06T19:30:00+00:00,132.48,132.48,131.78,132.0,41451.375
2025-12-06T19:45:00+00:00,132.0,132.14,131.94,132.06,22965.448
2025-12-06T20:00:00+00:00,132.07,132.45,132.06,132.28,9745.715
2025-12-06T20:15:00+00:00,132.28,132.51,132.21,132.36,6196.122
2025-12-06T20:30:00+00:00,132.36,132.6,132.21,132.56,5133.573
2025-12-06T20:45:00+00:00,132.57,132.62,132.29,132.5,13464.429
2025-12-06T21:00:00+00:00,132.49,132.93,132.34,132.46,16346.727
2025-12-06T21:15:00+00:00,132.45,132.65,132.22,132.32,7072.358
2025-12-06T21:30:00+00:00,132.31,132.61,132.28,132.41,6252.916
2025-12-06T21:45:00+00:00,132.4,132.58,132.32,132.4,3620.493
2025-12-06T22:00:00+00:00,132.4,132.46,131.8,132.41,10449.22
2025-12-06T22:15:00+00:00,132.41,132.62,132.18,132.18,9035.948
2025-12-06T22:30:00+00:00,132.18,132.32,132.07,132.21,6725.516
2025-12-06T22:45:00+00:00,132.21,132.36,132.1,132.15,4866.15
2025-12-06T23:00:00+00:00,132.15,132.22,131.45,131.73,21872.639
2025-12-06T23:15:00+00:00,131.73,131.92,131.28,131.55,25180.493
2025-12-06T23:30:00+00:00,131.55,132.03,131.5,131.94,17620.608
2025-12-06T23:45:00+00:00,131.94,132.36,131.86,132.19,14805.392
2025-12-07T00:00:00+00:00,132.2,132.49,131.93,132.01,10325.077
2025-12-07T00:15:00+00:00,132.0,132.3,131.97,132.14,7337.728
2025-12-07T00:30:00+00:00,132.15,132.71,132.09,132.56,9797.336
2025-12-07T00:45:00+00:00,132.55,132.59,132.23,132.38,9671.103
2025-12-07T01:00:00+00:00,132.37,132.64,132.32,132.57,5598.4
2025-12-07T01:15:00+00:00,132.56,132.8,132.46,132.64,5442.262
2025-12-07T01:30:00+00:00,132.63,132.74,132.5,132.59,13643.462
2025-12-07T01:45:00+00:00,132.6,132.72,132.3,132.31,8958.484
2025-12-07T02:00:00+00:00,132.31,132.8,132.3,132.69,14787.97
2025-12-07T02:15:00+00:00,132.69,133.1,132.69,132.86,11690.142
2025-12-07T02:30:00+00:00,132.85,132.96,132.66,132.92,9949.288
2025-12-07T02:45:00+00:00,132.92,133.46,132.89,133.28,31180.7
2025-12-07T03:00:00+00:00,133.28,133.41,133.09,133.26,14174.285
2025-12-07T03:15:00+00:00,133.25,133.26,133.02,133.14,9653.516
2025-12-07T03:30:00+00:00,133.13,133.44,133.13,133.43,14165.159
2025-12-07T03:45:00+00:00,133.43,133.59,133.43,133.5,10027.979
2025-12-07T04:00:00+00:00,133.5,133.54,133.3,133.36,9719.921
2025-12-07T04:15:00+00:00,133.36,133.37,133.15,133.18,15402.657
2025-12-07T04:30:00+00:00,133.18,133.25,132.86,132.89,24256.542
2025-12-07T04:45:00+00:00,132.89,133.1,132.88,133.02,4991.689
2025-12-07T05:00:00+00:00,133.02,133.23,132.78,132.88,5300.129
2025-12-07T05:15:00+00:00,132.88,132.94,132.66,132.71,3817.7
2025-12-07T05:30:00+00:00,132.72,133.03,132.68,132.93,3966.906
2025-12-07T05:45:00+00:00,132.92,132.99,132.77,132.82,6957.295
2025-12-07T06:00:00+00:00,132.82,133.1,132.72,132.98,5612.256
2025-12-07T06:15:00+00:00,132.99,133.2,132.9,133.13,6827.474
2025-12-07T06:30:00+00:00,133.13,133.25,133.06,133.15,6264.803
2025-12-07T06:45:00+00:00,133.15,133.19,133.0,133.1,3949.919
2025-12-07T07:00:00+00:00,133.09,133.14,132.36,132.51,7545.983
2025-12-07T07:15:00+00:00,132.52,132.62,132.36,132.46,8381.353
2025-12-07T07:30:00+00:00,132.45,132.45,132.0,132.02,22516.372
2025-12-07T07:45:00+00:00,132.03,132.31,131.91,132.08,24959.24
2025-12-07T08:00:00+00:00,132.09,132.09,131.68,131.75,20794.207
2025-12-07T08:15:00+00:00,131.75,132.24,131.69,132.21,14521.908
2025-12-07T08:30:00+00:00,132.21,132.59,132.1,132.48,14494.721
2025-12-07T08:45:00+00:00,132.48,132.5,131.9,131.9,9176.802
2025-12-07T09:00:00+00:00,131.9,132.11,131.88,131.96,10642.223
2025-12-07T09:15:00+00:00,131.95,132.08,131.53,131.71,18851.81
2025-12-07T09:30:00+00:00,131.72,131.96,131.68,131.85,13180.368
2025-12-07T09:45:00+00:00,131.85,131.95,131.63,131.89,30194.857
2025-12-07T10:00:00+00:00,131.89,132.14,131.83,132.08,13739.14
2025-12-07T10:15:00+00:00,132.08,132.14,131.9,131.98,16645.091
2025-12-07T10:30:00+00:00,131.98,132.42,131.69,132.31,8629.527
2025-12-07T10:45:00+00:00,132.31,132.54,132.18,132.27,6119.176
2025-12-07T11:00:00+00:00,132.28,132.52,132.15,132.47,6585.427
2025-12-07T11:15:00+00:00,132.46,132.5,132.22,132.28,3991.282
2025-12-07T11:30:00+00:00,132.27,132.48,132.27,132.38,3893.308
2025-12-07T11:45:00+00:00,132.38,132.44,132.18,132.44,7833.742
2025-12-07T12:00:00+00:00,132.43,132.78,132.36,132.73,10565.967
2025-12-07T12:15:00+00:00,132.72,132.86,132.57,132.59,16227.317
2025-12-07T12:30:00+00:00,132.6,132.7,132.47,132.65,15789.944
2025-12-07T12:45:00+00:00,132.65,133.07,132.65,132.9,21511.284
2025-12-07T13:00:00+00:00,132.9,133.02,132.27,132.36,16863.832
2025-12-07T13:15:00+00:00,132.36,132.5,131.51,131.86,28170.61
2025-12-07T13:30:00+00:00,131.86,132.05,131.6,131.73,20814.974
2025-12-07T13:45:00+00:00,131.73,131.94,131.67,131.73,37491.801
2025-12-07T14:00:00+00:00,131.72,131.84,131.15,131.2,25364.347
2025-12-07T14:15:00+00:00,131.2,131.31,128.2,128.76,258134.655
2025-12-07T14:30:00+00:00,128.75,128.96,127.7,128.47,134198.965
2025-12-07T14:45:00+00:00,128.48,128.87,128.09,128.16,59990.437
2025-12-07T15:00:00+00:00,128.16,129.97,128.03,129.44,76378.12
2025-12-07T15:15:00+00:00,129.44,129.58,128.81,129.04,42445.215
2025-12-07T15:30:00+00:00,129.04,130.0,129.03,129.65,51347.512
2025-12-07T15:45:00+00:00,129.65,132.22,129.57,132.03,247561.36
2025-12-07T16:00:00+00:00,132.03,132.04,130.66,130.88,102416.873
2025-12-07T16:15:00+00:00,130.88,131.3,130.55,130.88,32545.01
2025-12-07T16:30:00+00:00,130.88,131.0,130.49,130.78,21466.601
2025-12-07T16:45:00+00:00,130.77,132.0,130.69,131.97,27193.196
2025-12-07T17:00:00+00:00,131.97,131.97,131.28,131.96,44654.642
2025-12-07T17:15:00+00:00,131.96,134.23,131.92,134.14,211694.872
2025-12-07T17:30:00+00:00,134.14,135.54,134.13,134.73,164058.685
2025-12-07T17:45:00+00:00,134.73,135.12,134.34,134.81,62949.235
2025-12-07T18:00:00+00:00,134.82,135.6,134.82,135.39,46647.761
2025-12-07T18:15:00+00:00,135.39,136.2,135.09,135.98,71389.289
2025-12-07T18:30:00+00:00,135.99,136.15,135.61,135.92,47283.105
2025-12-07T18:45:00+00:00,135.92,136.29,135.76,136.04,19867.481
2025-12-07T19:00:00+00:00,136.05,136.16,135.21,135.45,27428.434
2025-12-07T19:15:00+00:00,135.45,135.64,135.2,135.42,31116.411
2025-12-07T19:30:00+00:00,135.42,135.97,135.36,135.83,13813.006
2025-12-07T19:45:00+00:00,135.84,135.98,135.6,135.72,8629.635
2025-12-07T20:00:00+00:00,135.73,136.1,135.68,135.87,16590.488
2025-12-07T20:15:00+00:00,135.88,136.28,135.75,136.23,14333.879
2025-12-07T20:30:00+00:00,136.23,136.23,135.8,136.03,10653.144
2025-12-07T20:45:00+00:00,136.02,136.35,135.64,136.18,9827.862
2025-12-07T21:00:00+00:00,136.18,136.18,135.42,135.48,15696.788
2025-12-07T21:15:00+00:00,135.48,135.58,135.13,135.14,34198.425
2025-12-07T21:30:00+00:00,135.13,135.25,133.82,133.85,52078.586
2025-12-07T21:45:00+00:00,133.86,134.02,132.46,133.1,77650.283
2025-12-07T22:00:00+00:00,133.09,133.1,129.8,131.15,152797.18
2025-12-07T22:15:00+00:00,131.15,131.7,130.8,131.67,38582.2
2025-12-07T22:30:00+00:00,131.67,132.42,131.33,132.42,30724.872
2025-12-07T22:45:00+00:00,132.41,132.56,130.51,131.26,40524.914
2025-12-07T23:00:00+00:00,131.25,131.63,130.61,130.99,34413.46
2025-12-07T23:15:00+00:00,131.0,131.72,130.95,131.62,21696.848
2025-12-07T23:30:00+00:00,131.61,131.78,131.0,131.22,15239.311
2025-12-07T23:45:00+00:00,131.23,132.4,131.12,132.24,24618.956
2025-12-08T00:00:00+00:00,132.25,132.27,131.67,131.91,25634.604
2025-12-08T00:15:00+00:00,131.9,132.44,131.59,132.14,18575.373
2025-12-08T00:30:00+00:00,132.13,132.75,132.03,132.08,14837.81
2025-12-08T00:45:00+00:00,132.08,132.08,131.55,131.61,24460.594
2025-12-08T01:00:00+00:00,131.61,132.65,131.52,132.48,24253.209
2025-12-08T01:15:00+00:00,132.48,133.63,132.22,133.46,30049.475
2025-12-08T01:30:00+00:00,133.46,134.47,133.45,133.6,54121.931
2025-12-08T01:45:00+00:00,133.6,133.79,133.13,133.37,23762.485
2025-12-08T02:00:00+00:00,133.37,133.64,133.14,133.53,20146.387
2025-12-08T02:15:00+00:00,133.53,133.8,133.45,133.79,15355.733
2025-12-08T02:30:00+00:00,133.78,134.0,133.32,133.98,15974.079
2025-12-08T02:45:00+00:00,133.98,134.2,133.74,134.04,13475.592
2025-12-08T03:00:00+00:00,134.05,134.27,133.78,133.84,21977.051
2025-12-08T03:15:00+00:00,133.83,134.69,133.76,134.46,24062.271
2025-12-08T03:30:00+00:00,134.45,134.71,134.04,134.06,18411.156
2025-12-08T03:45:00+00:00,134.05,134.41,133.95,134.32,12912.889
2025-12-08T04:00:00+00:00,134.32,134.54,134.07,134.32,12992.601
2025-12-08T04:15:00+00:00,134.32,134.93,134.23,134.64,15306.985
2025-12-08T04:30:00+00:00,134.64,135.2,134.64,134.85,20258.414
2025-12-08T04:45:00+00:00,134.85,135.13,134.7,135.05,13113.525
2025-12-08T05:00:00+00:00,135.06,135.06,134.59,134.92,13346.853
2025-12-08T05:15:00+00:00,134.91,135.16,134.76,134.97,19373.828
2025-12-08T05:30:00+00:00,134.98,135.44,134.95,135.2,17604.288
2025-12-08T05:45:00+00:00,135.21,135.39,135.1,135.2,9646.44
2025-12-08T06:00:00+00:00,135.2,135.32,134.74,134.9,16802.762
2025-12-08T06:15:00+00:00,134.91,135.05,134.65,134.97,18393.994
2025-12-08T06:30:00+00:00,134.98,135.41,134.98,135.31,15875.288
2025-12-08T06:45:00+00:00,135.3,136.0,135.3,135.73,36894.399
2025-12-08T07:00:00+00:00,135.73,135.89,134.94,135.09,25369.038
2025-12-08T07:15:00+00:00,135.09,135.7,134.91,135.65,78638.213
2025-12-08T07:30:00+00:00,135.65,135.98,135.55,135.8,33881.342
2025-12-08T07:45:00+00:00,135.8,135.98,135.59,135.85,22907.408
2025-12-08T08:00:00+00:00,135.85,136.13,135.65,136.03,28660.329
2025-12-08T08:15:00+00:00,136.04,136.3,136.0,136.1,17198.013
2025-12-08T08:30:00+00:00,136.1,136.22,135.83,136.21,15488.669
2025-12-08T08:45:00+00:00,136.2,136.95,136.14,136.71,46590.453
2025-12-08T09:00:00+00:00,136.7,138.9,136.68,138.1,106455.67
2025-12-08T09:15:00+00:00,138.1,138.32,137.88,138.15,43206.236
2025-12-08T09:30:00+00:00,138.14,138.43,137.95,137.99,29082.5
2025-12-08T09:45:00+00:00,137.99,138.17,137.83,138.14,26216.454
2025-12-08T10:00:00+00:00,138.14,138.78,138.05,138.48,32698.555
2025-12-08T10:15:00+00:00,138.47,138.63,138.19,138.33,35113.959
2025-12-08T10:30:00+00:00,138.33,138.98,138.2,138.91,26661.458
2025-12-08T10:45:00+00:00,138.92,139.36,138.7,138.74,27062.972
2025-12-08T11:00:00+00:00,138.74,138.93,138.38,138.87,16702.732
2025-12-08T11:15:00+00:00,138.88,139.14,138.68,138.83,23888.788
2025-12-08T11:30:00+00:00,138.83,139.1,138.48,138.74,33242.388
2025-12-08T11:45:00+00:00,138.74,138.75,138.13,138.37,34145.169
2025-12-08T12:00:00+00:00,138.37,138.59,137.87,137.95,35525.291
2025-12-08T12:15:00+00:00,137.96,138.11,137.25,137.72,86638.376
2025-12-08T12:30:00+00:00,137.71,137.84,137.33,137.47,28616.191
2025-12-08T12:45:00+00:00,137.48,137.93,137.44,137.84,17342.469
2025-12-08T13:00:00+00:00,137.84,138.83,137.55,138.16,36949.906
2025-12-08T13:15:00+00:00,138.15,138.45,137.83,138.19,21322.791
2025-12-08T13:30:00+00:00,138.18,138.77,138.18,138.71,39617.919
2025-12-08T13:45:00+00:00,138.7,139.32,137.95,138.13,44053.912
2025-12-08T14:00:00+00:00,138.13,138.85,137.97,138.83,26973.222
2025-12-08T14:15:00+00:00,138.83,138.85,137.58,137.97,29748.059
2025-12-08T14:30:00+00:00,137.97,139.0,136.86,138.44,76503.095
2025-12-08T14:45:00+00:00,138.43,138.63,137.15,137.19,58143.49
2025-12-08T15:00:00+00:00,137.2,137.57,135.87,136.14,69653.737
2025-12-08T15:15:00+00:00,136.13,136.83,135.35,135.95,71995.6
2025-12-08T15:30:00+00:00,135.95,136.53,135.24,135.38,77839.971
2025-12-08T15:45:00+00:00,135.37,136.32,135.31,135.55,49690.743
2025-12-08T16:00:00+00:00,135.54,135.7,134.86,135.13,77165.16
2025-12-08T16:15:00+00:00,135.12,136.33,134.97,136.13,56061.332
2025-12-08T16:30:00+00:00,136.14,136.54,135.91,136.2,32497.232
2025-12-08T16:45:00+00:00,136.21,136.37,135.32,135.6,24220.138
2025-12-08T17:00:00+00:00,135.6,136.3,135.2,136.06,27848.25
2025-12-08T17:15:00+00:00,136.06,136.29,135.43,135.77,25106.739
2025-12-08T17:30:00+00:00,135.76,136.16,135.01,135.1,30811.068
2025-12-08T17:45:00+00:00,135.09,136.19,134.78,135.83,46428.691
2025-12-08T18:00:00+00:00,135.83,136.25,135.5,135.52,29442.075
2025-12-08T18:15:00+00:00,135.53,136.2,135.0,135.11,44752.913
2025-12-08T18:30:00+00:00,135.1,135.42,134.85,135.35,25148.681
2025-12-08T18:45:00+00:00,135.35,135.56,133.02,133.62,96542.592
2025-12-08T19:00:00+00:00,133.62,134.32,133.53,134.02,45992.188
2025-12-08T19:15:00+00:00,134.01,134.23,133.6,134.19,32759.877
2025-12-08T19:30:00+00:00,134.19,134.58,134.0,134.1,28835.651
2025-12-08T19:45:00+00:00,134.1,134.68,133.46,133.67,31447.054
2025-12-08T20:00:00+00:00,133.66,134.36,133.43,134.07,36681.617
2025-12-08T20:15:00+00:00,134.08,134.55,133.97,134.06,22393.632
2025-12-08T20:30:00+00:00,134.07,134.32,133.5,134.24,32948.073
2025-12-08T20:45:00+00:00,134.24,134.94,133.94,134.09,41709.743
2025-12-08T21:00:00+00:00,134.09,134.4,133.66,133.76,50478.547
2025-12-08T21:15:00+00:00,133.76,134.2,133.24,134.0,31591.987
2025-12-08T21:30:00+00:00,134.01,134.48,133.8,134.08,34216.825
2025-12-08T21:45:00+00:00,134.08,134.58,133.96,134.48,25535.449
2025-12-08T22:00:00+00:00,134.48,134.55,133.8,133.89,16965.265
2025-12-08T22:15:00+00:00,133.89,134.2,133.83,134.06,24938.313
2025-12-08T22:30:00+00:00,134.06,134.28,133.66,133.71,18272.335
2025-12-08T22:45:00+00:00,133.71,134.03,133.38,133.58,22798.853
2025-12-08T23:00:00+00:00,133.58,133.79,133.44,133.52,34463.252
2025-12-08T23:15:00+00:00,133.52,133.77,132.45,132.67,68896.13
2025-12-08T23:30:00+00:00,132.67,133.38,132.67,133.18,53501.099
2025-12-08T23:45:00+00:00,133.19,133.44,133.13,133.25,33219.531
2025-12-09T00:00:00+00:00,133.24,133.37,132.95,133.34,34984.435
2025-12-09T00:15:00+00:00,133.34,133.61,133.04,133.04,33500.434
2025-12-09T00:30:00+00:00,133.05,133.18,132.57,132.96,37416.988
2025-12-09T00:45:00+00:00,132.96,133.19,132.85,133.01,26031.92
2025-12-09T01:00:00+00:00,133.02,133.32,132.64,133.07,23439.945
2025-12-09T01:15:00+00:00,133.06,133.33,132.66,132.74,10993.29
2025-12-09T01:30:00+00:00,132.75,133.1,132.7,132.83,11663.403
2025-12-09T01:45:00+00:00,132.84,133.22,132.62,133.13,31033.715
2025-12-09T02:00:00+00:00,133.12,133.59,132.96,133.17,19991.649
2025-12-09T02:15:00+00:00,133.16,133.65,133.16,133.53,11628.454
2025-12-09T02:30:00+00:00,133.53,133.61,133.24,133.32,10861.667
2025-12-09T02:45:00+00:00,133.32,133.33,132.75,132.78,12203.6
2025-12-09T03:00:00+00:00,132.78,133.11,132.76,132.78,9371.568
2025-12-09T03:15:00+00:00,132.78,133.22,132.47,132.88,26310.691
2025-12-09T03:30:00+00:00,132.88,133.59,132.8,133.47,24119.389
2025-12-09T03:45:00+00:00,133.46,134.42,133.4,134.18,47266.327
2025-12-09T04:00:00+00:00,134.18,134.26,133.96,134.0,8483.403
2025-12-09T04:15:00+00:00,134.01,134.1,133.67,133.89,10338.953
2025-12-09T04:30:00+00:00,133.88,133.88,132.54,132.56,44900.319
2025-12-09T04:45:00+00:00,132.56,132.74,132.35,132.65,30022.938
2025-12-09T05:00:00+00:00,132.65,132.84,132.37,132.59,11178.958
2025-12-09T05:15:00+00:00,132.6,132.95,132.41,132.79,10604.726
2025-12-09T05:30:00+00:00,132.8,133.01,132.7,132.86,62188.727
2025-12-09T05:45:00+00:00,132.86,133.0,131.77,132.1,93981.625
2025-12-09T06:00:00+00:00,132.1,132.47,131.97,132.23,18010.939
2025-12-09T06:15:00+00:00,132.23,132.51,132.2,132.39,16676.999
2025-12-09T06:30:00+00:00,132.39,132.55,132.08,132.48,15482.842
2025-12-09T06:45:00+00:00,132.49,132.79,132.34,132.62,11106.058
2025-12-09T07:00:00+00:00,132.62,132.75,132.36,132.44,14236.029
2025-12-09T07:15:00+00:00,132.44,133.2,132.43,132.98,11909.38
2025-12-09T07:30:00+00:00,132.98,133.16,132.79,133.02,16061.796
2025-12-09T07:45:00+00:00,133.02,133.3,132.94,133.2,8769.855
2025-12-09T08:00:00+00:00,133.21,133.34,133.1,133.23,11942.683
2025-12-09T08:15:00+00:00,133.22,133.42,133.0,133.01,12774.828
2025-12-09T08:30:00+00:00,133.0,133.09,132.65,133.09,15749.408
2025-12-09T08:45:00+00:00,133.1,133.38,132.97,133.13,10266.743
2025-12-09T09:00:00+00:00,133.12,133.13,132.63,132.77,12994.306
2025-12-09T09:15:00+00:00,132.77,132.89,132.61,132.62,7573.119
2025-12-09T09:30:00+00:00,132.63,132.8,132.36,132.45,12195.566
2025-12-09T09:45:00+00:00,132.45,132.61,132.28,132.35,8230.697
2025-12-09T10:00:00+00:00,132.35,132.59,132.2,132.4,24993.368
2025-12-09T10:15:00+00:00,132.41,132.66,132.33,132.59,12452.153
2025-12-09T10:30:00+00:00,132.59,132.88,132.01,132.38,32511.187
2025-12-09T10:45:00+00:00,132.37,132.75,132.17,132.74,9434.784
2025-12-09T11:00:00+00:00,132.74,132.83,132.5,132.58,8029.593
2025-12-09T11:15:00+00:00,132.57,132.88,132.39,132.81,12967.15
2025-12-09T11:30:00+00:00,132.8,132.87,132.57,132.72,10956.968
2025-12-09T11:45:00+00:00,132.73,133.03,132.73,132.95,9975.028
2025-12-09T12:00:00+00:00,132.95,132.98,132.73,132.87,9477.678
2025-12-09T12:15:00+00:00,132.87,133.57,132.87,133.24,31923.244
2025-12-09T12:30:00+00:00,133.24,133.32,132.95,133.23,14851.982
2025-12-09T12:45:00+00:00,133.23,133.35,133.05,133.12,12983.213
2025-12-09T13:00:00+00:00,133.11,133.27,132.88,133.03,18630.418
2025-12-09T13:15:00+00:00,133.03,133.3,132.79,133.07,32313.161
2025-12-09T13:30:00+00:00,133.07,133.3,132.25,132.29,30907.576
2025-12-09T13:45:00+00:00,132.29,132.47,132.04,132.41,25653.702
2025-12-09T14:00:00+00:00,132.42,132.84,132.33,132.47,20571.839
2025-12-09T14:15:00+00:00,132.48,132.52,131.67,132.18,47403.387
2025-12-09T14:30:00+00:00,132.17,132.72,131.62,132.05,48652.747
2025-12-09T14:45:00+00:00,132.05,132.52,131.93,132.52,19154.019
2025-12-09T15:00:00+00:00,132.52,134.7,132.39,133.22,97791.719
2025-12-09T15:15:00+00:00,133.23,134.5,133.12,134.17,45165.087
2025-12-09T15:30:00+00:00,134.16,136.51,133.93,136.38,149804.99
2025-12-09T15:45:00+00:00,136.39,138.5,136.29,138.45,284701.929
2025-12-09T16:00:00+00:00,138.46,141.47,138.45,141.39,279464.682
2025-12-09T16:15:00+00:00,141.39,141.95,139.95,141.47,220279.176
2025-12-09T16:30:00+00:00,141.47,143.64,141.44,143.2,283819.982
2025-12-09T16:45:00+00:00,143.2,144.64,142.65,143.67,194838.405
2025-12-09T17:00:00+00:00,143.67,144.9,143.65,144.86,144383.793
2025-12-09T17:15:00+00:00,144.86,144.93,143.24,143.76,157619.205
2025-12-09T17:30:00+00:00,143.77,144.0,142.52,143.52,112492.101
2025-12-09T17:45:00+00:00,143.52,143.64,142.87,143.12,73704.987
2025-12-09T18:00:00+00:00,143.13,143.28,142.14,142.78,94709.62
2025-12-09T18:15:00+00:00,142.78,143.11,142.31,142.95,81061.221
2025-12-09T18:30:00+00:00,142.94,143.06,142.3,142.32,35170.019
2025-12-09T18:45:00+00:00,142.32,142.51,141.66,142.5,58310.232
2025-12-09T19:00:00+00:00,142.5,142.6,141.7,142.31,35922.237
2025-12-09T19:15:00+00:00,142.3,142.63,142.15,142.5,25477.618
2025-12-09T19:30:00+00:00,142.5,142.85,141.82,142.02,32239.333
2025-12-09T19:45:00+00:00,142.02,142.44,141.89,142.1,27150.406
2025-12-09T20:00:00+00:00,142.11,142.34,141.8,142.19,35080.35
2025-12-09T20:15:00+00:00,142.19,142.32,140.02,140.66,103209.991
2025-12-09T20:30:00+00:00,140.66,140.75,139.8,140.04,69669.582
2025-12-09T20:45:00+00:00,140.05,140.49,139.65,140.15,46634.82
2025-12-09T21:00:00+00:00,140.16,140.47,139.69,139.98,34749.749
2025-12-09T21:15:00+00:00,139.97,140.05,139.53,139.8,25458.38
2025-12-09T21:30:00+00:00,139.8,139.94,139.07,139.09,28442.214
2025-12-09T21:45:00+00:00,139.09,139.1,136.71,137.74,115202.277
2025-12-09T22:00:00+00:00,137.75,138.71,137.43,138.27,72492.054
2025-12-09T22:15:00+00:00,138.27,138.49,138.05,138.21,27974.104
2025-12-09T22:30:00+00:00,138.21,139.32,138.17,138.94,44929.886
2025-12-09T22:45:00+00:00,138.93,139.43,138.59,138.78,51952.479
2025-12-09T23:00:00+00:00,138.77,138.77,137.97,137.99,57912.764
2025-12-09T23:15:00+00:00,138.0,138.64,137.68,138.57,27598.912
2025-12-09T23:30:00+00:00,138.58,138.82,138.29,138.56,31265.454
2025-12-09T23:45:00+00:00,138.55,138.55,137.77,137.88,21500.707
2025-12-10T00:00:00+00:00,137.87,138.34,137.78,138.03,37929.726
2025-12-10T00:15:00+00:00,138.02,138.02,137.19,137.72,37133.569
2025-12-10T00:30:00+00:00,137.72,138.1,137.44,137.79,21854.891
2025-12-10T00:45:00+00:00,137.79,137.97,137.24,137.28,27129.18
2025-12-10T01:00:00+00:00,137.28,137.6,137.2,137.39,79040.193
2025-12-10T01:15:00+00:00,137.39,138.51,137.25,138.04,208668.528
2025-12-10T01:30:00+00:00,138.04,138.28,137.51,137.99,26508.201
2025-12-10T01:45:00+00:00,137.99,138.18,137.81,137.85,26063.202
2025-12-10T02:00:00+00:00,137.85,137.85,137.19,137.47,23271.732
2025-12-10T02:15:00+00:00,137.48,138.14,137.46,137.89,34525.203
2025-12-10T02:30:00+00:00,137.89,137.96,137.51,137.66,19497.477
2025-12-10T02:45:00+00:00,137.66,137.76,137.37,137.73,18660.525
2025-12-10T03:00:00+00:00,137.74,137.97,137.63,137.96,26869.611
2025-12-10T03:15:00+00:00,137.97,137.97,137.54,137.84,21806.786
2025-12-10T03:30:00+00:00,137.83,138.32,137.68,138.26,27078.065
2025-12-10T03:45:00+00:00,138.26,138.61,138.15,138.15,24868.495
2025-12-10T04:00:00+00:00,138.15,138.35,138.05,138.3,16635.228
2025-12-10T04:15:00+00:00,138.3,139.23,138.25,138.83,50795.033
2025-12-10T04:30:00+00:00,138.83,140.0,138.77,139.74,62930.376
2025-12-10T04:45:00+00:00,139.75,140.22,138.78,139.03,51806.634
2025-12-10T05:00:00+00:00,139.03,139.6,138.95,139.4,31040.288
2025-12-10T05:15:00+00:00,139.39,139.5,138.93,138.95,27297.993
2025-12-10T05:30:00+00:00,138.96,139.0,138.63,138.89,13789.741
2025-12-10T05:45:00+00:00,138.88,139.29,138.78,139.16,11010.201
2025-12-10T06:00:00+00:00,139.17,139.44,138.72,139.38,16193.532
2025-12-10T06:15:00+00:00,139.38,139.41,139.11,139.21,6526.761
2025-12-10T06:30:00+00:00,139.22,139.36,138.92,139.28,11234.089
2025-12-10T06:45:00+00:00,139.29,139.35,139.0,139.23,9722.985
2025-12-10T07:00:00+00:00,139.23,139.23,138.78,138.82,14946.411
2025-12-10T07:15:00+00:00,138.81,138.87,138.36,138.5,23485.868
2025-12-10T07:30:00+00:00,138.49,138.95,138.38,138.85,9942.672
2025-12-10T07:45:00+00:00,138.85,139.2,138.82,139.2,13931.661
2025-12-10T08:00:00+00:00,139.2,139.44,139.02,139.04,20171.415
2025-12-10T08:15:00+00:00,139.04,139.13,138.86,138.87,18723.507
2025-12-10T08:30:00+00:00,138.87,138.98,138.58,138.65,27886.286
2025-12-10T08:45:00+00:00,138.64,138.79,138.42,138.5,16705.941
2025-12-10T09:00:00+00:00,138.5,138.68,138.14,138.58,16498.118
2025-12-10T09:15:00+00:00,138.59,138.71,138.26,138.36,19684.518
2025-12-10T09:30:00+00:00,138.36,138.75,138.15,138.23,15765.191
2025-12-10T09:45:00+00:00,138.23,139.1,138.22,138.97,25152.235
2025-12-10T10:00:00+00:00,138.97,139.88,138.17,138.47,85853.483
2025-12-10T10:15:00+00:00,138.47,138.5,137.4,137.46,47999.697
2025-12-10T10:30:00+00:00,137.47,137.58,136.87,137.11,43890.054
2025-12-10T10:45:00+00:00,137.11,137.26,136.81,136.97,29589.92
2025-12-10T11:00:00+00:00,136.96,137.5,136.86,137.27,36174.481
2025-12-10T11:15:00+00:00,137.26,137.43,137.08,137.19,25150.28
2025-12-10T11:30:00+00:00,137.19,137.25,136.33,136.66,40341.566
2025-12-10T11:45:00+00:00,136.65,137.33,136.45,137.24,43225.975
2025-12-10T12:00:00+00:00,137.23,137.37,137.09,137.11,21516.733
2025-12-10T12:15:00+00:00,137.11,137.14,136.85,136.95,19981.957
2025-12-10T12:30:00+00:00,136.94,137.34,136.81,137.05,11481.781
2025-12-10T12:45:00+00:00,137.06,138.15,136.95,137.9,39101.13
2025-12-10T13:00:00+00:00,137.89,137.99,137.5,137.62,21447.232
2025-12-10T13:15:00+00:00,137.62,138.16,137.47,137.97,21936.146
2025-12-10T13:30:00+00:00,137.98,138.06,137.54,137.7,21011.254
2025-12-10T13:45:00+00:00,137.71,137.91,137.47,137.7,11708.393
2025-12-10T14:00:00+00:00,137.69,137.74,137.14,137.36,17080.268
2025-12-10T14:15:00+00:00,137.37,137.45,137.12,137.32,18327.477
2025-12-10T14:30:00+00:00,137.32,137.74,136.63,136.9,77482.427
2025-12-10T14:45:00+00:00,136.91,137.25,136.52,137.17,31211.286
2025-12-10T15:00:00+00:00,137.18,137.66,137.0,137.31,26035.82
2025-12-10T15:15:00+00:00,137.3,137.3,136.56,137.01,30283.676
2025-12-10T15:30:00+00:00,137.01,137.11,135.71,136.15,62460.689
2025-12-10T15:45:00+00:00,136.15,136.52,135.92,136.17,54895.033
2025-12-10T16:00:00+00:00,136.16,136.78,135.73,136.49,49046.661
2025-12-10T16:15:00+00:00,136.48,137.45,136.27,136.9,44159.392
2025-12-10T16:30:00+00:00,136.9,136.91,135.84,136.28,57339.105
2025-12-10T16:45:00+00:00,136.28,136.55,135.85,136.14,36482.333
2025-12-10T17:00:00+00:00,136.13,136.41,135.92,136.37,25571.482
2025-12-10T17:15:00+00:00,136.37,137.19,136.21,136.69,79578.23
2025-12-10T17:30:00+00:00,136.69,136.89,136.33,136.76,39289.834
2025-12-10T17:45:00+00:00,136.76,136.91,136.38,136.85,24891.132
2025-12-10T18:00:00+00:00,136.84,137.34,136.41,137.1,30044.442
2025-12-10T18:15:00+00:00,137.1,137.42,136.49,137.16,62428.501
2025-12-10T18:30:00+00:00,137.16,139.52,137.1,137.81,126933.914
2025-12-10T18:45:00+00:00,137.8,138.5,136.77,137.72,86600.23
2025-12-10T19:00:00+00:00,137.72,139.64,136.19,138.63,258036.973
2025-12-10T19:15:00+00:00,138.62,139.21,137.47,137.73,116993.165
2025-12-10T19:30:00+00:00,137.74,139.42,137.39,137.87,154013.682
2025-12-10T19:45:00+00:00,137.87,138.9,137.72,138.67,70107.601
2025-12-10T20:00:00+00:00,138.67,141.76,137.8,141.74,217392.153
2025-12-10T20:15:00+00:00,141.74,142.57,139.68,140.58,294911.515
2025-12-10T20:30:00+00:00,140.57,141.05,140.08,140.73,58523.828
2025-12-10T20:45:00+00:00,140.74,140.93,137.43,138.34,220298.988
2025-12-10T21:00:00+00:00,138.33,138.87,136.8,137.64,135574.215
2025-12-10T21:15:00+00:00,137.65,138.42,137.32,137.81,27118.99
2025-12-10T21:30:00+00:00,137.82,137.98,136.97,137.88,34117.713
2025-12-10T21:45:00+00:00,137.89,138.09,136.95,137.15,21755.062
2025-12-10T22:00:00+00:00,137.16,137.7,136.41,136.71,24028.38
2025-12-10T22:15:00+00:00,136.72,137.0,135.39,136.62,67723.989
2025-12-10T22:30:00+00:00,136.63,137.48,136.39,137.37,27661.842
2025-12-10T22:45:00+00:00,137.37,137.85,137.14,137.61,18173.72
2025-12-10T23:00:00+00:00,137.6,137.82,137.05,137.29,21687.882
2025-12-10T23:15:00+00:00,137.3,137.4,136.65,136.72,24098.704
2025-12-10T23:30:00+00:00,136.72,136.89,136.43,136.65,15425.097
2025-12-10T23:45:00+00:00,136.66,136.71,136.11,136.26,19252.695
2025-12-11T00:00:00+00:00,136.26,136.43,136.04,136.25,18703.405
2025-12-11T00:15:00+00:00,136.24,136.32,135.7,136.02,37998.761
2025-12-11T00:30:00+00:00,136.01,136.01,133.77,134.26,110990.885
2025-12-11T00:45:00+00:00,134.25,134.42,133.45,133.86,60949.976
2025-12-11T01:00:00+00:00,133.86,134.19,133.29,133.5,40216.476
2025-12-11T01:15:00+00:00,133.5,133.7,132.66,133.53,75829.407
2025-12-11T01:30:00+00:00,133.53,133.99,133.24,133.32,31194.357
2025-12-11T01:45:00+00:00,133.31,133.31,132.85,132.89,27691.662
2025-12-11T02:00:00+00:00,132.89,132.94,131.9,132.01,103069.343
2025-12-11T02:15:00+00:00,132.01,132.13,131.17,131.18,77607.961
2025-12-11T02:30:00+00:00,131.17,131.98,130.93,131.4,166618.427
2025-12-11T02:45:00+00:00,131.4,131.41,130.52,130.78,110498.308
2025-12-11T03:00:00+00:00,130.78,130.78,129.43,130.01,225099.5
2025-12-11T03:15:00+00:00,130.01,130.45,129.7,129.93,48317.614
2025-12-11T03:30:00+00:00,129.94,130.24,129.0,129.56,59053.016
2025-12-11T03:45:00+00:00,129.56,129.8,129.29,129.39,54179.892
2025-12-11T04:00:00+00:00,129.39,130.28,129.04,130.0,76486.747
2025-12-11T04:15:00+00:00,130.0,130.2,129.6,129.7,43856.561
2025-12-11T04:30:00+00:00,129.7,130.1,129.68,130.04,42746.097
2025-12-11T04:45:00+00:00,130.04,131.52,129.94,131.04,68970.907
2025-12-11T05:00:00+00:00,131.04,131.04,130.47,130.71,34348.614
2025-12-11T05:15:00+00:00,130.71,131.27,130.61,131.23,29683.2
2025-12-11T05:30:00+00:00,131.23,131.25,130.74,130.87,29223.179
2025-12-11T05:45:00+00:00,130.88,131.3,130.87,131.19,28454.089
2025-12-11T06:00:00+00:00,131.19,131.19,130.92,131.08,26313.836
2025-12-11T06:15:00+00:00,131.07,131.11,130.37,130.75,31481.855
2025-12-11T06:30:00+00:00,130.75,131.42,130.75,131.06,28340.66
2025-12-11T06:45:00+00:00,131.06,131.19,130.9,131.06,19039.169
2025-12-11T07:00:00+00:00,131.06,131.25,130.97,131.21,16453.391
2025-12-11T07:15:00+00:00,131.21,131.4,130.97,131.07,30192.003
2025-12-11T07:30:00+00:00,131.07,131.27,130.77,130.78,24366.948
2025-12-11T07:45:00+00:00,130.78,131.08,130.66,131.03,12926.38
2025-12-11T08:00:00+00:00,131.03,131.13,130.51,130.7,43650.42
2025-12-11T08:15:00+00:00,130.7,130.97,130.54,130.74,15557.399
2025-12-11T08:30:00+00:00,130.74,130.76,130.15,130.41,25304.706
2025-12-11T08:45:00+00:00,130.41,131.13,130.35,131.1,14775.306
2025-12-11T09:00:00+00:00,131.1,131.23,130.9,130.93,18164.117
2025-12-11T09:15:00+00:00,130.93,131.41,130.92,131.18,21348.534
2025-12-11T09:30:00+00:00,131.18,131.35,131.13,131.16,15977.88
2025-12-11T09:45:00+00:00,131.16,131.29,130.83,130.95,36373.412
2025-12-11T10:00:00+00:00,130.94,131.11,130.85,131.07,11531.494
2025-12-11T10:15:00+00:00,131.07,131.08,130.5,130.83,25557.006
2025-12-11T10:30:00+00:00,130.83,130.85,130.56,130.58,12273.397
2025-12-11T10:45:00+00:00,130.58,130.9,130.58,130.83,17179.734
2025-12-11T11:00:00+00:00,130.83,131.08,130.76,130.91,12310.157
2025-12-11T11:15:00+00:00,130.91,131.02,130.8,130.89,12543.39
2025-12-11T11:30:00+00:00,130.89,131.22,130.87,131.14,18073.914
2025-12-11T11:45:00+00:00,131.13,131.15,130.85,130.93,21354.283
2025-12-11T12:00:00+00:00,130.93,131.06,130.73,130.92,18272.996
2025-12-11T12:15:00+00:00,130.92,131.54,130.92,131.49,25993.193
2025-12-11T12:30:00+00:00,131.49,131.87,131.28,131.44,28922.138
2025-12-11T12:45:00+00:00,131.44,131.6,131.22,131.23,20378.804
2025-12-11T13:00:00+00:00,131.22,131.44,130.97,131.11,20106.523
2025-12-11T13:15:00+00:00,131.11,131.4,131.01,131.21,15260.234
2025-12-11T13:30:00+00:00,131.21,131.52,130.88,131.28,16834.913
2025-12-11T13:45:00+00:00,131.28,131.47,131.08,131.31,11366.64
2025-12-11T14:00:00+00:00,131.31,131.47,131.13,131.2,10315.862
2025-12-11T14:15:00+00:00,131.19,131.31,130.76,130.81,21938.355
2025-12-11T14:30:00+00:00,130.8,131.51,129.91,131.06,96269.845
2025-12-11T14:45:00+00:00,131.06,131.24,129.84,130.63,80960.34
2025-12-11T15:00:00+00:00,130.63,131.37,130.31,131.17,31313.8
2025-12-11T15:15:00+00:00,131.16,132.82,130.83,132.04,89752.853
2025-12-11T15:30:00+00:00,132.04,132.13,130.91,131.1,50590.325
2025-12-11T15:45:00+00:00,131.1,131.63,130.71,131.18,28471.36
2025-12-11T16:00:00+00:00,131.17,131.41,130.35,130.44,34550.576
2025-12-11T16:15:00+00:00,130.43,130.74,130.25,130.54,20703.96
2025-12-11T16:30:00+00:00,130.53,131.66,130.12,131.47,22108.064
2025-12-11T16:45:00+00:00,131.48,132.0,131.15,131.34,24743.385
2025-12-11T17:00:00+00:00,131.33,131.45,130.8,131.06,17905.403
2025-12-11T17:15:00+00:00,131.05,132.15,130.96,132.0,29609.961
2025-12-11T17:30:00+00:00,132.01,132.42,131.76,132.28,34233.302
2025-12-11T17:45:00+00:00,132.29,132.6,132.0,132.36,37886.837
2025-12-11T18:00:00+00:00,132.35,133.57,132.01,133.46,76932.201
2025-12-11T18:15:00+00:00,133.46,134.24,133.37,134.03,126670.482
2025-12-11T18:30:00+00:00,134.04,135.38,133.64,135.38,106275.173
2025-12-11T18:45:00+00:00,135.39,135.58,133.85,134.46,99147.93
2025-12-11T19:00:00+00:00,134.47,135.0,133.62,134.08,51947.623
2025-12-11T19:15:00+00:00,134.07,135.49,133.92,134.8,74051.165
2025-12-11T19:30:00+00:00,134.8,135.3,134.63,134.9,52988.72
2025-12-11T19:45:00+00:00,134.9,135.07,133.71,133.91,46798.998
2025-12-11T20:00:00+00:00,133.9,134.93,133.82,134.74,30125.303
2025-12-11T20:15:00+00:00,134.74,135.02,134.17,134.29,28768.105
2025-12-11T20:30:00+00:00,134.29,135.5,134.24,135.18,38844.898
2025-12-11T20:45:00+00:00,135.18,136.98,134.78,136.1,113498.396
2025-12-11T21:00:00+00:00,136.11,137.79,136.1,137.09,125420.916
2025-12-11T21:15:00+00:00,137.09,137.77,136.73,137.19,82170.337
2025-12-11T21:30:00+00:00,137.19,137.7,136.81,137.28,58308.11
2025-12-11T21:45:00+00:00,137.29,137.47,136.8,137.03,50633.519
2025-12-11T22:00:00+00:00,137.03,137.49,137.01,137.31,56856.23
2025-12-11T22:15:00+00:00,137.3,137.4,136.02,136.79,64053.485
2025-12-11T22:30:00+00:00,136.79,137.28,136.29,136.55,53067.207
2025-12-11T22:45:00+00:00,136.55,136.55,135.83,136.17,51696.156
2025-12-11T23:00:00+00:00,136.17,136.54,135.68,136.08,34157.585
2025-12-11T23:15:00+00:00,136.08,136.29,135.86,135.99,16491.291
2025-12-11T23:30:00+00:00,136.0,136.77,135.95,136.64,22431.809
2025-12-11T23:45:00+00:00,136.63,136.7,136.11,136.41,14993.953
2025-12-12T00:00:00+00:00,136.41,137.0,136.29,136.74,33967.135
2025-12-12T00:15:00+00:00,136.74,137.49,136.7,136.97,30432.375
2025-12-12T00:30:00+00:00,136.98,137.15,136.44,136.46,36340.489
2025-12-12T00:45:00+00:00,136.46,136.65,135.35,135.5,39365.204
2025-12-12T01:00:00+00:00,135.51,136.52,135.51,136.26,50733.886
2025-12-12T01:15:00+00:00,136.27,137.25,136.24,136.91,22806.04
2025-12-12T01:30:00+00:00,136.91,137.19,136.78,136.99,19295.3
2025-12-12T01:45:00+00:00,136.99,137.07,136.51,136.74,31279.592
2025-12-12T02:00:00+00:00,136.73,137.95,136.51,137.68,39554.957
2025-12-12T02:15:00+00:00,137.69,137.72,137.19,137.29,28502.103
2025-12-12T02:30:00+00:00,137.28,137.4,137.0,137.12,18199.659
2025-12-12T02:45:00+00:00,137.12,137.46,136.8,137.22,29957.546
2025-12-12T03:00:00+00:00,137.21,137.45,137.15,137.2,22558.633
2025-12-12T03:15:00+00:00,137.19,137.25,136.56,136.84,23091.331
2025-12-12T03:30:00+00:00,136.84,137.24,136.63,137.14,20392.63
2025-12-12T03:45:00+00:00,137.15,137.39,137.04,137.08,12757.225
2025-12-12T04:00:00+00:00,137.08,137.12,136.8,136.95,15260.436
2025-12-12T04:15:00+00:00,136.95,137.09,136.85,136.88,17999.185
2025-12-12T04:30:00+00:00,136.88,137.04,136.77,137.0,20407.256
2025-12-12T04:45:00+00:00,137.0,137.19,136.87,137.04,15084.551
2025-12-12T05:00:00+00:00,137.04,137.37,136.77,136.78,23816.687
2025-12-12T05:15:00+00:00,136.77,136.97,136.52,136.83,18570.242
2025-12-12T05:30:00+00:00,136.83,137.62,136.83,137.61,37044.067
2025-12-12T05:45:00+00:00,137.61,138.93,137.6,138.9,99704.539
2025-12-12T06:00:00+00:00,138.91,140.12,138.74,140.07,115948.924
2025-12-12T06:15:00+00:00,140.06,140.06,139.23,139.37,56168.823
2025-12-12T06:30:00+00:00,139.36,139.4,138.86,139.02,31633.572
2025-12-12T06:45:00+00:00,139.03,139.14,138.71,139.13,35971.806
2025-12-12T07:00:00+00:00,139.14,139.27,138.83,138.91,18412.94
2025-12-12T07:15:00+00:00,138.91,139.06,138.79,139.02,19972.147
2025-12-12T07:30:00+00:00,139.03,139.42,138.82,139.33,33987.708
2025-12-12T07:45:00+00:00,139.33,139.42,139.08,139.09,18578.691
2025-12-12T08:00:00+00:00,139.09,139.15,138.86,138.94,20763.028
2025-12-12T08:15:00+00:00,138.94,139.0,138.04,138.29,47407.147
2025-12-12T08:30:00+00:00,138.28,138.29,137.56,137.88,45874.657
2025-12-12T08:45:00+00:00,137.88,138.01,137.46,137.95,48486.37
2025-12-12T09:00:00+00:00,137.94,138.14,137.71,138.12,16146.7
2025-12-12T09:15:00+00:00,138.11,138.15,137.32,137.4,13789.322
2025-12-12T09:30:00+00:00,137.39,137.62,137.19,137.42,35198.173
2025-12-12T09:45:00+00:00,137.41,138.47,137.28,138.25,41490.19
2025-12-12T10:00:00+00:00,138.24,138.51,138.09,138.36,19270.519
2025-12-12T10:15:00+00:00,138.35,138.35,138.05,138.11,19056.218
2025-12-12T10:30:00+00:00,138.12,138.22,137.95,138.08,19430.017
2025-12-12T10:45:00+00:00,138.09,138.56,137.96,138.35,29042.688
2025-12-12T11:00:00+00:00,138.36,138.44,138.04,138.14,12180.011
2025-12-12T11:15:00+00:00,138.13,138.52,137.86,138.42,19074.194
2025-12-12T11:30:00+00:00,138.43,138.52,138.31,138.49,16296.634
2025-12-12T11:45:00+00:00,138.5,138.77,138.32,138.71,26272.416
2025-12-12T12:00:00+00:00,138.72,138.77,138.33,138.47,16195.295
2025-12-12T12:15:00+00:00,138.46,138.64,138.44,138.6,13437.329
2025-12-12T12:30:00+00:00,138.6,139.3,138.6,139.07,40523.944
2025-12-12T12:45:00+00:00,139.08,139.86,139.02,139.64,40074.094
2025-12-12T13:00:00+00:00,139.64,139.64,139.19,139.39,33591.828
2025-12-12T13:15:00+00:00,139.4,139.56,139.06,139.17,28794.312
2025-12-12T13:30:00+00:00,139.17,139.5,139.01,139.17,25259.46
2025-12-12T13:45:00+00:00,139.17,139.27,138.72,138.98,22881.208
2025-12-12T14:00:00+00:00,138.99,139.16,138.63,138.78,29366.521
2025-12-12T14:15:00+00:00,138.78,139.33,138.61,138.91,46132.278
2025-12-12T14:30:00+00:00,138.91,139.58,138.6,138.99,60196.173
2025-12-12T14:45:00+00:00,138.98,139.02,138.09,138.48,40414.22
2025-12-12T15:00:00+00:00,138.47,138.51,136.89,137.51,116993.483
2025-12-12T15:15:00+00:00,137.52,137.55,135.54,135.65,126085.501
2025-12-12T15:30:00+00:00,135.65,135.95,134.02,134.81,244323.853
2025-12-12T15:45:00+00:00,134.8,135.57,132.85,133.49,188285.25
2025-12-12T16:00:00+00:00,133.48,133.95,132.63,133.16,117469.445
2025-12-12T16:15:00+00:00,133.15,133.74,132.05,133.54,102818.494
2025-12-12T16:30:00+00:00,133.53,133.54,131.53,131.97,132666.265
2025-12-12T16:45:00+00:00,131.96,132.6,131.69,132.2,97247.426
2025-12-12T17:00:00+00:00,132.2,133.19,132.03,133.06,75585.627
2025-12-12T17:15:00+00:00,133.06,133.59,131.58,131.6,84524.234
2025-12-12T17:30:00+00:00,131.59,132.24,131.37,131.79,62294.115
2025-12-12T17:45:00+00:00,131.78,132.28,131.72,132.14,40899.947
2025-12-12T18:00:00+00:00,132.15,133.07,132.08,132.46,60033.28
2025-12-12T18:15:00+00:00,132.46,132.95,131.46,132.4,78088.659
2025-12-12T18:30:00+00:00,132.4,133.19,132.31,132.76,38122.272
2025-12-12T18:45:00+00:00,132.77,133.27,132.58,132.75,27580.848
2025-12-12T19:00:00+00:00,132.75,132.85,132.02,132.16,20824.185
2025-12-12T19:15:00+00:00,132.15,132.52,131.76,131.97,23393.928
2025-12-12T19:30:00+00:00,131.97,132.11,130.93,131.03,62905.201
2025-12-12T19:45:00+00:00,131.04,131.36,130.35,131.27,71820.087
2025-12-12T20:00:00+00:00,131.27,131.66,131.0,131.3,36235.955
2025-12-12T20:15:00+00:00,131.3,131.92,131.21,131.37,27751.612
2025-12-12T20:30:00+00:00,131.38,131.85,131.27,131.63,21911.101
2025-12-12T20:45:00+00:00,131.63,131.92,131.44,131.59,29113.974
2025-12-12T21:00:00+00:00,131.58,131.72,131.25,131.45,24316.392
2025-12-12T21:15:00+00:00,131.46,131.78,131.45,131.64,13379.74
2025-12-12T21:30:00+00:00,131.64,131.94,131.61,131.87,13352.397
2025-12-12T21:45:00+00:00,131.87,132.07,131.76,131.86,16560.595
2025-12-12T22:00:00+00:00,131.86,132.65,131.82,132.49,30404.91
2025-12-12T22:15:00+00:00,132.49,132.86,132.37,132.55,26331.974
2025-12-12T22:30:00+00:00,132.54,132.73,132.31,132.66,33832.334
2025-12-12T22:45:00+00:00,132.66,132.8,132.42,132.74,17047.935
2025-12-12T23:00:00+00:00,132.75,133.07,132.63,132.82,36204.094
2025-12-12T23:15:00+00:00,132.82,132.89,132.54,132.54,7202.083
2025-12-12T23:30:00+00:00,132.54,132.72,132.5,132.58,12581.03
2025-12-12T23:45:00+00:00,132.58,132.6,132.21,132.27,22979.411
2025-12-13T00:00:00+00:00,132.28,132.7,132.28,132.4,21743.794
2025-12-13T00:15:00+00:00,132.4,132.53,132.35,132.42,18012.465
2025-12-13T00:30:00+00:00,132.42,132.75,132.42,132.59,18673.743
2025-12-13T00:45:00+00:00,132.59,132.66,132.4,132.62,18906.029
2025-12-13T01:00:00+00:00,132.63,132.93,132.61,132.81,18153.762
2025-12-13T01:15:00+00:00,132.8,132.97,132.68,132.81,25942.112
2025-12-13T01:30:00+00:00,132.8,132.83,132.4,132.44,12333.144
2025-12-13T01:45:00+00:00,132.44,132.68,132.38,132.66,16870.271
2025-12-13T02:00:00+00:00,132.67,132.99,132.66,132.86,14895.454
2025-12-13T02:15:00+00:00,132.86,133.0,132.76,132.85,12402.165
2025-12-13T02:30:00+00:00,132.85,132.9,132.57,132.75,7639.009
2025-12-13T02:45:00+00:00,132.74,132.77,132.57,132.63,11343.006
2025-12-13T03:00:00+00:00,132.63,132.76,132.55,132.72,7976.823
2025-12-13T03:15:00+00:00,132.71,132.98,132.71,132.86,6951.475
2025-12-13T03:30:00+00:00,132.86,133.0,132.79,132.93,9019.526
2025-12-13T03:45:00+00:00,132.93,132.95,132.82,132.88,6132.613
2025-12-13T04:00:00+00:00,132.88,132.89,132.65,132.74,8643.401
2025-12-13T04:15:00+00:00,132.75,132.86,132.68,132.8,4832.659
2025-12-13T04:30:00+00:00,132.79,132.88,132.58,132.81,6828.99
2025-12-13T04:45:00+00:00,132.82,132.95,132.78,132.87,14697.072
2025-12-13T05:00:00+00:00,132.86,132.98,132.83,132.9,7988.616
2025-12-13T05:15:00+00:00,132.91,132.94,132.67,132.71,5820.186
2025-12-13T05:30:00+00:00,132.71,132.77,132.33,132.5,35689.643
2025-12-13T05:45:00+00:00,132.5,132.73,132.46,132.68,4458.412
2025-12-13T06:00:00+00:00,132.67,132.73,132.51,132.6,11298.844
2025-12-13T06:15:00+00:00,132.6,132.6,132.4,132.52,4889.593
2025-12-13T06:30:00+00:00,132.52,132.9,132.51,132.77,3992.366
2025-12-13T06:45:00+00:00,132.77,132.97,132.72,132.88,10837.0
2025-12-13T07:00:00+00:00,132.88,132.93,132.81,132.81,4698.068
2025-12-13T07:15:00+00:00,132.81,132.99,132.8,132.9,10104.114
2025-12-13T07:30:00+00:00,132.9,133.02,132.85,133.0,6676.196
2025-12-13T07:45:00+00:00,133.0,133.0,132.85,132.93,6706.516
2025-12-13T08:00:00+00:00,132.94,133.22,132.93,133.22,20160.543
2025-12-13T08:15:00+00:00,133.21,133.91,133.14,133.72,72843.039
2025-12-13T08:30:00+00:00,133.72,133.77,133.39,133.55,21654.45
2025-12-13T08:45:00+00:00,133.55,134.21,133.54,134.0,28507.607
2025-12-13T09:00:00+00:00,134.0,134.28,133.97,133.98,28082.997
2025-12-13T09:15:00+00:00,133.98,133.98,133.64,133.74,17505.157
2025-12-13T09:30:00+00:00,133.74,133.84,133.52,133.67,10704.276
2025-12-13T09:45:00+00:00,133.68,133.84,133.55,133.58,13394.935
2025-12-13T10:00:00+00:00,133.59,133.8,133.47,133.67,14965.689
2025-12-13T10:15:00+00:00,133.67,133.96,133.67,133.91,15286.827
2025-12-13T10:30:00+00:00,133.92,134.27,133.81,134.21,16952.616
2025-12-13T10:45:00+00:00,134.21,134.21,133.75,133.96,16707.206
2025-12-13T11:00:00+00:00,133.96,134.06,133.81,134.02,10952.828
2025-12-13T11:15:00+00:00,134.02,134.03,133.71,133.75,14244.825
2025-12-13T11:30:00+00:00,133.75,133.8,133.34,133.45,19512.432
2025-12-13T11:45:00+00:00,133.45,133.58,133.2,133.32,19981.199
2025-12-13T12:00:00+00:00,133.31,133.68,133.31,133.61,9218.909
2025-12-13T12:15:00+00:00,133.61,133.62,132.84,132.92,13501.293
2025-12-13T12:30:00+00:00,132.93,133.16,132.66,132.7,19253.053
2025-12-13T12:45:00+00:00,132.7,133.01,132.62,132.96,11979.68
2025-12-13T13:00:00+00:00,132.97,133.29,132.93,132.96,13318.145
2025-12-13T13:15:00+00:00,132.96,133.37,132.67,132.7,11441.253
2025-12-13T13:30:00+00:00,132.71,133.16,132.63,133.01,12053.376
2025-12-13T13:45:00+00:00,133.01,133.15,132.84,133.13,6147.094
2025-12-13T14:00:00+00:00,133.14,133.41,133.04,133.41,7976.682
2025-12-13T14:15:00+00:00,133.41,133.41,132.61,132.71,17626.58
2025-12-13T14:30:00+00:00,132.7,133.38,132.65,133.09,20690.893
2025-12-13T14:45:00+00:00,133.1,133.43,133.07,133.19,14467.687
2025-12-13T15:00:00+00:00,133.19,133.64,133.17,133.37,14753.86
2025-12-13T15:15:00+00:00,133.36,133.48,133.11,133.26,14190.755
2025-12-13T15:30:00+00:00,133.27,133.66,133.25,133.42,28716.342
2025-12-13T15:45:00+00:00,133.42,133.46,133.11,133.31,14900.28
2025-12-13T16:00:00+00:00,133.3,133.82,133.27,133.56,15207.589
2025-12-13T16:15:00+00:00,133.55,133.56,133.07,133.1,9524.665
2025-12-13T16:30:00+00:00,133.1,133.23,132.88,133.07,11159.641
2025-12-13T16:45:00+00:00,133.07,133.23,133.0,133.17,13776.755
2025-12-13T17:00:00+00:00,133.17,133.2,132.42,132.68,35913.592
2025-12-13T17:15:00+00:00,132.68,132.72,132.2,132.36,36538.741
2025-12-13T17:30:00+00:00,132.36,132.63,132.24,132.53,35731.783
2025-12-13T17:45:00+00:00,132.52,132.53,132.13,132.21,48724.02
2025-12-13T18:00:00+00:00,132.21,132.52,132.11,132.51,29632.382
2025-12-13T18:15:00+00:00,132.51,132.65,132.31,132.6,12356.722
2025-12-13T18:30:00+00:00,132.6,132.79,132.5,132.72,8402.861
2025-12-13T18:45:00+00:00,132.73,132.73,132.2,132.32,17149.026
2025-12-13T19:00:00+00:00,132.32,132.64,132.3,132.63,11063.243
2025-12-13T19:15:00+00:00,132.62,132.71,132.41,132.44,6590.68
2025-12-13T19:30:00+00:00,132.44,132.95,132.38,132.87,8183.958
2025-12-13T19:45:00+00:00,132.87,132.95,132.71,132.72,6267.774
2025-12-13T20:00:00+00:00,132.73,132.92,132.71,132.82,8149.497
2025-12-13T20:15:00+00:00,132.83,132.98,132.78,132.91,4330.317
2025-12-13T20:30:00+00:00,132.91,132.91,132.6,132.65,5281.073
2025-12-13T20:45:00+00:00,132.65,132.67,132.22,132.29,11482.386
2025-12-13T21:00:00+00:00,132.28,132.36,132.1,132.14,11792.011
2025-12-13T21:15:00+00:00,132.14,132.38,132.14,132.19,11312.394
2025-12-13T21:30:00+00:00,132.19,132.44,131.6,132.32,43997.722
2025-12-13T21:45:00+00:00,132.32,132.73,132.14,132.7,10734.005
2025-12-13T22:00:00+00:00,132.7,132.9,132.2,132.29,18804.662
2025-12-13T22:15:00+00:00,132.29,132.72,132.28,132.53,6897.925
2025-12-13T22:30:00+00:00,132.54,132.92,132.52,132.85,10622.407
2025-12-13T22:45:00+00:00,132.86,133.07,132.57,132.85,22303.38
2025-12-13T23:00:00+00:00,132.85,132.94,132.59,132.91,10084.415
2025-12-13T23:15:00+00:00,132.91,133.07,132.81,132.89,15512.193
2025-12-13T23:30:00+00:00,132.89,133.21,132.89,133.07,15918.721
2025-12-13T23:45:00+00:00,133.06,133.27,133.06,133.14,12187.62
2025-12-14T00:00:00+00:00,133.13,133.14,132.71,133.13,26370.879
2025-12-14T00:15:00+00:00,133.12,133.35,133.04,133.31,23979.2
2025-12-14T00:30:00+00:00,133.31,133.59,133.3,133.53,25657.607
2025-12-14T00:45:00+00:00,133.52,133.66,133.21,133.26,14715.721
2025-12-14T01:00:00+00:00,133.27,133.52,133.18,133.44,5416.445
2025-12-14T01:15:00+00:00,133.44,133.57,133.41,133.54,5450.017
2025-12-14T01:30:00+00:00,133.54,133.54,133.02,133.07,7398.928
2025-12-14T01:45:00+00:00,133.06,133.37,133.01,133.31,4177.482
2025-12-14T02:00:00+00:00,133.3,133.49,133.3,133.37,3359.038
2025-12-14T02:15:00+00:00,133.37,133.54,133.24,133.46,5998.153
2025-12-14T02:30:00+00:00,133.47,133.47,133.09,133.3,8925.899
2025-12-14T02:45:00+00:00,133.3,133.44,133.24,133.35,12859.567
2025-12-14T03:00:00+00:00,133.35,133.47,133.21,133.22,6162.392
2025-12-14T03:15:00+00:00,133.22,133.25,133.01,133.02,6165.028
2025-12-14T03:30:00+00:00,133.01,133.14,132.84,133.13,19702.734
2025-12-14T03:45:00+00:00,133.13,133.14,132.9,132.95,4225.923
2025-12-14T04:00:00+00:00,132.95,133.19,132.93,133.12,4653.373
2025-12-14T04:15:00+00:00,133.13,133.19,132.8,132.85,5146.855
2025-12-14T04:30:00+00:00,132.85,132.85,132.52,132.57,8025.329
2025-12-14T04:45:00+00:00,132.57,132.66,132.42,132.49,16255.284
2025-12-14T05:00:00+00:00,132.49,132.55,132.21,132.31,31000.343
2025-12-14T05:15:00+00:00,132.3,132.34,132.16,132.22,20783.191
2025-12-14T05:30:00+00:00,132.22,132.55,132.08,132.53,15889.804
2025-12-14T05:45:00+00:00,132.53,132.69,132.5,132.66,7986.849
2025-12-14T06:00:00+00:00,132.66,132.7,132.46,132.69,8298.478
2025-12-14T06:15:00+00:00,132.7,133.02,132.61,132.66,10772.216
2025-12-14T06:30:00+00:00,132.66,133.04,132.51,133.02,5952.921
2025-12-14T06:45:00+00:00,133.03,133.03,132.81,132.92,3807.199
2025-12-14T07:00:00+00:00,132.92,133.04,132.83,133.02,5732.688
2025-12-14T07:15:00+00:00,133.01,133.17,132.94,133.0,5326.331
2025-12-14T07:30:00+00:00,133.0,133.06,132.91,132.97,5962.223
2025-12-14T07:45:00+00:00,132.97,133.39,132.96,133.29,11391.988
2025-12-14T08:00:00+00:00,133.28,133.46,133.26,133.44,19304.241
2025-12-14T08:15:00+00:00,133.44,133.5,133.24,133.37,21281.086
2025-12-14T08:30:00+00:00,133.37,133.41,133.0,133.02,22018.245
2025-12-14T08:45:00+00:00,133.02,133.03,132.67,132.69,10850.829
2025-12-14T09:00:00+00:00,132.68,132.8,132.5,132.57,7448.39
2025-12-14T09:15:00+00:00,132.57,132.71,132.47,132.5,6215.254
2025-12-14T09:30:00+00:00,132.49,132.66,132.38,132.4,23281.115
2025-12-14T09:45:00+00:00,132.4,132.54,132.33,132.34,20232.551
2025-12-14T10:00:00+00:00,132.33,132.59,130.98,131.38,108647.898
2025-12-14T10:15:00+00:00,131.39,132.17,131.35,131.6,44428.492
2025-12-14T10:30:00+00:00,131.6,131.88,131.18,131.87,24122.267
2025-12-14T10:45:00+00:00,131.87,131.96,131.69,131.8,22910.628
2025-12-14T11:00:00+00:00,131.8,131.98,131.45,131.73,28837.662
2025-12-14T11:15:00+00:00,131.74,131.87,131.3,131.4,22441.702
2025-12-14T11:30:00+00:00,131.4,131.63,130.42,130.52,46588.826
2025-12-14T11:45:00+00:00,130.53,131.64,130.14,131.47,54548.164
2025-12-14T12:00:00+00:00,131.46,131.63,130.88,131.38,23629.649
2025-12-14T12:15:00+00:00,131.39,131.9,131.37,131.4,26583.232
2025-12-14T12:30:00+00:00,131.4,131.79,131.39,131.66,12378.461
2025-12-14T12:45:00+00:00,131.67,131.85,131.38,131.38,18205.72
2025-12-14T13:00:00+00:00,131.38,131.4,130.94,131.24,17405.326
2025-12-14T13:15:00+00:00,131.24,131.31,131.0,131.25,12305.076
2025-12-14T13:30:00+00:00,131.26,131.43,131.0,131.12,10691.557
2025-12-14T13:45:00+00:00,131.12,131.65,131.05,131.64,11498.874
2025-12-14T14:00:00+00:00,131.64,131.79,131.36,131.36,9246.548
2025-12-14T14:15:00+00:00,131.36,131.62,131.25,131.45,9312.908
2025-12-14T14:30:00+00:00,131.45,131.45,130.62,130.72,23905.297
2025-12-14T14:45:00+00:00,130.72,130.99,130.42,130.9,17106.357
2025-12-14T15:00:00+00:00,130.89,131.06,130.6,130.77,11616.566
2025-12-14T15:15:00+00:00,130.78,130.88,130.33,130.6,17488.644
2025-12-14T15:30:00+00:00,130.59,130.86,130.45,130.75,9594.358
2025-12-14T15:45:00+00:00,130.75,130.85,130.62,130.67,6514.867
2025-12-14T16:00:00+00:00,130.67,130.82,130.5,130.79,8325.651
2025-12-14T16:15:00+00:00,130.8,131.6,130.75,131.37,14889.498
2025-12-14T16:30:00+00:00,131.36,131.52,130.58,130.65,12472.658
2025-12-14T16:45:00+00:00,130.65,131.1,130.61,131.02,20777.16
2025-12-14T17:00:00+00:00,131.02,131.24,129.4,129.9,75227.705
2025-12-14T17:15:00+00:00,129.9,130.25,129.7,129.96,37232.447
2025-12-14T17:30:00+00:00,129.96,130.31,129.58,130.15,26405.042
2025-12-14T17:45:00+00:00,130.14,130.28,129.86,130.04,13131.439
2025-12-14T18:00:00+00:00,130.04,130.5,129.89,130.4,10016.236
2025-12-14T18:15:00+00:00,130.4,130.73,129.97,130.21,14070.017
2025-12-14T18:30:00+00:00,130.2,130.47,130.18,130.3,9770.139
2025-12-14T18:45:00+00:00,130.3,130.7,130.11,130.64,11289.221
2025-12-14T19:00:00+00:00,130.63,130.64,130.05,130.17,8349.899
2025-12-14T19:15:00+00:00,130.18,130.25,130.0,130.21,11438.886
2025-12-14T19:30:00+00:00,130.2,130.38,130.05,130.27,8940.164
2025-12-14T19:45:00+00:00,130.28,130.42,130.14,130.31,9700.162
2025-12-14T20:00:00+00:00,130.3,130.7,129.86,130.64,24767.23
2025-12-14T20:15:00+00:00,130.64,130.71,130.04,130.17,26014.943
2025-12-14T20:30:00+00:00,130.16,130.25,129.98,130.19,10181.476
2025-12-14T20:45:00+00:00,130.19,130.26,129.99,130.04,7735.463
2025-12-14T21:00:00+00:00,130.03,130.03,129.57,129.93,12168.887
2025-12-14T21:15:00+00:00,129.94,130.32,129.93,130.07,10148.112
2025-12-14T21:30:00+00:00,130.06,130.06,129.78,129.86,10467.763
2025-12-14T21:45:00+00:00,129.86,129.99,129.65,129.89,9742.678
2025-12-14T22:00:00+00:00,129.89,130.3,129.89,130.09,11685.973
2025-12-14T22:15:00+00:00,130.09,130.17,129.83,129.98,7911.029
2025-12-14T22:30:00+00:00,129.97,129.98,129.58,129.83,21466.068
2025-12-14T22:45:00+00:00,129.84,130.25,129.68,130.19,10345.975
2025-12-14T23:00:00+00:00,130.19,130.8,129.68,129.96,19244.795
2025-12-14T23:15:00+00:00,129.95,130.12,129.13,129.48,25340.922
2025-12-14T23:30:00+00:00,129.49,129.68,127.98,129.44,142716.927
2025-12-14T23:45:00+00:00,129.45,129.74,129.16,129.4,21449.197
